id,site,job_url,job_url_direct,title,company,location,date_posted,job_type,salary_source,interval,min_amount,max_amount,currency,is_remote,job_level,job_function,listing_type,emails,description,company_industry,company_url,company_logo,company_url_direct,company_addresses,company_num_employees,company_revenue,company_description,skills,experience_range,company_rating,company_reviews_count,vacancy_count,work_from_home_type,date_posted_dt,clean_location
gd-1010283306366,glassdoor,https://www.glassdoor.co.in/job-listing/j?jl=1010283306366,,Product Manager,NURSING NEXT EXAM PREP PRIVATE LIMITED,Noida,2026-10-03,,direct_data,monthly,50000.0,60000.0,INR,False,,,sponsored,,,,,,,,,,,,,,,,,2026-10-03,Noida
nk-040926020444,naukri,https://www.naukri.com/job-listings-product-manager-epam-systems-hyderabad-chennai-bengaluru-14-to-18-years-040926020444,,Product Manager,Epam Systems,"Hyderabad, Chennai, Bengaluru, India",2026-10-03,,,,,,,False,,,,,,,https://www.naukri.com/epam-systems-jobs-careers-6411,https://img.naukimg.com/logo_images/groups/v1/4592441.gif,,,,,,"Telecom Networking, Product Management, Product Vision, Blueprint, Product Roadmap, User Stories, Marketing Analytics, Product Life Cycle",14-18 Yrs,3.7,2302.0,,Work from office,2026-10-03,"Hyderabad, Chennai, Bengaluru, India"
li-4462801108,linkedin,https://www.linkedin.com/jobs/view/4462801108,,Product Lead - AI,Pepper,"Mumbai, Maharashtra, India",2026-10-03,,,,,,,False,,,,,,,https://www.linkedin.com/company/pepperinc,,,,,,,,,,,,,2026-10-03,Mumbai
gd-1010283069526,glassdoor,https://www.glassdoor.co.in/job-listing/j?jl=1010283069526,,"Senior Product Manager, Fraud & Risk",Tala,,2026-10-03,,,,,,,True,,,organic,,,,https://www.glassdoor.co.in/Overview/W-EI_IE1264165.htm,https://media.glassdoor.com/sql/1264165/tala-squareLogo-1641929299051.png,,,,,,,,,,,,2026-10-03,India
nk-040926017932,naukri,https://www.naukri.com/job-listings-product-manager-ai-content-framework-epam-systems-hyderabad-10-to-13-years-040926017932,,Product Manager - AI Content Framework,Epam Systems,"Hyderabad, India",2026-10-03,,,,,,,False,,,,,,,https://www.naukri.com/epam-systems-jobs-careers-6411,https://img.naukimg.com/logo_images/groups/v1/4592441.gif,,,,,,"Product Strategy, Product Management, Use Cases, Artificial Intelligence, Blueprint, Requirement Gathering, Product Roadmap, User Stories",10-13 Yrs,3.7,2302.0,,Work from office,2026-10-03,"Hyderabad, India"
nk-040926022817,naukri,https://www.naukri.com/job-listings-product-manager-ai-epam-systems-hyderabad-chennai-bengaluru-10-to-13-years-040926022817,,Product Manager - AI,Epam Systems,"Hyderabad, Chennai, Bengaluru, India",2026-10-03,,,,,,,False,,,,,,,https://www.naukri.com/epam-systems-jobs-careers-6411,https://img.naukimg.com/logo_images/groups/v1/4592441.gif,,,,,,"Business Process Management, Leadership, Product Management, Demo, Bfsi, Blueprint, Product Roadmap, Management",10-13 Yrs,3.7,2302.0,,Work from office,2026-10-03,"Hyderabad, Chennai, Bengaluru, India"
gd-1010283677505,glassdoor,https://www.glassdoor.co.in/job-listing/j?jl=1010283677505,,Product Manager (AI/ML),Arup,Hyderābād,2026-10-03,,direct_data,yearly,300000.0,660000.0,INR,False,,,organic,,,,https://www.glassdoor.co.in/Overview/W-EI_IE31809.htm,https://media.glassdoor.com/sql/31809/arup-squarelogo-1610531232407.png,,,,,,,,,,,,2026-10-03,Hyderābād
gd-1010283773975,glassdoor,https://www.glassdoor.co.in/job-listing/j?jl=1010283773975,,Senior Product Manager,"NationsBenefits, LLC",Hyderābād,2026-10-03,,direct_data,yearly,364000.0,800000.0,INR,False,,,organic,,,,https://www.glassdoor.co.in/Overview/W-EI_IE1600523.htm,https://media.glassdoor.com/sql/1600523/nationsbenefits-squarelogo-1695200381918.png,,,,,,,,,,,,2026-10-03,Hyderābād
gd-1010283321070,glassdoor,https://www.glassdoor.co.in/job-listing/j?jl=1010283321070,,Senior Product Manager,Wood Mackenzie Asia Pacific Pte Ltd,Gurgaon,2026-10-03,,direct_data,yearly,165000.0,687500.0,INR,False,,,organic,,,,https://www.glassdoor.co.in/Overview/W-EI_IE36813.htm,https://media.glassdoor.com/sql/36813/wood-mackenzie-squareLogo-1716999610863.png,,,,,,,,,,,,2026-10-03,Gurgaon
gd-1010283392407,glassdoor,https://www.glassdoor.co.in/job-listing/j?jl=1010283392407,,Product Manager,Xapads,Noida,2026-10-03,,direct_data,yearly,385000.0,513000.0,INR,False,,,organic,,,,https://www.glassdoor.co.in/Overview/W-EI_IE596079.htm,https://media.glassdoor.com/sql/596079/xapads-media-squarelogo-1461934270361.png,,,,,,,,,,,,2026-10-03,Noida
nk-031026003502,naukri,https://www.naukri.com/job-listings-product-manager-hallmark-engineers-mumbai-all-areas-7-to-10-years-031026003502,,Product Manager,Hallmark Engineers,"Mumbai (All Areas), India",2026-10-03,,direct_data,yearly,720000.0,1020000.0,INR,False,,,,,,,https://www.naukri.com/hallmark-engineers-jobs-careers-125874200,https://img.naukimg.com/logo_images/groups/v1/4716209.gif,,,,,,"Product Strategy, Product Management, Digital Product, Product Planning, Product Life Cycle Management, English, Product Innovation, Hindi",7-10 Yrs,5.0,2.0,,Work from office,2026-10-03,"Mumbai (All Areas), India"
li-4462790198,linkedin,https://www.linkedin.com/jobs/view/4462790198,,Senior Product Manager (AI),Pepper,"Mumbai, Maharashtra, India",2026-10-03,,,,,,,False,,,,,,,https://www.linkedin.com/company/pepperinc,,,,,,,,,,,,,2026-10-03,Mumbai
li-4428032508,linkedin,https://www.linkedin.com/jobs/view/4428032508,,Lead Technical Product Manager - (IIT/IIM Preferred) - Product Management,Wolters Kluwer,Pune/Pimpri-Chinchwad Area,2026-10-02,,,,,,,False,,,,,,,https://nl.linkedin.com/company/wolters-kluwer,,,,,,,,,,,,,2026-10-02,Pune/Pimpri-Chinchwad Area
gd-1010281830376,glassdoor,https://www.glassdoor.co.in/job-listing/j?jl=1010281830376,,Lead Digital Product Manager - CIAM,Wells Fargo,Bengaluru,2026-10-02,,direct_data,yearly,970000.0,1000000.0,INR,False,,,organic,,,,https://www.glassdoor.co.in/Overview/W-EI_IE8876.htm,https://media.glassdoor.com/sql/8876/wells-fargo-squareLogo-1783696136572.png,,,,,,,,,,,,2026-10-02,Bengaluru
li-4473382417,linkedin,https://www.linkedin.com/jobs/view/4473382417,,"Product Manager II, Google Workspace",Google,"Bengaluru, Karnataka, India",2026-10-02,,,,,,,False,,,,,,,https://www.linkedin.com/company/google,,,,,,,,,,,,,2026-10-02,Bengaluru
gd-1010281940147,glassdoor,https://www.glassdoor.co.in/job-listing/j?jl=1010281940147,,Senior Product Manager,Kwalee,Bengaluru,2026-10-02,,direct_data,yearly,325000.0,720000.0,INR,False,,,organic,,,,https://www.glassdoor.co.in/Overview/W-EI_IE1012996.htm,https://media.glassdoor.com/sql/1012996/kwalee-squarelogo-1478171092406.png,,,,,,,,,,,,2026-10-02,Bengaluru
in-12e26cd96ef8e5e9,indeed,https://in.indeed.com/viewjob?jk=12e26cd96ef8e5e9,https://jobs.lever.co/tala/55173848-5c20-4cea-a320-7248d51796bc?lever-source=Indeed,"Senior Product Manager, Fraud & Risk",Tala,"Remote, IN",2026-10-02,fulltime,,,,,,True,,,,,"**About Tala**

Tala is the AI-native credit infrastructure that connects global capital to the global majority. We combine proprietary risk intelligence with an expanding network of capital and distribution partners to power credit access at scale. To date, Tala has distributed more than $9 billion in capital to more than 14 million customers across Africa, Latin America, and Asia, building the definitive contextual dataset on thin-file borrowers in emerging markets. Tala is now converting that foundation into shared infrastructure that partners, capital providers, and ecosystems can build on.
  
  
The company has been named to the Fortune Impact 20 list, CNBC’s World’s Top Fintech Companies twice, CNBC Disruptor 50 for five years, and Forbes’ Fintech 50 list for ten years running.

Given the global nature of our team, we operate on a remote-first approach with office hubs in Santa Monica, CA (HQ); Nairobi, Kenya; Mexico City, Mexico; Manila, the Philippines; and Bangalore, India.

Most Talazens join us because they connect with our mission. If you are energized by the impact you can make at Tala, we’d love to hear from you!

### **The Role**

Tala is on a mission to unleash the economic power of the global majority. We’re building financial services that give people greater access, control, and agency over their financial lives.

As Tala continues to scale, protecting our customers while creating a seamless experience is more important than ever. We’re looking for aSenior Product Manager, Fraud & Authentication to lead the strategy and execution of the systems that keep our customers and platform safe.

As the Senior Product Manager, Fraud & Authentication, you’ll own Tala’s product strategy for fraud prevention, customer authentication, and identity-related experiences across the customer journey.

You’ll tackle complex problems at the intersection of fraud, risk, machine learning, data, engineering, and customer experience.

Your goal will be to help Tala identify and prevent fraudulent activity while minimizing unnecessary friction for legitimate customers.

You’ll work closely with Engineering, Data Science, Analytics, Lending, Finance, Customer Care, Marketing, Legal, and other global teams to turn complex fraud patterns and ambiguous problems into scalable products and systems.

This is a highly cross-functional role for someone who enjoys solving difficult problems with data, moving quickly, and building products that have a measurable impact on both customers and the business.

### **What You'll Do**

### **Own Fraud & Authentication Product Strategy**

* Define and own Tala’s multi-year product strategy and roadmap for fraud prevention, customer authentication, identity, and related risk capabilities.
* Identify opportunities to improve fraud prevention across signup, login, account management, and other high-risk customer actions.
* Balance fraud prevention with customer experience by reducing fraud losses and false positives while minimizing unnecessary friction.
* Translate complex fraud patterns, emerging attack vectors, and business needs into clear product strategies and priorities.

### **Build Data-Driven Fraud Products**

* Partner closely with Data Science and Analytics to define model objectives, evaluate model and feature performance, and identify opportunities to improve detection.
* Help determine appropriate fraud decision thresholds and rules based on data and business objectives.
* Establish and monitor key metrics such as fraud loss rates, detection accuracy, false-positive rates, customer conversion, and authentication success.
* Identify data gaps and work with technical teams to improve the data and infrastructure needed to make effective fraud decisions.
* Collaborate on fraud detection models, rules, feature infrastructure, and decisioning systems.

### **Lead Product Execution**

* Translate ambiguous fraud and authentication problems into clear product requirements that Engineering teams can execute against.
* Lead a cross-functional team of engineers and partners to deliver the roadmap.
* Prioritize initiatives based on customer impact, fraud exposure, business value, technical complexity, and data.
* Partner with Engineering to understand Tala’s fraud and authentication infrastructure and identify opportunities to improve scalability and reliability.
* Drive initiatives from strategy and discovery through launch, measurement, and iteration.

### **Manage Fraud & Risk Events**

* Partner with Data Science, Analytics, Engineering, and Operations to investigate fraud incidents and emerging fraud patterns.
* Turn lessons from fraud events into proactive product and system improvements.
* Develop approaches that allow Tala to respond quickly as fraud patterns and attack vectors evolve.

### **Collaborate Across Tala**

* Build strong partnerships across Product, Engineering, Data Science, Analytics, Lending, Finance, Customer Care, Marketing, and Legal.
* Communicate complex fraud and risk concepts clearly to both technical and non-technical stakeholders.
* Manage relationships with external vendors and technology partners supporting fraud, authentication, identity, or risk capabilities.
* Create alignment across distributed global teams and drive decisions in an environment where information may be incomplete or ambiguous.

### **What You'll Need**

* 5+ years of Product Management experience, with experience owning complex technical products or platforms.
* Proven experience building or managing products related to fraud, risk, authentication, identity, KYC, account security, payments, lending, or financial crime.
* Experience partnering closely with Engineering and Data Science to build fraud detection, risk decisioning, authentication, or identity solutions.
* Experience using data and metrics to make product decisions and measure outcomes.
* Experience managing fraud incidents, emerging fraud patterns, or other high-impact risk events.
* Ability to translate complex and ambiguous problems into clear product requirements and actionable roadmaps.
* Experience managing external vendors or technology partners.
* Strong cross-functional leadership and communication skills.
* Comfort operating in a fast-paced, distributed, and highly collaborative environment.

Our vision is to build a new financial ecosystem where everyone can participate on equal footing and access the tools they need to be financially healthy. We strongly believe that inclusion fosters innovation and we’re proud to have a diverse global team that represents a multitude of backgrounds, cultures, and experience. We hire talented people regardless of race, religion, color, national origin, gender, gender expression, sexual orientation, age, marital status, veteran status, or disability status.

We may use artificial intelligence (AI) tools to support parts of the hiring process, such as reviewing applications, analyzing resumes, or assessing responses and identifying potential inconsistencies or verification signals in application materials based on available information. These tools assist our recruitment team but do not replace human judgment. Final hiring decisions are ultimately made by humans. If you would like more information about how your data is processed, please contact us.",,https://in.indeed.com/cmp/Tala-4,https://d2q79iu7y748jz.cloudfront.net/s/_squarelogo/256x256/947971e14c0164044dc39b4be0649133,https://tala.co/,,,,Tala is the leading mobile technology and data science company committed to financial inclusion globally.,,,,,,,2026-10-02,"Remote, IN"
gd-1010281484379,glassdoor,https://www.glassdoor.co.in/job-listing/j?jl=1010281484379,,"Sr. Technical Product Manager, Trust CX Innovations",ADCI - BLR 14 SEZ,Bengaluru,2026-10-02,,direct_data,yearly,248000.0,667038.0,INR,False,,,organic,,,,https://www.glassdoor.co.in/Overview/W-EI_IE6036.htm,https://media.glassdoor.com/sql/6036/amazon-squarelogo-1552847650117.png,,,,,,,,,,,,2026-10-02,Bengaluru
gd-1010282257281,glassdoor,https://www.glassdoor.co.in/job-listing/j?jl=1010282257281,,Lead Digital Product Manager –Web and Mobile Banking,Wells Fargo,Bengaluru,2026-10-02,,direct_data,yearly,970000.0,1000000.0,INR,False,,,organic,,,,https://www.glassdoor.co.in/Overview/W-EI_IE8876.htm,https://media.glassdoor.com/sql/8876/wells-fargo-squareLogo-1783696136572.png,,,,,,,,,,,,2026-10-02,Bengaluru
gd-1010282116263,glassdoor,https://www.glassdoor.co.in/job-listing/j?jl=1010282116263,,Senior Product Manager,Wells Fargo,Bengaluru,2026-10-02,,direct_data,yearly,970000.0,1000000.0,INR,False,,,organic,,,,https://www.glassdoor.co.in/Overview/W-EI_IE8876.htm,https://media.glassdoor.com/sql/8876/wells-fargo-squareLogo-1783696136572.png,,,,,,,,,,,,2026-10-02,Bengaluru
gd-1010282116399,glassdoor,https://www.glassdoor.co.in/job-listing/j?jl=1010282116399,,Senior Lead Digital Product Manager – Access & Entitlements Platform,Wells Fargo,Bengaluru,2026-10-02,,direct_data,yearly,970000.0,1000000.0,INR,False,,,organic,,,,https://www.glassdoor.co.in/Overview/W-EI_IE8876.htm,https://media.glassdoor.com/sql/8876/wells-fargo-squareLogo-1783696136572.png,,,,,,,,,,,,2026-10-02,Bengaluru
gd-1010281842842,glassdoor,https://www.glassdoor.co.in/job-listing/j?jl=1010281842842,,Senior Product Manager - Core Data & Decision Intelligence,Target,Bengaluru,2026-10-02,,,,,,,False,,,organic,,,,https://www.glassdoor.co.in/Overview/W-EI_IE194.htm,https://media.glassdoor.com/sql/194/target-squareLogo-1768271776813.png,,,,,,,,,,,,2026-10-02,Bengaluru
gd-1010281741202,glassdoor,https://www.glassdoor.co.in/job-listing/j?jl=1010281741202,,"Sr. Product Manager, Digital Services AI",eBay Inc.,Bengaluru,2026-10-02,,direct_data,yearly,450000.0,600000.0,INR,False,,,organic,,,,https://www.glassdoor.co.in/Overview/W-EI_IE7853.htm,https://media.glassdoor.com/sql/7853/ebay-squareLogo-1634568971326.png,,,,,,,,,,,,2026-10-02,Bengaluru
gd-1010281534912,glassdoor,https://www.glassdoor.co.in/job-listing/j?jl=1010281534912,,Principal Technical Product Manager - Commerce (Billing & Monetization),Atlassian,Bengaluru,2026-10-02,,direct_data,yearly,216000.0,576000.0,INR,False,,,organic,,,,https://www.glassdoor.co.in/Overview/W-EI_IE115699.htm,https://media.glassdoor.com/sql/115699/atlassian-squarelogo-1505156989127.png,,,,,,,,,,,,2026-10-02,Bengaluru
li-4464506526,linkedin,https://www.linkedin.com/jobs/view/4464506526,,Staff AI Product Manager,Teradata,"Hyderabad, Telangana, India",2026-10-02,,,,,,,False,,,,,,,https://www.linkedin.com/company/teradata,,,,,,,,,,,,,2026-10-02,Hyderabad
li-4439880540,linkedin,https://www.linkedin.com/jobs/view/4439880540,,"Sr, Product Manager II - Gantt View (Hybrid, Bangalore)",Smartsheet,"Bengaluru East, Karnataka, India",2026-10-02,,,,,,,False,,,,,,,https://www.linkedin.com/company/smartsheet-com,,,,,,,,,,,,,2026-10-02,Bengaluru East
gd-1010282144548,glassdoor,https://www.glassdoor.co.in/job-listing/j?jl=1010282144548,,"Technical Product Manager - ETL, Data Reporting, SQL",JPMorganChase,Mumbai,2026-10-02,,direct_data,yearly,216000.0,693000.0,INR,False,,,organic,,,,https://www.glassdoor.co.in/Overview/W-EI_IE5224839.htm,https://media.glassdoor.com/sql/5224839/jpmorgan-chase-and-co-squareLogo-1724869012253.png,,,,,,,,,,,,2026-10-02,Mumbai
in-aa9c033f6f576123,indeed,https://in.indeed.com/viewjob?jk=aa9c033f6f576123,https://jobs.arup.com/jobs/product-manager-ai-ml-35188,Product Manager (AI/ML),Arup,"TS, IN",2026-10-02,,,,,,,False,,,,,"Product Management

UKIMEA Region



HYD00003A Requisition #

**Joining Arup**

Arup is an UK-headquartered independent firm with 92 offices in 34 countries and 18,000+ staff across the globe. Dedicated to sustainable development, Arup is a collective of engineers, designers, consultants, and experts worldwide. Founded to be humane and excellent, we collaborate with our clients and partners using imagination, technology, and rigour to shape a better world.

Working for Arup India, offers the chance to work on exciting projects with a truly collaborative team including top experts in their field who are approachable and always happy to help. It's an exciting time to be a part our growth in India.

**The Opportunity**

Arup Digital Products (ADP) are seeking a Product Manager to lead the strategy, development and delivery of AI and Machine Learning capabilities across Arup’s engineering simulation software portfolio. This role will focus on identifying, scoping and delivering high-value AI/ML features that enhance engineering productivity, accelerate simulation workflows and unlock new insights from simulation data.

This is an opportunity to own the product vision and roadmap for AI/ML functionality end to end, working at the intersection of data science, simulation engineering and software product development. You will collaborate with product, engineering and data science teams in India and the UK, as well as customers worldwide, to embed practical AI/ML capabilities into established CAE workflows used by automotive and aerospace customers.

At Arup, you belong to an extraordinary collective – in which we encourage individuality to thrive. Our strength comes from how we respect, share and connect our diverse experiences, perspectives and ideas.

You will have the opportunity do socially useful work that has meaning – to Arup, to your career, to our members and to the clients and communities we serve.

  

**Is this role right for you?**

We are looking for:

* Demonstrable experience owning and delivering software products across the full product lifecycle, including discovery, delivery and launch.
* Experience working with AI/ML technologies in a product context, with a strong conceptual understanding of techniques, data requirements, evaluation, validation and practical deployment considerations.
* The ability to translate complex technical and CAE workflow requirements into clear user stories, acceptance criteria and value-led product narratives.
* Hands-on experience with agile development methodologies, cross-functional delivery teams and evidence-based prioritisation.
* Strong communication and stakeholder management skills, with the ability to influence technical and non-technical audiences, senior stakeholders and international customers.
  

**Reward and Benefits**

We offer a competitive salary at all levels, and one of the best benefits packages in our sector. Core benefits include Provident Fund contribution, NPS option, Mediclaim cover (incl. family), Term Life and Accident Insurance, Employee Assistance Prog. scheme for the family to safeguard your physical and mental wellbeing. In addition, all permanent employees are eligible for the Global Profit Share scheme. Subject to scheme rules employees can receive two Profit Share payments per year, which are dependent on the firm’s financial performance.

  

**Different people, shared values**

At Arup, we believe when talented people collaborate, great things are possible. Arup hires people with proven skills and open minds. We are taking deliberate action to create an inclusive culture that is grounded in our purpose to shape a better world.

At Arup, we welcome candidates from all backgrounds, regardless of age, disability, gender, gender identity, gender expression, race, religion or belief, sexual orientation, socioeconomic background, and any other protected characteristic. Our internal employee networks - BAME, Culture, Disability, LGBTQ+ and Women - provide a space for you to express your views and to make a positive difference - discover more about life at Arup here.

At Arup, we are committed to making all stages of our recruitment process accessible to candidates with disabilities. Please speak to our recruitment team and we will work with you to make reasonable adjustments to ensure you can perform at your best throughout your application.

At Arup, we appreciate that everyone’s circumstances are different and having the freedom to flex the way we work is essential to our wellbeing. If flexibility matters to you let us know when you apply, and we will discuss how this could work in your role.

**What happens next?**

If this could be the next step in your journey, please apply online. All applications will be considered, and we will try our very best to respond to you within 72 hours of receiving your application.

Stay safe online - Arup will never ask for payment or your bank details as part of our recruitment process.

#LI-DNI",,https://in.indeed.com/cmp/Arup,https://d2q79iu7y748jz.cloudfront.net/s/_squarelogo/256x256/59e61d587273d1a5b0e415ae622a7053,https://www.arup.com,"London, England","10,000+",$100M to $500M (USD),"Engineering, planning, designing, and consulting on many of the most renowned projects in the built environment.",,,,,,,2026-10-02,"TS, IN"
li-4474715580,linkedin,https://www.linkedin.com/jobs/view/4474715580,,Digital Product Manager (AI),Amgen,"Hyderabad, Telangana, India",2026-10-02,,,,,,,False,,,,,,,https://www.linkedin.com/company/amgen,,,,,,,,,,,,,2026-10-02,Hyderabad
li-4444169820,linkedin,https://www.linkedin.com/jobs/view/4444169820,,Senior Product Manager,Publicis Sapient,"Chennai, Tamil Nadu, India",2026-10-02,,,,,,,False,,,,,,,https://www.linkedin.com/company/publicissapient,,,,,,,,,,,,,2026-10-02,Chennai
li-4473375869,linkedin,https://www.linkedin.com/jobs/view/4473375869,,Senior Product Manager,HighRadius,"Hyderabad, Telangana, India",2026-10-02,,,,,,,False,,,,,,,https://www.linkedin.com/company/highradius,,,,,,,,,,,,,2026-10-02,Hyderabad
li-4473112153,linkedin,https://www.linkedin.com/jobs/view/4473112153,,R-256479- Digital Product Manager (AI),Bioksha,"Hyderabad, Telangana, India",2026-10-02,,,,,,,False,,,,,,,https://www.linkedin.com/company/bioksha,,,,,,,,,,,,,2026-10-02,Hyderabad
nk-021026012037,naukri,https://www.naukri.com/job-listings-senior-product-manager-platform-vzy-noida-7-to-9-years-021026012037,,Senior Product Manager - Platform,dishtv,"Noida, India",2026-10-02,,,,,,,False,,,,,,,https://www.naukri.com/dishtv-jobs-careers-435725,https://img.naukimg.com/logo_images/groups/v1/251854.gif,,,,,,"API Integration, Product Design, Product Roadmap, Product Strategy, Product Management, Product Life Cycle Management, Product Planning, Product Life Cycle",7-9 Yrs,3.4,1206.0,,Work from office,2026-10-02,"Noida, India"
in-9755a53dd1deeb70,indeed,https://in.indeed.com/viewjob?jk=9755a53dd1deeb70,https://careers.google.com/jobs/results/86178789968487110-product-manager-ii/,"Product Manager II, Google Workspace",Google,"KA, IN",2026-10-02,fulltime,direct_data,yearly,163000.0,236000.0,INR,False,,,,,"In accordance with Washington state law, we are highlighting our comprehensive benefits package, which is available to all eligible US based employees. Benefits for this role include:  

* Health, dental, vision, life, disability insurance
* Retirement Benefits: 401(k) with company match
* Paid Time Off: 20 days of vacation per year, accruing at a rate of 6.15 hours per pay period for the first five years of employment
* Sick Time: 40 hours/year (increased to 69 hours/year for Seattle) including 5 discretionary sick days per instance
* Maternity Leave (Short-Term Disability + Baby Bonding): 28-30 weeks
* Baby Bonding Leave: 18 weeks
* Holidays: 13 paid days per year

  
Note: By applying to this position you will have an opportunity to share your preferred working location from the following: **New York, NY, USA; Sunnyvale, CA, USA; Kirkland, WA, USA; Bengaluru, Karnataka, India**.

### **Minimum qualifications:**

* Bachelor's degree or equivalent practical experience.
* 5 years of experience in product management or related technical role.
* 2 years of experience taking technical products from conception to launch (e.g., ideation to execution, end-to-end, 0 to 1, etc).
* Experience driving product direction, go-to-market strategy, and design with data-driven decisions.

  

### **Preferred qualifications:**

* Master’s degree or PhD in a technology or business related field.
* Experience launching successful app products in the market.
* Experience with complex product/outbound customer work, and developing products with an understanding of current cloud technologies and services.
* Knowledge of market, landscape, and customer/user requirements in-depth.
* Ability to collaborate, solve ambiguous problems, and think innovatively.
* Excellent communication, technical, and organizational skills.

**About the job**
-----------------

At Google, we put our users first. The world is always changing, so we need Product Managers who are continuously adapting and excited to work on products that affect millions of people every day.
  
  
In this role, you will work cross-functionally to guide products from conception to launch by connecting the technical and business worlds. You can break down complex problems into steps that drive product development.  
  
One of the many reasons Google consistently brings innovative, world-changing products to market is because of the collaborative work we do in Product Management. Our team works closely with creative engineers, designers, marketers, etc. to help design and develop technologies that improve access to the world's information. We're responsible for guiding products throughout the execution cycle, focusing specifically on analyzing, positioning, packaging, promoting, and tailoring our solutions to our users.

  

The mission of the Google Workspace team is to deliver flexible, innovative solutions for people and organizations to achieve more. As a Product Manager, you will drive product strategy and set product priorities. You will partner closely with Engineering and cross-functional teams to define and deliver on cloud services.

AI will change the future of work in profound ways, and our products— Gmail, Docs, Drive, Calendar, Sheets, Vids and Meet are at the forefront. From pre-computed summaries for email threads, summaries for meetings, and videos created from a document using lifelike AI avatars, our AI opportunity is huge. Our mission is to meaningfully connect people so they can create, build, and grow together and as part of the team you can build how productivity tools should work 5-10 years into the future. You will work with model builders (Google DeepMind), work with exceptional leaders, and have the ability to impact billions of users across the world.

Individual pay is determined by factors including job-related skills, experience, and relevant education or training.
  
  
US: $163000 - $236000 (USD) + 15% bonus target + equity + benefits  
  
Learn more about benefits at Google.

**Responsibilities**
--------------------

* Define the product direction and strategy for product areas within Google Workspace.
* Design and lead the product roadmap by managing goals and investments to scale globally.
* Engage with customers to understand their strategies, end-to-end business processes, pain points, and priorities to inform product strategy and provide transparency into roadmaps/managing expectations.
* Partner closely with Engineering, UX, and other internal Google teams to drive product and delivery success. Analyze landscape and industry trends to advance our products and drive innovation.
* Foster and facilitate timely decision-making across a broad network of stakeholders, delivery partners, and operational teams. Attract, develop, and retain an excellent team of product managers.

Google is proud to be an equal opportunity workplace and is an affirmative action employer. We are committed to equal employment opportunity regardless of race, color, ancestry, religion, sex, national origin, sexual orientation, age, citizenship, marital status, disability, gender identity or Veteran status. We also consider qualified applicants regardless of criminal histories, consistent with legal requirements. See also Google's EEO Policy and EEO is the Law. If you have a disability or special need that requires accommodation, please let us know by completing our Accommodations for Applicants form.",,https://in.indeed.com/cmp/Google,https://d2q79iu7y748jz.cloudfront.net/s/_squarelogo/256x256/d778456838f54580d43f7dd78b3b0d9c,http://goo.gle/3ygdkgv,"Mountain View, CA","10,000+",more than $10B (USD),Our mission is to organize the world’s information and make it universally accessible and useful. ,,,,,,,2026-10-02,"KA, IN"
li-4464879109,linkedin,https://www.linkedin.com/jobs/view/4464879109,,Senior Product Manager - Exposure Management,Arctic Wolf,"Bengaluru, Karnataka, India",2026-10-02,,,,,,,False,,,,,,,https://www.linkedin.com/company/arcticwolf,,,,,,,,,,,,,2026-10-02,Bengaluru
li-4474732652,linkedin,https://www.linkedin.com/jobs/view/4474732652,,Senior Product Manager,NationsBenefits,"Hyderabad, Telangana, India",2026-10-02,,,,,,,False,,,,,,,https://www.linkedin.com/company/nationsbenefits,,,,,,,,,,,,,2026-10-02,Hyderabad
li-4472585580,linkedin,https://www.linkedin.com/jobs/view/4472585580,,Senior Product Manager,Kwalee,"Bengaluru, Karnataka, India",2026-10-02,,,,,,,False,,,,,,,https://uk.linkedin.com/company/kwalee,,,,,,,,,,,,,2026-10-02,Bengaluru
li-4474725079,linkedin,https://www.linkedin.com/jobs/view/4474725079,,Senior Digital Product Manager (AI),Amgen,"Hyderabad, Telangana, India",2026-10-02,,,,,,,False,,,,,,,https://www.linkedin.com/company/amgen,,,,,,,,,,,,,2026-10-02,Hyderabad
li-4464530327,linkedin,https://www.linkedin.com/jobs/view/4464530327,,Product Manager-Retail FX/Remittances,IDFC FIRST Bank,"Mumbai, Maharashtra, India",2026-10-02,,,,,,,False,,,,,,,https://in.linkedin.com/company/idfcfirstbank,,,,,,,,,,,,,2026-10-02,Mumbai
li-4427051612,linkedin,https://www.linkedin.com/jobs/view/4427051612,,Product Manager - Product Management (Analytics & Visualization),D. E. Shaw India Private Limited,"Gurugram, Haryana, India",2026-10-02,,,,,,,False,,,,,,,https://in.linkedin.com/company/d.-e.-shaw-india-private-limited,,,,,,,,,,,,,2026-10-02,Gurugram
gd-1010281484455,glassdoor,https://www.glassdoor.co.in/job-listing/j?jl=1010281484455,,Associate Product Manager,Hawk Ecommerce,Gurgaon,2026-10-02,,direct_data,yearly,60000.0,90000.0,INR,False,,,organic,,,,,,,,,,,,,,,,,2026-10-02,Gurgaon
li-4473383071,linkedin,https://www.linkedin.com/jobs/view/4473383071,,Technical Product Manager,TransUnion,"Hyderabad, Telangana, India",2026-10-02,,,,,,,False,,,,,,,https://www.linkedin.com/company/transunion,,,,,,,,,,,,,2026-10-02,Hyderabad
in-14d210470f233632,indeed,https://in.indeed.com/viewjob?jk=14d210470f233632,https://woodmac.wd3.myworkdayjobs.com/woodmaccareers/job/Houston-US/Senior-Product-Manager_JR3264,Senior Product Manager,Wood Mackenzie,"HR, IN",2026-10-02,fulltime,,,,,,False,,,,,"Wood Mackenzie is the global leader in analytics, insights and proprietary data across the entire energy and natural resources landscape.

For over 50 years our work has guided the decisions of the world’s most influential energy producers, utilities companies, financial institutions and governments.

Now, with the world’s energy system more complex and interconnected than ever before, sector-specific views are no longer enough. That’s why we’ve redefined what’s possible with Intelligence Connected.

By fusing our unparalleled proprietary data with the sharpest analytical minds, all supercharged by Synoptic AI, we deliver a clear, interconnected view of the entire value chain. Our trusted team of 2,700 experts across 30 countries breaks siloes and connects industries, markets and regions across the globe.

This empowers our customers to identify risk sooner, spot opportunities faster and recalibrate strategy with confidence – whether planning days, weeks, months or decades ahead.

Wood Mackenzie  
Intelligence Connected

**WoodMac.com**

**Wood Mackenzie Brand Video**

**Wood Mackenzie Values**

* Inclusive – we succeed together
* Trusting – we choose to trust each other
* Customer committed – we put customers at the heart of our decisions
* Future Focused – we accelerate change
* Curious – we turn knowledge into action

**Job Description**

To support the development of our Lens data analytics platform, we are looking for a dynamic Senior Product Manager to be an integral part of our Commodities Product team covering Gas & LNG, Oils & Chemicals and Metals & Mining.

*Knowledge & experience*

* Experienced Product Manager, or Analyst looking to expand their role into the Product Management space
* Experience with the product development cycle including agile software development (Scrum/Kanban), design process, and instrumenting analytics.
* Basic industry knowledge and strong interest on one or multiple sectors covered in our portfolio (Gas & LNG, Oils & Chemicals, Metals & Mining), understanding of the major players, market conditions, and industry standards. Intellectual curiosity for industry is a must.
* Experience working on data migrations projects, and using AI in product development is a strong plus.
* Good oral and written communication skills
* Key tools that we use are JIRA, Productboard and Amplitude. Our tech stack is mainly on AWS and Snowflake.

*Impact on the team*

* Act as the day-to-day point person for the cross-functional team, providing a seamless bridge between Research Analysts, Data teams, UX, and Engineering to identify solutions that work within a set of defined constraints and align to the broader business strategy and achieve customer-focused results.
* Align understanding by defining user requirements with clear acceptance criteria across multiple features
* Assist in documentation and testing of given solutions to ensure fit for customers
* Collaborate with the Senior Product Manager to help communicate product value and priorities to internal teams, including sales and marketing
Foster healthy culture, support and collaboration for a distributed team  

*Stakeholder & client relationships*

* Translate requirements from customers and defining the product functionality according to wider customer needs
* Inform senior stakeholders on progress and raise risks to the appropriate level
* Engage frequently with users to gather feedback from relevant customers and internal stakeholders.
* Collaborate with Marketing and Sales to enable go-to-market effort

**Equal Opportunities**

We are an equal opportunities employer. This means we are committed to recruiting the best people regardless of their race, colour, religion, age, sex (including pregnancy, sexual orientation, and gender identity), national origin, disability or protected veteran status. You can find out more about your rights under the law at www.eeoc.gov",,https://in.indeed.com/cmp/Wood-Mackenzie,https://d2q79iu7y748jz.cloudfront.net/s/_squarelogo/256x256/a1b9fb104d37cf97d3cec5def764377d,http://www.woodmac.com,,"1,001 to 5,000",$500M to $1B (USD),"Wood Mackenzie is the global data and analytics business for the renewables, energy, and natural resources industries. Enhanced by technology. Enriched by human intelligence.",,,,,,,2026-10-02,"HR, IN"
in-3745924d7db32932,indeed,https://in.indeed.com/viewjob?jk=3745924d7db32932,http://in.indeed.com/job/product-manager-3745924d7db32932,Product Manager,Nursing Next Exam Prep Private Limited,"UP, IN",2026-10-02,fulltime,direct_data,monthly,50000.0,60000.0,INR,False,,,,,"***Product Manager -JD***

***You have to take care of the following roles and responsibilities:***

***Strategic Planning:***

*1. You are required to handle the complete end to end MACRO to MICRO management of UG operations in one ownership, including all coordination and execution across scientific, technical and marketing aspects while taking full responsibility and ensuring seamless coordination with all departments.*

*2. Prepare and execute the Academic Operational Plan for UG All in One with the support of UG Head and Batch Mentors.*

*3. Ensure timely execution of the plan, including recordings, content development, quality checks, and other related tasks.*

*4. The marketing strategies execution and promotional tools creation will also come under your portfolio.*

***Content Management:***

*1. Oversee the development and uploading of content under all UG Plans, ensuring sequence, topic, and sub-topic are in sync.*

*2. Conduct checks on uploaded content to identify discrepancies and instruct Batch Mentors to resolve issues.*

***Quality Assurance:***

*1. Perform daily quality checks on content uploaded under UG Plans, including tests, videos, notes, and study materials. (Pre & Post)*

*2. Provide feedback on scientific content, along with corrective measures and guidance to improve team skills.*

***Social Media and Scientific Content Marketing:***

*1. Develop and execute a social media scientific content marketing plan to promote UG All in One.*

*2. Ensure quality checks on YouTube scientific content and other social media platforms & Official websites.*

*3. You have to participate in multiple CMEs, conferences & exhibitions at Nursing Colleges with the marketing team and give product presentation for UG All in ONE.*

***Stakeholder Management:***

*Coordinate with RM (Ms Amandeep) to discuss challenges and queries related to scientific content and provide guidance.*

***Monitoring and Evaluation:***

*1. Keep track of Margdarshan by Margdarshak and ensure its effectiveness.*

*2. Monitor the overall performance of UG All in One and identify areas for improvement.*

*3. On daily basis you need to review NNL ONE APP (android and IOS version) and making sure that updated content is uploaded in app.*

***Orientation and Support:***

*1. Being a part of orientation sessions and doubt sessions for UG subscribers.*

*2. Provide support and guidance to Batch Mentors and other team members to ensure smooth execution of the plan.*

*3. Time to time you also need to talk to students’ ambassadors.*

*4. In future you will get other assignments related to central marketing department also from the director which you have to do along with the UG responsibilities.*

Pay: ₹50,000.00 - ₹60,000.00 per month

Benefits:

* Health insurance
* Paid sick time
* Provident Fund

Work Location: In person",,https://in.indeed.com/cmp/Nursing-Next-Exam-Prep-Private-Limited,,,,,,,,,,,,,2026-10-02,"UP, IN"
li-4474598752,linkedin,https://www.linkedin.com/jobs/view/4474598752,,Lead Product Manager - Experience,CarDekho Group,"Gurugram, Haryana, India",2026-10-02,,,,,,,False,,,,,,,https://in.linkedin.com/company/cardekhogroup,,,,,,,,,,,,,2026-10-02,Gurugram
li-4444183414,linkedin,https://www.linkedin.com/jobs/view/4444183414,,Senior Product Manager,Publicis Sapient,"Gurgaon, Haryana, India",2026-10-02,,,,,,,False,,,,,,,https://www.linkedin.com/company/publicissapient,,,,,,,,,,,,,2026-10-02,Gurgaon
li-4474708777,linkedin,https://www.linkedin.com/jobs/view/4474708777,,"Technical Product Manager - ETL, Data Reporting, SQL",JPMorganChase,"Mumbai, Maharashtra, India",2026-10-02,,,,,,,False,,,,,,,https://www.linkedin.com/company/jpmorganchase,,,,,,,,,,,,,2026-10-02,Mumbai
gd-1010281887414,glassdoor,https://www.glassdoor.co.in/job-listing/j?jl=1010281887414,,Lead Product Manager,Providence Global Center,Hyderābād,2026-10-02,,direct_data,yearly,364000.0,800000.0,INR,False,,,organic,,,,https://www.glassdoor.co.in/Overview/W-EI_IE4651.htm,https://media.glassdoor.com/sql/4651/providence-squareLogo-1623098930582.png,,,,,,,,,,,,2026-10-02,Hyderābād
gd-1010281824243,glassdoor,https://www.glassdoor.co.in/job-listing/j?jl=1010281824243,,Lead Product Manager,"Ensemble Health Partners India, Pvt Ltd",Hyderābād,2026-10-02,,direct_data,yearly,364000.0,800000.0,INR,False,,,organic,,,,https://www.glassdoor.co.in/Overview/W-EI_IE1614642.htm,https://media.glassdoor.com/sql/1614642/ensemble-health-partners-squareLogo-1663032646777.png,,,,,,,,,,,,2026-10-02,Hyderābād
gd-1010282056007,glassdoor,https://www.glassdoor.co.in/job-listing/j?jl=1010282056007,,Associate Product Manager/Product Manager (Reference Standards),The U.S. Pharmacopeia (USP),Hyderābād,2026-10-02,,direct_data,yearly,362500.0,792500.0,INR,False,,,organic,,,,https://www.glassdoor.co.in/Overview/W-EI_IE305751.htm,https://media.glassdoor.com/sql/305751/the-united-states-pharmacopeia-squarelogo-1506359498499.png,,,,,,,,,,,,2026-10-02,Hyderābād
li-4473159169,linkedin,https://www.linkedin.com/jobs/view/4473159169,,Product Manager,Open Theory Labs,"Gurugram, Haryana, India",2026-10-02,,,,,,,False,,,,,,,https://www.linkedin.com/company/open-theory-labs,,,,,,,,,,,,,2026-10-02,Gurugram
li-4472879517,linkedin,https://www.linkedin.com/jobs/view/4472879517,,Product Manager,IMPRESSION MAKERS,"Mumbai, Maharashtra, India",2026-10-02,,,,,,,False,,,,,,,https://in.linkedin.com/company/impression-makers,,,,,,,,,,,,,2026-10-02,Mumbai
gd-1010281957294,glassdoor,https://www.glassdoor.co.in/job-listing/j?jl=1010281957294,,Product Manager,JPMorganChase,Hyderābād,2026-10-02,,direct_data,yearly,350000.0,600000.0,INR,False,,,organic,,,,https://www.glassdoor.co.in/Overview/W-EI_IE5224839.htm,https://media.glassdoor.com/sql/5224839/jpmorgan-chase-and-co-squareLogo-1724869012253.png,,,,,,,,,,,,2026-10-02,Hyderābād
gd-1010281916443,glassdoor,https://www.glassdoor.co.in/job-listing/j?jl=1010281916443,,Technical Product Manager,Crowdnetic Technologies Private Limited,Hyderābād,2026-10-02,,direct_data,yearly,973084.0,2039969.0,INR,False,,,organic,,,,,,,,,,,,,,,,,2026-10-02,Hyderābād
li-4464530295,linkedin,https://www.linkedin.com/jobs/view/4464530295,,Product Manager-Current Account,IDFC FIRST Bank,"Mumbai, Maharashtra, India",2026-10-02,,,,,,,False,,,,,,,https://in.linkedin.com/company/idfcfirstbank,,,,,,,,,,,,,2026-10-02,Mumbai
li-4472555306,linkedin,https://www.linkedin.com/jobs/view/4472555306,,Product Manager,AU SMALL FINANCE BANK,Mumbai Metropolitan Region,2026-10-02,,,,,,,False,,,,,,,https://in.linkedin.com/company/aubank,,,,,,,,,,,,,2026-10-02,Mumbai Metropolitan Region
li-4472694335,linkedin,https://www.linkedin.com/jobs/view/4472694335,,Product Manager,Urban Company,"Gurugram, Haryana, India",2026-10-01,,,,,,,False,,,,,,,https://in.linkedin.com/company/urbancompany,,,,,,,,,,,,,2026-10-01,Gurugram
nk-011026503305,naukri,https://www.naukri.com/job-listings-senior-product-manager-integrations-cvent-india-pvt-ltd-gurugram-10-to-15-years-011026503305,,Senior Product Manager (Integrations),Cvent,"Gurugram, India",2026-10-01,,,,,,,False,,,,,,,https://www.naukri.com/cvent-jobs-careers-188630,https://img.naukimg.com/logo_images/groups/v1/106364.gif,,,,,,"data compliance, pagination, ai, articulate, mice, analytics, marketing, apis",10-15 Yrs,3.1,631.0,,Work from office,2026-10-01,"Gurugram, India"
li-4474321581,linkedin,https://www.linkedin.com/jobs/view/4474321581,,Associate Product Manager/Product Manager (Reference Standards),USP,"Hyderabad, Telangana, India",2026-10-01,,,,,,,False,,,,,,,https://www.linkedin.com/company/uspharmacopeia,,,,,,,,,,,,,2026-10-01,Hyderabad
gd-1010279045775,glassdoor,https://www.glassdoor.co.in/job-listing/j?jl=1010279045775,,AI Product Manager,Thrifty AI,Noida,2026-10-01,,direct_data,yearly,1200000.0,1200000.0,INR,False,,,organic,,,,,,,,,,,,,,,,,2026-10-01,Noida
nk-011026502614,naukri,https://www.naukri.com/job-listings-product-manager-digital-jones-lang-lasalle-gurugram-5-to-10-years-011026502614,,"Product Manager, Digital",Jones Lang LaSalle (JLL),"Gurugram, India",2026-10-01,,,,,,,False,,,,,,,https://www.naukri.com/jones-lang-lasalle-jll-jobs-careers-2933106,https://img.naukimg.com/logo_images/groups/v1/4808609.gif,,,,,,"Social media marketing, Change management, metadata, Publishing, Event management, Project management, Analytical, Information technology",5-10 Yrs,4.1,7169.0,,Work from office,2026-10-01,"Gurugram, India"
li-4455910530,linkedin,https://www.linkedin.com/jobs/view/4455910530,,"Sr. Product Manager, Returns, Worldwide Returns and Recommerce",Amazon,"Hyderabad, Telangana, India",2026-10-01,,,,,,,False,,,,,,,https://www.linkedin.com/company/amazon,,,,,,,,,,,,,2026-10-01,Hyderabad
nk-011026502666,naukri,https://www.naukri.com/job-listings-product-manager-iii-expedia-group-gurugram-4-to-9-years-011026502666,,Product Manager III,Expedia,"Gurugram, India",2026-10-01,,,,,,,False,,,,,,,https://www.naukri.com/expedia-jobs-careers-753685,https://img.naukimg.com/logo_images/groups/v1/584024.gif,,,,,,"Legal compliance, Talent acquisition, Analytical, Agile, System design, Instrumentation, Customer service, Engineering Design",4-9 Yrs,3.7,420.0,,Work from office,2026-10-01,"Gurugram, India"
nk-011026503152,naukri,https://www.naukri.com/job-listings-sr-product-manager-applied-ai-coursera-gurugram-8-to-13-years-011026503152,,"Sr Product Manager, Applied AI",Coursera,"Gurugram, India",2026-10-01,,,,,,,False,,,,,,,https://www.naukri.com/coursera-jobs-careers-3125134,https://img.naukimg.com/logo_images/groups/v1/2457162.gif,,,,,,"cursor, enterprise software, customer success, ai solutions, ai, customer engagement, identity and access management, ai evaluation",8-13 Yrs,3.3,52.0,,Work from office,2026-10-01,"Gurugram, India"
li-4472542733,linkedin,https://www.linkedin.com/jobs/view/4472542733,,Product Manager III,Expedia Group,"Gurgaon, Haryana, India",2026-10-01,,,,,,,False,,,,,,,https://www.linkedin.com/company/expediagroup,,,,,,,,,,,,,2026-10-01,Gurgaon
li-4435651973,linkedin,https://www.linkedin.com/jobs/view/4435651973,,Product Manager – Integrations,"InvoiceCloud, Inc.","Hyderabad, Telangana, India",2026-10-01,,,,,,,False,,,,,,,https://www.linkedin.com/company/invoice-cloud-inc,,,,,,,,,,,,,2026-10-01,Hyderabad
li-4460482875,linkedin,https://www.linkedin.com/jobs/view/4460482875,,Principal Product Manager(Clinical),Providence India,"Hyderabad, Telangana, India",2026-10-01,,,,,,,False,,,,,,,https://in.linkedin.com/company/providenceindia,,,,,,,,,,,,,2026-10-01,Hyderabad
li-4455911310,linkedin,https://www.linkedin.com/jobs/view/4455911310,,"Sr. Product Manager-Tech, DSP-DA Lifecycle Solutions",Amazon,"Hyderabad, Telangana, India",2026-10-01,,,,,,,False,,,,,,,https://www.linkedin.com/company/amazon,,,,,,,,,,,,,2026-10-01,Hyderabad
li-4474531100,linkedin,https://www.linkedin.com/jobs/view/4474531100,,Product Manager,JPMorganChase,"Hyderabad, Telangana, India",2026-10-01,,,,,,,False,,,,,,,https://www.linkedin.com/company/jpmorganchase,,,,,,,,,,,,,2026-10-01,Hyderabad
li-4474150277,linkedin,https://www.linkedin.com/jobs/view/4474150277,,"Senior Product Manager, MobiLytix Design Studio",Comviva,"Gurgaon, Haryana, India",2026-10-01,,,,,,,False,,,,,,,https://in.linkedin.com/company/comviva,,,,,,,,,,,,,2026-10-01,Gurgaon
li-4474149304,linkedin,https://www.linkedin.com/jobs/view/4474149304,,Product Manager,Comviva,"Gurugram, Haryana, India",2026-10-01,,,,,,,False,,,,,,,https://in.linkedin.com/company/comviva,,,,,,,,,,,,,2026-10-01,Gurugram
li-4472916565,linkedin,https://www.linkedin.com/jobs/view/4472916565,,Product Manager,Aptagrim Limited,"Hyderabad, Telangana, India",2026-10-01,,,,,,,False,,,,,,,https://in.linkedin.com/company/aptagrim,,,,,,,,,,,,,2026-10-01,Hyderabad
gd-1010281218514,glassdoor,https://www.glassdoor.co.in/job-listing/j?jl=1010281218514,,AI Product Manager,Violet Infosystems Private Limited,Mumbai,2026-10-01,,direct_data,yearly,1200000.0,1500000.0,INR,False,,,organic,,,,https://www.glassdoor.co.in/Overview/W-EI_IE1482458.htm,https://media.glassdoor.com/sql/1482458/violet-infosystems-squarelogo-1646830313344.png,,,,,,,,,,,,2026-10-01,Mumbai
nk-011026502385,naukri,https://www.naukri.com/job-listings-product-manager-ai-product-ux-medhavi-skills-university-sikkim-gurugram-3-to-7-years-011026502385,,"Product Manager - AI, Product & UX",Medhavi Skills University,"Gurugram, India",2026-10-01,,,,,,,False,,,,,,,https://www.naukri.com/medhavi-skills-university-jobs-careers-123487621,https://img.naukimg.com/logo_images/groups/v1/7786315.gif,,,,,,"Training, Automation, Usage, Prototype, Coding, Analytical, Manager Technology, Workflow",3-7 Yrs,4.3,151.0,,Work from office,2026-10-01,"Gurugram, India"
in-09d52db6266989b6,indeed,https://in.indeed.com/viewjob?jk=09d52db6266989b6,https://careers.providence.in/job/Hyderabad-Lead-Product-Manager-Tela/60291644/,Lead Product Manager,Providence Global Center,"TS, IN",2026-10-01,"parttime, fulltime",,,,,,False,,,,,"**About Providence**
--------------------

Providence, one of the US’s largest not-for-profit healthcare systems, is committed to high quality, compassionate healthcare for all. Driven by the belief that health is a human right and the vision, ‘Health for a better world’, Providence and its 121,000 caregivers strive to provide everyone access to affordable quality care and services.

Providence has a network of 51 hospitals, 1,000+ care clinics, senior services, supportive housing, and other health and educational services in the US.

Providence India is bringing to fruition the transformational shift of the healthcare ecosystem to Health 2.0. The India center will have focused efforts around healthcare technology and innovation, and play a vital role in driving digital transformation of health systems for improved patient outcomes and experiences, caregiver efficiency, and running the business of Providence at scale.

  

**Why Us?**
-----------

* Best In-class Benefits
* Inclusive Leadership
* Reimagining Healthcare
* Competitive Pay
* Supportive Reporting Relation

**Job Description**  
  
The Principal PM for Healthcare Intelligence will oversee the ideation, planning and execution of the Providence Healthcare Intelligence products and services, leveraging best-in class technology and systems; includes cloud computing, big data, mobile, data science, and modern software development methodologies and frameworks.

  

The Principal PM for Healthcare Intelligence will partner with stakeholders across the business and product teams. The individual will work to create meaningful data-driven products lead a dedicated, and be responsible for:

* Conducting research for building hypothesis-driven smart data products
* Conduct US healthcare market assessments and user/customer interviews
* Frame most valuable healthcare problems that can be addressed with analytics solutions
* Productize analytics solutions
* Feature prioritization and road map planning
* Running design sprints & and user testing
* Translating business-to-technical requirements, and vice versa
* Defining and tracking success metrics
* Mentoring product managers and product owners
  

**Detailed Responsibilities**

* Providing product management and business systems analysis for transformational initiatives, capability enhancements, and partnership.
* Drive the health care intelligence product innovation agenda, working closely with product development and other allied teams.
* Envision products, create product roadmaps and ensure successful product increment launches by working with diverse stakeholders
* Provide regular updates to leadership, escalating items when needed but with presence and relationships to identify and resolve most issues independently
* Knowledgeably and successfully present our strategy, roadmap and current progress /actions to senior executive audiences inside the company
* Foster, facilitate, and furnish, timely decision -making across a broad network of stakeholders, delivery partners, and operational teams.
* Collaborate with security, architecture, engineering, quality, support, experience, program, and infrastructure partners in coordinating delivery of complex, multi-year initiatives
* Accountability for team integrity, product excellence, decision making, delivery estimates and roadmaps, career development, communications, and project outcomes.
* The position is based in Hyderabad and requires flexible work shift schedule to accommodate North American meetings.
  

**Who we’re looking for:**

  

* **The ideal candidate should have 10+ years of product design and engineering experience, with 6+ years of product management experience especially in curating** **data products****.**
* **Deep knowledge of US healthcare system, care delivery models, compliance aspects**
* Deep experience working with technology products planning and implementation for problem scenarios in healthcare and life science domain is a critical capability.
* Ability to operate in a startup mode, structure ambiguous, open-ended problems & analyzing data to discover user needs, most valuable use cases and curating product related insights.
* Ability to own the long-term vision, strategy, and roadmap for the product, and be able to work autonomously
* Capability to translate problem, data & user research into developing innovative features & solutions.
* Ability to work nimbly across multiple projects, with fast-paced iterative product development cycles.

* Impressive verbal communication and presentation skills and at ease with business as well as technical audiences.
* Ability to tune written communication for clear and concise product related documentation as well as for general business communications.
  

**Desired Skills/Experience**

* Experience in healthcare management and life sciences domain.
* Experience in Data Competency-data collection, extraction and analytics.
* Certifications in Product Management/Agile/Scrum.
* Familiarity with EHR Modules and cloud product development
* Experience in User research, UX Prototyping would be considered a bonus.
* Working knowledge of statistical and ML modelling would be considered a bonus.
* Knowledge of healthcare delivery models in non-US markets will be considered a bonus
  

**Primary Skills**

  

Healthcare Business Intelligence, Cloud, API and Data Product Incubation and Management, Product Roadmap Development, Requirements Elicitation, User Research, Analysis and Journey Mapping, Business Case Development, Stakeholder Management, UI/UX Prototyping, Data Analysis and Visualization, Technical Writing & Data Story Telling

  

**Secondary Skills**

  

Statistical & ML Model building with, R, SQL, ADO, Visio/Figma, EHR/EMR Modules

Providence’s vision to create ‘Health for a Better World’ aids us to provide a fair and equitable workplace for all in our employment, whether temporary, part-time or full time, and to promote individuality and diversity of thought and background, and acknowledge its role in the organization’s success. This makes us committed towards equal employment opportunities, regardless of race, religion or belief, color, ancestry, disability, marital status, gender, sexual orientation, age, nationality, ethnic origin, pregnancy, or related needs, mental or sensory disability, HIV Status, or any other category protected by applicable law. In furtherance to our mission in building a more inclusive and equitable environment, we shall, from time to time, undertake programs to assist, uplift and empower underrepresented groups including but not limited to Women, PWD (Persons with Disabilities), LGTBQ+ (Lesbian, Gay, Transgender, Bisexual or Queer), Veterans and others. We strive to address all forms of discrimination or harassment and provide a safe and confidential process to report any misconduct.

Contact our Integrity hotline also, read our Code of Conduct.",,https://in.indeed.com/cmp/Providence-Global-Center,,,,,,,,,,,,,2026-10-01,"TS, IN"
nk-011026035659,naukri,https://www.naukri.com/job-listings-marketing-and-product-manager-meril-mumbai-all-areas-3-to-8-years-011026035659,,Marketing and Product Manager,Meril,"Mumbai (All Areas)(Andheri East), India",2026-10-01,,,,,,,False,,,,,,,https://www.naukri.com/meril-jobs-careers-701979,https://img.naukimg.com/logo_images/groups/v1/4655913.gif,,,,,,"Product Marketing, Product Strategy, Life Sciences, B2B, Go-to-Market Strategy, Medical, Medical Devices, Product management",3-8 Yrs,3.5,1324.0,2.0,Work from office,2026-10-01,"Mumbai (All Areas)(Andheri East), India"
nk-011026013374,naukri,https://www.naukri.com/job-listings-associate-product-manager-baldor-technologies-mumbai-2-to-4-years-011026013374,,Associate Product Manager,Baldor Technologies,"Mumbai(Marol), India",2026-10-01,,,,,,,False,,,,,,,https://www.naukri.com/baldor-technologies-jobs-careers-724358,https://img.naukimg.com/logo_images/groups/v1/455444.gif,,,,,,"Product Management, Software Development, API Integration, Aiml, AI, Client Interaction, Data Analytics, Artificial Intelligence",2-4 Yrs,3.4,33.0,,Work from office,2026-10-01,"Mumbai(Marol), India"
nk-011026014016,naukri,https://www.naukri.com/job-listings-senior-product-manager-cns-neurology-mumbai-hrd-house-mumbai-suburban-mumbai-all-areas-6-to-8-years-011026014016,,Senior Product Manager - CNS/Neurology - Mumbai.,HRD House,"Mumbai Suburban, Mumbai (All Areas), India",2026-10-01,,,,,,,False,,,,,,,https://www.naukri.com/hrd-house-jobs-careers-607521,https://img.naukimg.com/logo_images/groups/v1/361794.gif,,,,,,"Neurology, CNS, Product Management, PMT, Psychiatry, Senior, Management",6-8 Yrs,,,2.0,Work from office,2026-10-01,"Mumbai Suburban, Mumbai (All Areas), India"
gd-1010280790440,glassdoor,https://www.glassdoor.co.in/job-listing/j?jl=1010280790440,,Global Product Manager,Boston Consulting Group,Gurgaon,2026-10-01,,direct_data,yearly,239214.0,280556.0,INR,False,,,sponsored,,,,https://www.glassdoor.co.in/Overview/W-EI_IE3879.htm,https://media.glassdoor.com/sql/3879/boston-consulting-group-squareLogo-1692189677151.png,,,,,,,,,,,,2026-10-01,Gurgaon
li-4440781227,linkedin,https://www.linkedin.com/jobs/view/4440781227,,Product Manager,Route Mobile Limited,Mumbai Metropolitan Region,2026-10-01,,,,,,,False,,,,,,,https://in.linkedin.com/company/routemobile,,,,,,,,,,,,,2026-10-01,Mumbai Metropolitan Region
li-4472557403,linkedin,https://www.linkedin.com/jobs/view/4472557403,,Product Manager,IGNOSIS AI,"Ahmedabad, Gujarat, India",2026-10-01,,,,,,,False,,,,,,,https://in.linkedin.com/company/ignosisai,,,,,,,,,,,,,2026-10-01,Ahmedabad
gd-1010279267984,glassdoor,https://www.glassdoor.co.in/job-listing/j?jl=1010279267984,,Product Manager,TriNet,Hyderābād,2026-10-01,,direct_data,yearly,137000.0,200000.0,INR,False,,,organic,,,,https://www.glassdoor.co.in/Overview/W-EI_IE5494.htm,https://media.glassdoor.com/sql/5494/trinet-squareLogo-1680727779642.png,,,,,,,,,,,,2026-10-01,Hyderābād
gd-1010279326820,glassdoor,https://www.glassdoor.co.in/job-listing/j?jl=1010279326820,,Product Manager - Business Banking -SMB Client & Frontline Experiences (Engage & Deepen),JPMorganChase,Hyderābād,2026-10-01,,direct_data,yearly,350000.0,600000.0,INR,False,,,organic,,,,https://www.glassdoor.co.in/Overview/W-EI_IE5224839.htm,https://media.glassdoor.com/sql/5224839/jpmorgan-chase-and-co-squareLogo-1724869012253.png,,,,,,,,,,,,2026-10-01,Hyderābād
li-4472522300,linkedin,https://www.linkedin.com/jobs/view/4472522300,,Senior Product Manager – Dermatology,Menarini Asia-Pacific,"Mumbai, Maharashtra, India",2026-10-01,,,,,,,False,,,,,,,https://sg.linkedin.com/company/menarini-asia-pacific,,,,,,,,,,,,,2026-10-01,Mumbai
li-4472553349,linkedin,https://www.linkedin.com/jobs/view/4472553349,,Product Manager – Customer Data & Identity - Mumbai - InsurTech (BTech),datavruti,"Mumbai, Maharashtra, India",2026-10-01,,,,,,,False,,,,,,,https://in.linkedin.com/company/datavruti,,,,,,,,,,,,,2026-10-01,Mumbai
li-4472699789,linkedin,https://www.linkedin.com/jobs/view/4472699789,,Senior Product Manager,Traya,"Mumbai, Maharashtra, India",2026-10-01,,,,,,,False,,,,,,,https://in.linkedin.com/company/trayahealth,,,,,,,,,,,,,2026-10-01,Mumbai
li-4472516830,linkedin,https://www.linkedin.com/jobs/view/4472516830,,AI Product Manager,"PracticeSuite, Inc.","Mumbai, Maharashtra, India",2026-10-01,,,,,,,False,,,,,,,https://www.linkedin.com/company/practicesuite-inc-web-based-medical-billing-and-practice-management-software,,,,,,,,,,,,,2026-10-01,Mumbai
in-8366e5a2db06cd77,indeed,https://in.indeed.com/viewjob?jk=8366e5a2db06cd77,https://JPMorganChase.contacthr.com/153789875,"Technical Product Manager - ETL, Data Reporting, SQL",JPMorganChase,"MH, IN",2026-10-01,fulltime,,,,,,False,,,,,"**JOB DESCRIPTION**  
  
  

Make your mark by leading a high-visibility modernization that reshapes how teams access trusted insights at scale. You will drive a firmwide legacy analytics decommission and migration, partnering with senior leaders and global delivery teams to deliver measurable outcomes by a strategic deadline. Join a team that values ownership, career mobility, and hands-on impact across a complex technology transformation.

As a Product Manager at JPMorganChase within Commercial & Investment Banking unit, you will lead end-to-end delivery of a legacy business intelligence platform decommission and migration to modern cloud-native analytics tools. You will own inventory analysis, migration planning, and cross-functional execution to move thousands of reports, schedules, and users to approved replacement capabilities. You will partner with technology, data, and business stakeholders to prioritize migration waves, reduce scope through rationalization, and ensure continuity for critical reporting. You will provide transparent governance and executive communications to ensure delivery against a firm strategic deadline.

This role sits within a senior leadership-sponsored transformation program and focuses on retiring legacy reporting capabilities while enabling scalable, modern analytics. You will coordinate across multiple geographies and functions to align business priorities, data dependencies, and delivery sequencing. Success in this role requires strong product ownership, structured program governance, and the ability to translate complex reporting and data flows into actionable migration plans. You will balance speed of delivery with risk awareness, ensuring that regulated or controlled reporting obligations remain continuously supported.

**Job Responsibilities**

* Own and continuously improve a comprehensive inventory of reports, schedules, and data extract processes, driving rationalization and recertification to reduce migration scope and risk.
* Map report logic and data flows to business processes, application integrations, and downstream dependencies, prioritizing migration waves based on criticality and complexity.
* Lead stakeholder engagement across business and technology functions, facilitating workshops to document current usage, capture requirements, and define future-state reporting needs.
* Define functional and non-functional requirements for replacement reporting capabilities, including scheduling, distribution, embedded analytics, and integration needs.
* Drive evaluation and selection of replacement tools by coordinating structured demos, proof-of-concept activities, and decision forums aligned to program objectives and constraints.
* Oversee migration planning and execution across data warehouse, data pipelines (extract, transform, load), and reporting layers, ensuring source-to-target mapping and semantic definitions are maintained.
* Leverage analytics and approved automation approaches (including responsible use of artificial intelligence-enabled tooling) to accelerate usage analysis, pattern detection, and migration prioritization while maintaining appropriate risk awareness.
* Produce clear program governance artifacts (status reporting, risks/issues/dependencies, milestone tracking, and escalation materials) for senior technology and business leadership.
* Coordinate cross-functional delivery across a global team, proactively surfacing blockers, managing competing priorities, and driving timely decisions.
* Deliver change management activities including user communications, training coordination for new platforms, adoption tracking, and transition support through cutover.

**Required qualifications, capabilities and skills**

* Proven experience as a technical product manager or senior business analyst delivering large-scale technology decommission, data migration, or reporting transformation programs in financial services.
* Demonstrated knowledge of enterprise reporting landscapes, including report lifecycle management, self-service reporting, automated scheduling/distribution, embedded analytics, and integration with data pipelines.
* Hands-on experience with at least one enterprise reporting or analytics platform (for example: Tableau, ThoughtSpot, Microsoft Power BI, MicroStrategy, Sigma, Cognos, SAP BusinessObjects, or similar).
* Experience analyzing, rationalizing, and migrating large report inventories, including prioritization, wave planning, and execution tracking.
* Working knowledge of data warehousing concepts (for example: dimensional modeling, facts and dimensions, and data marts) sufficient to assess migration impacts and dependencies.
* Working knowledge of data integration patterns and pipeline scheduling sufficient to document data flows and coordinate re-platforming activities with engineering teams.
* Proficiency in Structured Query Language (SQL), including complex joins and reconciliations used to validate migration completeness and data quality.
* Strong stakeholder management skills with experience facilitating workshops, aligning cross-functional priorities, and driving decisions across senior audiences.
* Program governance capability, including structured planning, milestone management, dependency management, and executive-ready communications.
* Awareness of regulated, controlled, or audit-relevant reporting considerations and the need to maintain continuity during platform transitions.

**Preferred qualifications, capabilities and skills**

* Hands-on experience with SAP BusinessObjects and/or Crystal Reports (for example: Web Intelligence, scheduling, universe design, or report development).
* Experience building dashboards or reports in modern analytics tools (for example: calculations, parameters, filters, and visualization best practices).
* Experience using analytics automation or artificial intelligence-enabled tools (e.g. Databricks Genie, Snowflake Cortex, ChatGPT/Copilot) to accelerate dataset analysis or workflow efficiency in a controlled enterprise environment.
* Experience with cloud-native data platforms (for example: Snowflake, Databricks, or Google BigQuery) and how reporting tools connect to cloud query engines.
* Experience with SQL performance tuning, data profiling, anomaly detection, and end-to-end data quality validation.
* Experience coordinating user acceptance testing across distributed user groups and supporting structured change management.
* Experience engaging vendors and running structured evaluations, proofs of concept, or request-for-information/request-for-proposal processes.

**ABOUT US**  
  
  

JPMorganChase, one of the oldest financial institutions, offers innovative financial solutions to millions of consumers, small businesses and many of the world's most prominent corporate, institutional and government clients under the J.P. Morgan and Chase brands. Our history spans over 200 years and today we are a leader in investment banking, consumer and small business banking, commercial banking, financial transaction processing and asset management.  
  
We recognize that our people are our strength and the diverse talents they bring to our global workforce are directly linked to our success. We are an equal opportunity employer and place a high value on diversity and inclusion at our company. We do not discriminate on the basis of any protected attribute, including race, religion, color, national origin, gender, sexual orientation, gender identity, gender expression, age, marital or veteran status, pregnancy or disability, or any other basis protected under applicable law. We also make reasonable accommodations for applicants' and employees' religious practices and beliefs, as well as mental health or physical disability needs. Visit our FAQs for more information about requesting an accommodation.

  
  
**ABOUT THE TEAM**
  
  
J.P. Morgan's Commercial & Investment Bank is a global leader across banking, markets, securities services and payments. Corporations, governments and institutions throughout the world entrust us with their business in more than 100 countries. The Commercial & Investment Bank provides strategic advice, raises capital, manages risk and extends liquidity in markets around the world.",,https://in.indeed.com/cmp/Jpmorganchase-2,https://d2q79iu7y748jz.cloudfront.net/s/_squarelogo/256x256/62e186e96c7550325814ef6880fae379,https://www.jpmorganchase.com/,"New York, NY","10,000+",more than $10B (USD),"Headquartered in New York City, JPMorgan Chase is the largest bank in the United States.",,,,,,,2026-10-01,"MH, IN"
in-1b9b28a84647aceb,indeed,https://in.indeed.com/viewjob?jk=1b9b28a84647aceb,https://iaamcp.fa.ocs.oraclecloud.com/hcmUI/CandidateExperience/en/sites/CX_xx/requisitions/preview/1136147,Product Manager - Gold Loan| Mumbai,CSB BANK LTD,"MH, IN",2026-10-01,fulltime,,,,,,False,,,,,"Job Description
  

To manage assigned product portfolios by driving product development, performance optimization, customer value enhancement, regulatory compliance, and lifecycle management to support business growth and customer adoption.

  
Responsibilities
  

* Develop, enhance, and launch new Gold Loan products and propositions in line with business objectives and market requirements.
* Conduct pre-launch and post-launch product analysis to evaluate product effectiveness, customer adoption, profitability, and business performance.
* Design and maintain product performance monitoring frameworks, dashboards, and MIS reports.
* Manage the end-to-end product lifecycle, including product design, implementation, monitoring, enhancement, and retirement.
* Ensure compliance with regulatory requirements, internal policies, audit observations, and product governance standards.
* Monitor product parameters, business performance, operational metrics, and portfolio trends, and provide periodic updates to management.
* Coordinate with Technology teams for system enhancements, digital initiatives, automation, and product-related IT developments.
* Work closely with Business, Operations, Risk, Compliance, Legal, and Audit teams for successful implementation and management of product initiatives.
* Identify opportunities for process improvements, customer experience enhancement, and portfolio growth.
* Support regulatory, audit, and management reporting requirements related to the Gold Loan portfolio.

  
Qualifications
  

Experience: 8 to 12 years

Qualifications: Post Graduate",Banks And Financial Services,https://in.indeed.com/cmp/Csb-Bank-Ltd,https://d2q79iu7y748jz.cloudfront.net/s/_squarelogo/256x256/e5cdaedb6f021d6055bc302487180eef,https://www.csb.co.in/,"CSB Bank Ltd (formerly The Catholic Syrian Bank Ltd)
Head Office, CSB Bhavan,
P.O Box No.502,
St.Mary’s College Road,
Thrissur–680020,
Kerala, India.","1,001 to 5,000",more than $10B (USD),,,,,,,,2026-10-01,"MH, IN"
gd-1010280838582,glassdoor,https://www.glassdoor.co.in/job-listing/j?jl=1010280838582,,Senior Digital Product Manager (AI),Amgen,Hyderābād,2026-10-01,,direct_data,yearly,395000.0,867500.0,INR,False,,,organic,,,,https://www.glassdoor.co.in/Overview/W-EI_IE1130.htm,https://media.glassdoor.com/sql/1130/amgen-squareLogo-1698941052745.png,,,,,,,,,,,,2026-10-01,Hyderābād
gd-1010280838577,glassdoor,https://www.glassdoor.co.in/job-listing/j?jl=1010280838577,,Digital Product Manager (AI),Amgen,Hyderābād,2026-10-01,,direct_data,yearly,395000.0,867500.0,INR,False,,,organic,,,,https://www.glassdoor.co.in/Overview/W-EI_IE1130.htm,https://media.glassdoor.com/sql/1130/amgen-squareLogo-1698941052745.png,,,,,,,,,,,,2026-10-01,Hyderābād
gd-1010280228501,glassdoor,https://www.glassdoor.co.in/job-listing/j?jl=1010280228501,,"Digital Product Manager, Product Operations - Measurement & Reporting",Amgen,Hyderābād,2026-10-01,,direct_data,yearly,395000.0,867500.0,INR,False,,,organic,,,,https://www.glassdoor.co.in/Overview/W-EI_IE1130.htm,https://media.glassdoor.com/sql/1130/amgen-squareLogo-1698941052745.png,,,,,,,,,,,,2026-10-01,Hyderābād
gd-1010280559023,glassdoor,https://www.glassdoor.co.in/job-listing/j?jl=1010280559023,,Senior Product Manager -US Healthcare IT product,Optum,Hyderābād,2026-10-01,,direct_data,yearly,812500.0,1000000.0,INR,False,,,organic,,,,https://www.glassdoor.co.in/Overview/W-EI_IE2409113.htm,https://media.glassdoor.com/sql/2409113/optum-squareLogo-1752691189920.png,,,,,,,,,,,,2026-10-01,Hyderābād
gd-1010279033765,glassdoor,https://www.glassdoor.co.in/job-listing/j?jl=1010279033765,,Product Manager,Globocom Infotech,India,2026-10-01,,direct_data,yearly,800000.0,1600000.0,INR,False,,,organic,,,,,,,,,,,,,,,,,2026-10-01,India
gd-1010279272688,glassdoor,https://www.glassdoor.co.in/job-listing/j?jl=1010279272688,,"Product Manager, Integrations",Morningstar,Mumbai,2026-10-01,,direct_data,yearly,519000.0,907500.0,INR,False,,,organic,,,,https://www.glassdoor.co.in/Overview/W-EI_IE3299.htm,https://media.glassdoor.com/sql/3299/morningstar-squareLogo-1625235925002.png,,,,,,,,,,,,2026-10-01,Mumbai
gd-1010281222873,glassdoor,https://www.glassdoor.co.in/job-listing/j?jl=1010281222873,,Product Manager,Violet Infosystems Private Limited,India,2026-10-01,,direct_data,yearly,650000.0,1000000.0,INR,False,,,organic,,,,https://www.glassdoor.co.in/Overview/W-EI_IE1482458.htm,https://media.glassdoor.com/sql/1482458/violet-infosystems-squarelogo-1646830313344.png,,,,,,,,,,,,2026-10-01,India
gd-1010280171276,glassdoor,https://www.glassdoor.co.in/job-listing/j?jl=1010280171276,,"Product Manager, Digital",JLL,Gurgaon,2026-10-01,,,,,,,False,,,organic,,,,https://www.glassdoor.co.in/Overview/W-EI_IE5779.htm,https://media.glassdoor.com/sql/5779/jll-squarelogo-1530029668378.png,,,,,,,,,,,,2026-10-01,Gurgaon
in-d0ef1fb31deb9c57,indeed,https://in.indeed.com/viewjob?jk=d0ef1fb31deb9c57,https://nationsbenefits.breezy.hr/p/2ed0f357bc84-senior-product-manager?source=indeed,Senior Product Manager,NationsBenefits,"TS, IN",2026-10-01,fulltime,,,,,,False,,,,,"**About NationsBenefits:**

At NationsBenefits, we are leading the transformation of the insurance industry by developing innovative benefits management solutions. We focus on modernizing complex back-office systems to create scalable, secure, and high-performing platforms that streamline operations for our clients. As part of our strategic growth, we are focused on platform modernization — transitioning legacy systems to modern, cloud-native architectures that support the scalability, reliability, and high performance of core backoffice functions in the insurance domain.

**About Role:**

We are seeking an experienced **Senior Product Manager** to own and drive the strategic direction of our Nations Vision product ecosystem — a multi-tool platform supporting hundreds of clients across the vision benefits landscape. The ideal candidate brings deep analytical rigor, unwavering attention to detail, and a relentless commitment to product quality and accuracy. This is a hands-on leadership role requiring someone who can navigate complex, interconnected systems — fee schedules, provider networks, plan configurations, and claims processing — while maintaining the trust of hundreds of clients who depend on flawless execution.

**Key Responsibilities:**

**Product Ownership & Strategy**

* Own the end-to-end product roadmap for the Nations Vision platform, balancing client needs, business priorities, and technical constraints

* Translate complex business requirements into clear, actionable product specifications.

**Core System Management:**

* **Provider-Facing Claims Portal:** Drive continuous enhancement of the provider portal, delivering new features that improve speed and accuracy for end users

* **Fee Schedule Design & Configuration:** Oversee the accuracy, configuration, and maintainability of fee schedules across the platform; champion self-service configuration tools that empower Operations teams

* **Provider Network Mapping:** Manage the configuration and integrity of provider network data, ensuring accurate mapping across geographies and specialties

* **Plan Access Restrictions:** Direct the setup and validation of plan-level access rules, benefit tiers, and eligibility parameters

* **Claims Processing Engine:** Partner with engineering to optimize claims adjudication logic, troubleshoot processing issues, and ensure accurate, timely claim outcomes.

**Quality & Accuracy Focus**

* Establish and monitor quality benchmarks across all product tools and workflows

* Proactively identify data integrity issues, configuration errors, and process gaps before they impact clients

* Drive continuous improvement initiatives to reduce errors, increase automation, and enhance system reliability

* Conduct regular audits and root-cause analyses, implementing preventive measures when issues arise.

**Cross-Functional Collaboration**

* Serve as the primary product liaison between engineering, operations, client services, and leadership

* Communicate product updates, risks, and roadmap changes clearly to both technical and non-technical stakeholders

* Partner with client-facing teams to understand pain points and translate feedback into product enhancements

* Collaborate with QA to define testing protocols that ensure system accuracy at scale.

**Client & Stakeholder Management**

* Support hundreds of client configurations, ensuring the platform scales without sacrificing accuracy.

* Address escalations related to fee schedules, network mapping, or claims discrepancies with urgency and precision.

* Gather and prioritize feedback from client-facing teams to inform the product backlog.

**Required Qualifications**

* 5+ years of product management experience, preferably in healthcare, benefits administration, or insurance technology.

* Demonstrated experience managing complex, multi-component systems or platforms.

* Working knowledge of database systems, with ability to write moderately complex SQL queries.

* Strong analytical skills, with the ability to interpret data, identify trends, and make data driven decisions.

* Exceptional attention to detail, particularly in high-stakes, accuracy-critical environments.

* Excellent written and verbal communication skills, with the ability to translate technical concepts for varied audiences.

* Experience with claims processing systems, provider network data, or fee schedule management strongly preferred.

* Proven track record managing products that serve a large, diverse client base.

* Bachelor's degree in Computer Science, or a related field (MBA a plus).

**Why Join Us?**

* Lead a pioneering FinTech initiative with cutting-edge technologies and scalable architecture.

* Career growth opportunities in a fast-growing, innovative-driven environment.

* Impact the financial ecosystem by building secure, high-performance applications.

* Contribute to cutting-edge products that enhance member engagement in healthcare.",,https://in.indeed.com/cmp/Nationsbenefits,https://d2q79iu7y748jz.cloudfront.net/s/_squarelogo/256x256/1ae7e19d93002d116a8de07c04079310,https://nationsbenefits.com/,"1700 North University Drive
Plantation, FL 33322","1,001 to 5,000",,"NationsBenefits is a leading member engagement, benefits administration, and healthcare company that partners with managed care organizations to provide innovative healthcare solutions.",,,,,,,2026-10-01,"TS, IN"
in-3c0bc6bf86bced76,indeed,https://in.indeed.com/viewjob?jk=3c0bc6bf86bced76,https://careers.amgen.com/en/job/hyderabad/r-256479-digital-product-manager-ai/87/101406245440,R-256479- Digital Product Manager (AI),Amgen,"TS, IN",2026-10-01,,,,,,,False,,,,,"India - Hyderabad

JOB ID: R-256479 LOCATION: India - Hyderabad WORK LOCATION TYPE: On Site DATE POSTED: Oct. 01, 2026 CATEGORY: Strategy and Innovation

**Join Amgen’s Mission of Serving Patients**

  
  

At Amgen, if you feel like you’re part of something bigger, it’s because you are. Our shared mission—to serve patients living with serious illnesses—drives all that we do.

Since 1980, we’ve helped pioneer the world of biotech in our fight against the world’s toughest diseases. With our focus on four therapeutic areas –Oncology, Inflammation, General Medicine, and Rare Disease– we reach millions of patients each year. As a member of the Amgen team, you’ll help make a lasting impact on the lives of patients as we research, manufacture, and deliver innovative medicines to help people live longer, fuller happier lives.

Our award-winning culture is collaborative, innovative, and science based. If you have a passion for challenges and the opportunities that lay within them, you’ll thrive as part of the Amgen team. Join us and transform the lives of patients while transforming your career.

  
  

**Digital Product Manager (AI)** The Digital Product Manager at Amgen oversees the lifecycle of digital products, working closely with various teams to define the product vision, roadmap, and growth opportunities.

  
  

**Role Overview**

We are seeking a Digital Product Manager, to join the AI & Data Innovation Lab Product Management Team. This role is focused on rapidly validating high-potential AI and data-driven business opportunities before major investment, helping Amgen determine which AI initiatives should be scaled, refined, paused, or redirected.
  
  
Operating at the intersection of business strategy, AI product innovation, data, technology, and enterprise transformation, this role will provide strategic product leadership across ambiguous, cross-functional opportunities and influence senior business and technology stakeholders on product direction, prioritization, investment, and scale.
  
  
This role requires a strong product mindset, sufficient technical depth to evaluate whether AI and data opportunities are practical, scalable, measurable, and aligned to Amgen’s enterprise technology direction. The successful candidate will understand how AI products are built, validated, deployed, monitored, and scaled in complex enterprise environments.

  
  

**What You’ll Do**

* **Design and execute rapid discovery sprints, prototypes, pilots, user research, and experiments to assess desirability,** feasibility, viability, value, and risk. Use evidence to determine whether opportunities should advance, pivot, pause, or scale.

* Identify, frame, and validate AI-enabled business opportunities across Amgen. Translate broad transformation themes into clear problem statements, testable hypotheses, user needs, data requirements, success metrics, and validation plans.

* Assess how **LLMs, AI agents, machine learning models, NLP, automation, knowledge retrieval, analytics,** and intelligent workflow tools can improve productivity, decision quality, scientific discovery, operational efficiency, and workforce effectiveness.

* Evaluate whether proposed AI opportunities have the right data foundations, system integrations, architecture patterns, model capabilities, security controls, and operational support needed to move from concept to scalable solution.

* Partner with engineering, data science, and technical teams to align on scope, tradeoffs, and execution path.

* Conduct landscape assessments across different industries to learn how AI is leveraged to solve shared problem spaces at the macro level.

* Develop product requirements that account for user experience, data availability, model performance, output quality, explainability, reliability, latency, integration needs, governance, and ongoing measurement.

* Synthesize findings from validation work into clear product recommendations, opportunity briefs, technical feasibility assessments, business cases, and executive-ready narratives. Help leaders make informed decisions about where to invest, scale, or stop.

* **Ensure validation efforts consider responsible AI, data privacy, model risk, cybersecurity, compliance, regulatory** considerations, human oversight, change management, and enterprise scalability from the earliest stages of discovery.

* **Facilitate workshops, discovery sessions, prioritization discussions, technical feasibility reviews, user experience design, process mapping, and decision forums. Communicate complex AI and data concepts in a clear, business-oriented way for senior leaders and non-technical stakeholders.**

**Basic Qualifications:**

* 8-13 years of work experience in the related field
* Doctorate; or Master’s degree and 2 years of Information Systems, Technology, Product, Digital, AI, Data, Business Transformation, or related experience; or

* Bachelor’s degree and 4 years of Information Systems, Technology, Product, Digital, AI, Data, Business Transformation, or related experience; or

* Associate’s degree and 8 years of Information Systems, Technology, Product, Digital, AI, Data, Business Transformation, or related experience; or

* High School Diploma or GED and 10 years of Information Systems, Technology, Product, Digital, AI, Data, Business Transformation, or related experience.

**Preferred Qualifications:**

* 4+ years of product management, product strategy, innovation, consulting, digital transformation, or related experience.

* 2+ years of experience with AI, machine learning, data products, automation, LLMs, agents, NLP, analytics, or enterprise AI solutions.

* Working knowledge of **AI product development**, **including discovery, prototyping, model evaluation, deployment, monitoring, and iteration.**

* Familiarity with generative AI, LLMs, retrieval-augmented generation, AI agents, prompt engineering, model orchestration, NLP, predictive analytics, or intelligent automation.

* Design thinking experience

* Ability to evaluate AI opportunities across desirability, feasibility, viability, value, risk, scalability, and data readiness.

* Experience with AI platforms, MLOps, or enterprise AI architecture.

* Familiarity with AI (e.g., LLMs, agents, NLP) and ML productization at scale.

* Strong presentation and public speaking skills with experience communicating to executives

* Familiarity with biotech workflows (e.g., lab automation, computational biology, clinical data, etc).

* Hands-on ability to analyze product usage, model output quality, or design A/B experiments.

* Comfort working in fast-paced, cross-functional environments where priorities evolve quickly.

* Strong stakeholder management skills, including the ability to build relationships and collaborate effectively across functions and levels.

* Consulting experience, with demonstrated ability to structure and solve complex business problems.

* Experience conducting cross-industry landscape assessments to identify how AI is being leveraged to address shared problem spaces and uncover macro-level trends and opportunities",,https://in.indeed.com/cmp/Amgen,https://d2q79iu7y748jz.cloudfront.net/s/_squarelogo/256x256/e858654aaf2bd361578aeac82b39bd9b,http://www.amgen.com,"Thousand Oaks, CA","10,000+",more than $10B (USD),"Amgen, a biotechnology pioneer, discovers, develops and delivers innovative human therapeutics.",,,,,,,2026-10-01,"TS, IN"
in-2499d0389f1d9c60,indeed,https://in.indeed.com/viewjob?jk=2499d0389f1d9c60,https://rr.jobsyn.org/22FC2B5C79FD4CABB4F29A23F9D8DB131554,Associate Product Manager/Product Manager (Reference Standards),U.S. Pharmacopeia,"TS, IN",2026-10-01,fulltime,,,,,,False,,,,,"**Description**

**Who is USP?**

The U.S. Pharmacopeial Convention (USP) is an independent scientific organization that collaborates with the world’s leading health and science experts to develop rigorous quality standards for medicines, dietary supplements, and food ingredients. At USP, we believe that scientific excellence is driven by a commitment to fairness, integrity, and global collaboration. This belief is embedded in our core value of Passion for Quality and is demonstrated through the contributions of more than 1,300 professionals across twenty global locations, working to strengthen the supply of safe, high-quality medicines worldwide.

At USP, we value inclusive scientific collaboration and recognize that attracting diverse expertise strengthens our ability to develop trusted public health standards. We foster an organizational culture that supports equitable access to mentorship, professional development, and leadership opportunities. Our partnerships, standards, and research reflect our belief that ensuring broad participation in scientific leadership results in stronger, more impactful outcomes for global health.

USP is proud to be an equal employment opportunity employer (EEOE) and is committed to ensuring fair, merit-based selection processes that enable the best scientific minds—regardless of background—to contribute to advancing public health solutions worldwide. We provide reasonable accommodations to individuals with disabilities and uphold policies that create an inclusive and collaborative work environment.

**Brief Job Overview**

As part of the USP Programs, Regions, Operations, and Strategy (PROpS) Division, the Reference Standards Product Manager leads the development and management of the Small Molecules, Complex Generics, and General Chapters portfolio of reference standards. The Product Management function is responsible for overseeing the full product lifecycle (development to discontinuation), understanding key industry trends, applying data-driven and analytic decision making and making customer-focused recommendations that drive product portfolio growth. This role is an individual contributor who will be responsible for implementation of projects and processes that enable decisions about new and existing products. Core activities will also include the development of prioritization, forecasting, and financial models that enhance product mix, optimization and overall performance. This is a highly collaborative role that will be expected to work globally across the organization including Science, Operations, Sales, Regions, Pricing, Trade Compliance, and Marketing. As a product manager, this role will drive product strategy, lead cross-functional teams in planning product roadmaps, discount and promotion strategies and ensure the successful launch and growth of innovative, high-quality standards and solutions to drive USP’s mission and vision of improving global health.

**How will YOU create impact here at USP?**

As part of our mission to advance scientific rigor and public health standards, you will play a vital role in increasing global access to high-quality medicines through public standards and related programs. USP prioritizes scientific integrity, regulatory excellence, and evidence-based decision-making to ensure health systems worldwide can rely on strong, tested, and globally relevant quality standards.

Additionally, USP’s People and Culture division, in partnership with the Equity Office, invests in leadership and workforce development to equip all employees with the skills to create high-performing, inclusive teams. This includes training in equitable management practices and tools to promote engaged, collaborative, and results-driven work environments.

The Reference Standards Product Manager has the following responsibilities:

* Item forecasting, pricing, and margin analysis
* Develop and present business case and supporting rationale for new and existing items
* Stays abreast of industry and market trends and key competitive intelligence to drive product strategies.
* Lead pipeline prioritization efforts, aligning pipeline to segment value and organizational strategies/prioritization
* Work with Industry Programs, Science and Operations, and others to facilitate new product launches
* Support Industry Programs, Regional and Sales staff in new product training and related customer solutions
* Support continuous improvement of forecasting and product performance against key success metrics
* Manage product mix and optimization for selection and discontinuation of products that enhance profitability
* Identify new product opportunities based on customer needs, feedback, and strategic insights
* Work collaboratively with Marketing, Sales, and Regions to launch and monitor feedback and uptake of items
* Maintain and update product roadmaps to meet targeted product pipeline and growth goals.

**Who is USP Looking For?**

The successful candidate will have a demonstrated understanding of our mission, commitment to excellence through inclusive and equitable behaviors and practices, ability to quickly build credibility with stakeholders, along with the following competencies and experience:

* Bachelor’s/Master’s degree in business, Marketing or Science fields with a MBA Degree.
* Minimum three (3) to seven (7) years of professional experience in Pharmaceutical industry or related field
* At least one (1) to two (2) years managing large product portfolios across B2B and/or B2C companies and managing high performance cross-functional teams.
* Experience with financial analysis, forecasting, data and analytical tools
* Strong quantitative and critical thinking skills with ability to handle complexity and drive data-driven solutions.
* Ability to develop and present dashboards, templates and business cases supported by strong rationale, customer insights and business growth goals.
* Self-starter and highly self-motivated, assumes personal accountability for results and performance.
* Working knowledge of syndicated data and analysis, such as IQVIA, Cortellis, Dailymed, etc
* Knowledge of Microsoft Word, Excel, PowerPoint
* Strong written and verbal communication and cross-functional collaboration skills

**Supervisory Responsibilities**

None, this is an individual contributor role.

**Benefits**

USP provides the benefits to protect yourself and your family today and tomorrow. From company-paid time off and comprehensive healthcare options to retirement savings, you can have peace of mind that your personal and financial well-being is protected.

Note: USP does not accept unsolicited resumes from 3rd party recruitment agencies and is not responsible for fees from recruiters or other agencies except under specific written agreement with USP.

**Job Category** Technical Programs

**Job Type** Full-Time",,https://in.indeed.com/cmp/U.S.-Pharmacopeia-1,https://d2q79iu7y748jz.cloudfront.net/s/_squarelogo/256x256/6abd675795be2980ab3034e70eef1709,http://www.usp.org,"Rockville, MD","1,001 to 5,000",$100M to $500M (USD),"USP is a scientific nonprofit organization that sets standards for the identity, strength, quality, and purity of medicines, food ingredients and dietary supplements.",,,,,,,2026-10-01,"TS, IN"
in-8db6e95b49aa3ce6,indeed,https://in.indeed.com/viewjob?jk=8db6e95b49aa3ce6,https://JPMorganChase.contacthr.com/153787407,Product Manager,JPMorganChase,"TS, IN",2026-10-01,fulltime,,,,,,False,,,,,"**JOB DESCRIPTION**  
  
  

You enjoy shaping the future of product innovation as a core leader, driving value for customers, guiding successful launches, and exceeding expectations. Join our dynamic team and make a meaningful impact by delivering high-quality products that resonate with clients.

As a Product Manager in Consumer & Community Banking Team, you are an integral part of the team that innovates new product offerings and leads the end-to-end product life cycle. As a core leader, you are responsible for acting as the voice of the customer and developing profitable products that provide customer value. Utilizing your deep understanding of how to get a product off the ground, you guide the successful launch of products, gather crucial feedback, and ensure top-tier client experiences. With a strong commitment to scalability, resiliency, and stability, you collaborate closely with cross-functional teams to deliver high-quality products that exceed customer expectations.

**Job responsibilities**

* Develops a product strategy and product vision that delivers value to customers
* Manages discovery efforts and market research to uncover customer solutions and integrate them into the product roadmap
* Owns, maintains, and develops a product backlog that enables development to support the overall strategic roadmap and value proposition
* Builds the framework and tracks the product's key success metrics such as cost, feature and functionality, risk posture, and reliability

**Required qualifications, capabilities, and skills**

* 5+ years of experience or equivalent expertise in product management or a relevant domain area
* Advanced knowledge of the product development life cycle, design, and data analytics
* Proven ability to lead product life cycle activities including discovery, ideation, strategic development, requirements definition, and value management

**Preferred qualifications, capabilities, and skills**

* Demonstrated prior experience working in a highly matrixed, complex organization

**ABOUT US**  
  
  

JPMorganChase, one of the oldest financial institutions, offers innovative financial solutions to millions of consumers, small businesses and many of the world's most prominent corporate, institutional and government clients under the J.P. Morgan and Chase brands. Our history spans over 200 years and today we are a leader in investment banking, consumer and small business banking, commercial banking, financial transaction processing and asset management.  
  
We recognize that our people are our strength and the diverse talents they bring to our global workforce are directly linked to our success. We are an equal opportunity employer and place a high value on diversity and inclusion at our company. We do not discriminate on the basis of any protected attribute, including race, religion, color, national origin, gender, sexual orientation, gender identity, gender expression, age, marital or veteran status, pregnancy or disability, or any other basis protected under applicable law. We also make reasonable accommodations for applicants' and employees' religious practices and beliefs, as well as mental health or physical disability needs. Visit our FAQs for more information about requesting an accommodation.

  
  
**ABOUT THE TEAM**
  
  
Our Consumer & Community Banking division serves our Chase customers through a range of financial services, including personal banking, credit cards, mortgages, auto financing, investment advice, small business loans and payment processing. We're proud to lead the U.S. in credit card sales and deposit growth and have the most-used digital solutions – all while ranking first in customer satisfaction.",,https://in.indeed.com/cmp/Jpmorganchase-2,https://d2q79iu7y748jz.cloudfront.net/s/_squarelogo/256x256/62e186e96c7550325814ef6880fae379,https://www.jpmorganchase.com/,"New York, NY","10,000+",more than $10B (USD),"Headquartered in New York City, JPMorgan Chase is the largest bank in the United States.",,,,,,,2026-10-01,"TS, IN"
in-5a7ab22260895750,indeed,https://in.indeed.com/viewjob?jk=5a7ab22260895750,http://in.indeed.com/job/technical-product-manager-5a7ab22260895750,Technical Product Manager,Crowdnetic Technologies Private Limited,"TS, IN",2026-10-01,fulltime,direct_data,yearly,973084.0,2039968.75,INR,False,,,,,"**Job Description: Technical Product Manager**

**Location:** Uppal, Hyderabad

**Employment Type:** Full-Time (Work from Office)

**Experience Level:** Senior (10+ years)

**About US**

**Crowdnetic Technologies Private Limited is a subsidiary of FinMkt.Inc., New York is an unlisted private company incorporated on 18 January 2016 based out of in Hyderabad, Telangana**

**About the Role**

We are looking for an experienced **Technical Product Manager** to guide how changes are planned and implemented on our backend-heavy fintech platform, built on Java, Spring Boot, Groovy and microservices, with MongoDB and a Vue.js frontend. In this role, you will be the central review point for platform changes, working with engineering, QA and business teams so that each change is well analysed, well designed and documented before development begins.

**Key Responsibilities**

* **Use Case Analysis:** Work with business and product stakeholders to understand requirements, define use cases and user flows, and confirm expected behaviour before work is taken up.
* **Edge Case Identification:** Identify edge cases, exception scenarios and failure conditions for each change, and make sure they are covered in the design and test plans.
* **Product Design with Technical Analysis:** Translate requirements into product designs supported by technical analysis, covering service placement, API contracts, data model changes and integration points.
* **Change Review & Implementation Approach:** Review change requests, assess their impact across microservices, APIs, MongoDB collections and downstream consumers, and agree on the implementation approach with engineering.
* **Data & Configuration Changes:** Guide changes to MongoDB document structures, indexes and data migrations, as well as Groovy-based scripts and configurations, with attention to backward compatibility.
* **Documentation & Traceability:** Maintain clear records linking requirements, design decisions, code changes and releases, including release and rollback plans for each change.
* **Compliance:** Help ensure product features and technical changes follow applicable financial regulations and standards (e.g., PCI-DSS, GDPR, SOC2) and support audit needs.
* **Agile Delivery:** Lead sprint planning, backlog grooming and retrospectives, with epics and user stories that include clear acceptance criteria and technical detail.
* **Cross-Functional Collaboration:** Act as the technical point of contact between engineering, QA, compliance and business teams.

**Qualifications & Experience**

* **Overall Experience:** 10+ years in Technical Product Management, Technical Program Management or Software Engineering, including at least 4–5 years of hands-on backend development or technical leadership in Java and Spring Boot.
* **Industry Experience:** At least 5 years in a fintech organisation (e.g., payments, banking technology, wealth management, lending).
* **Education:** Bachelor’s or Master’s degree in Computer Science, Engineering, Information Systems or a related field.
* **Technical Skills:** Good understanding of microservices architecture, including service boundaries, inter-service communication and API contract management; practical experience with MongoDB data modelling, indexing and production data changes; working knowledge of Groovy; familiarity with Vue.js to assess the frontend impact of backend changes.
* **Analytical Skills:** Experience in use case analysis, edge case identification and writing functional and technical specifications.
* **Tools:** Experience with Confluence, Jira and Swagger/Open API, and the ability to read and review code, design documents and API specifications.
* **Communication:** Ability to explain technical constraints and trade-offs clearly to business stakeholders.

**Preferred Skills**

* Experience moving teams from legacy systems to modern cloud infrastructure.
* Familiarity with compliance audits and building features for regulatory reporting.
* Certifications such as CSPO, PMP or AWS Certified Cloud Practitioner.

**Perks and Benefits:**

Work-life balance

Health & accidental insurance

Employee Provident Fund

Open door policy with the leadership team. Co-founders are just a call away.

**Salary:** As Per Industry Standard

**Commute:** Own Transportation (No cab facility)

**Location**: SEZ, NSL Towers, Uppal, Hyderabad – Telangana 500039

Pay: ₹973,084.03 - ₹2,039,968.70 per year

Benefits:

* Health insurance
* Provident Fund

Work Location: In person",,https://in.indeed.com/cmp/Crowdnetic-Technologies-Private-Limited,,,,,,,,,,,,,2026-10-01,"TS, IN"
gd-1010280626184,glassdoor,https://www.glassdoor.co.in/job-listing/j?jl=1010280626184,,Senior Product Manager (Integrations),Cvent,Gurgaon,2026-10-01,,direct_data,yearly,300000.0,874692.0,INR,False,,,organic,,,,https://www.glassdoor.co.in/Overview/W-EI_IE104683.htm,https://media.glassdoor.com/sql/104683/cvent-squarelogo-1501157240072.png,,,,,,,,,,,,2026-10-01,Gurgaon
li-4472527492,linkedin,https://www.linkedin.com/jobs/view/4472527492,,Product Manager,Shipsoft Solutions,"Chennai, Tamil Nadu, India",2026-10-01,,,,,,,False,,,,,,,https://sg.linkedin.com/company/shipsoft-solutions,,,,,,,,,,,,,2026-10-01,Chennai
gd-1010279350639,glassdoor,https://www.glassdoor.co.in/job-listing/j?jl=1010279350639,,Product Manager III,Expedia,Gurgaon,2026-10-01,,direct_data,yearly,400000.0,504000.0,INR,False,,,organic,,,,https://www.glassdoor.co.in/Overview/W-EI_IE9876.htm,https://media.glassdoor.com/sql/9876/expedia-group-squareLogo-1779088880022.png,,,,,,,,,,,,2026-10-01,Gurgaon
li-4455786778,linkedin,https://www.linkedin.com/jobs/view/4455786778,,"Sr Product Manager, Amazon Wholesale",Amazon,"Bengaluru, Karnataka, India",2026-10-01,,,,,,,False,,,,,,,https://www.linkedin.com/company/amazon,,,,,,,,,,,,,2026-10-01,Bengaluru
li-4440660649,linkedin,https://www.linkedin.com/jobs/view/4440660649,,Product Manager II,Cvent,"Bengaluru, Karnataka, India",2026-10-01,,,,,,,False,,,,,,,https://www.linkedin.com/company/cvent,,,,,,,,,,,,,2026-10-01,Bengaluru
li-4474137843,linkedin,https://www.linkedin.com/jobs/view/4474137843,,Product Manager,Yulu,Greater Bengaluru Area,2026-10-01,,,,,,,False,,,,,,,https://in.linkedin.com/company/yulu,,,,,,,,,,,,,2026-10-01,Greater Bengaluru Area
li-4472516009,linkedin,https://www.linkedin.com/jobs/view/4472516009,,Product Manager,Zixflow,"Bengaluru, Karnataka, India",2026-10-01,,,,,,,False,,,,,,,https://www.linkedin.com/company/zixflow,,,,,,,,,,,,,2026-10-01,Bengaluru
li-4472902830,linkedin,https://www.linkedin.com/jobs/view/4472902830,,Senior Product Manager (B2B),Refold AI,"Bengaluru, Karnataka, India",2026-10-01,,,,,,,False,,,,,,,https://www.linkedin.com/company/refoldai,,,,,,,,,,,,,2026-10-01,Bengaluru
li-4455913458,linkedin,https://www.linkedin.com/jobs/view/4455913458,,"Senior Product Manager, Amazon Now",Amazon,"Bengaluru, Karnataka, India",2026-10-01,,,,,,,False,,,,,,,https://www.linkedin.com/company/amazon,,,,,,,,,,,,,2026-10-01,Bengaluru
nk-011026024175,naukri,https://www.naukri.com/job-listings-senior-product-manager-salesforce-integration-cvent-bengaluru-delhi-ncr-12-to-16-years-011026024175,,Senior Product Manager (Salesforce Integration),Cvent,"Bengaluru, Delhi / NCR, India",2026-10-01,,,,,,,False,,,,,,,https://www.naukri.com/cvent-jobs-careers-188630,https://img.naukimg.com/logo_images/groups/v1/106364.gif,,,,,,"Product Strategy, Product Management, Integration, Product Vision, Product Roadmap, CRM Integration, Salesforce Integration, Vision",12-16 Yrs,3.1,631.0,,Hybrid,2026-10-01,"Bengaluru, Delhi / NCR, India"
nk-011026500251,naukri,https://www.naukri.com/job-listings-senior-product-manager-arcadia-chennai-6-to-10-years-011026500251,,Senior Product Manager,Urjanet Energy Solutions,"Chennai, India",2026-10-01,,,,,,,False,,,,,,,https://www.naukri.com/urjanet-energy-solutions-jobs-careers-3885634,https://img.naukimg.com/logo_images/groups/v1/3917204.gif,,,,,,"marketing, project management, product management, customer feedback, product development, agile methodologies, product manager, agile",6-10 Yrs,3.9,140.0,,Work from office,2026-10-01,"Chennai, India"
nk-011026501224,naukri,https://www.naukri.com/job-listings-senior-product-manager-couchbase-inc-bengaluru-10-to-12-years-011026501224,,Senior Product Manager,Couchbase,"Bengaluru, India",2026-10-01,,,,,,,False,,,,,,,https://www.naukri.com/couchbase-jobs-careers-2032774,https://img.naukimg.com/logo_images/groups/v1/1378070.gif,,,,,,"Product management, metadata, Competitive analysis, Analytical, Financial planning, Wellness, Operations, Analytics",10-12 Yrs,4.3,14.0,,Work from office,2026-10-01,"Bengaluru, India"
nk-060326013805,naukri,https://www.naukri.com/job-listings-senior-product-manager-tata-consultancy-services-bengaluru-8-to-12-years-060326013805,,Senior Product Manager,Tata Consultancy Services,"Bengaluru, India",2026-10-01,,,,,,,False,,,,,,,https://www.naukri.com/tata-consultancy-services-jobs-careers-13542,https://img.naukimg.com/logo_images/groups/v1/223346.gif,,,,,,"Product Management, Agile, Product Life Cycle Management, Life cycle, Life Cycle Management, Senior, Management, Product Life Cycle",8-12 Yrs,3.2,122731.0,,Work from office,2026-10-01,"Bengaluru, India"
nk-011026501212,naukri,https://www.naukri.com/job-listings-product-manager-tesco-polska-bengaluru-6-to-11-years-011026501212,,Product Manager,Tesco,"Bengaluru, India",2026-10-01,,,,,,,False,,,,,,,https://www.naukri.com/tesco-jobs-careers-22878,https://img.naukimg.com/logo_images/groups/v1/24010.gif,,,,,,"Product management, Backend, Front end, Configuration management, Agile, Asset management, Medical insurance, JIRA",6-11 Yrs,3.6,1599.0,,Work from office,2026-10-01,"Bengaluru, India"
li-4472916664,linkedin,https://www.linkedin.com/jobs/view/4472916664,,Product Manager,Global HealthX,"Hyderabad, Telangana, India",2026-10-01,,,,,,,False,,,,,,,https://in.linkedin.com/company/global-health-x,,,,,,,,,,,,,2026-10-01,Hyderabad
gd-1010279502315,glassdoor,https://www.glassdoor.co.in/job-listing/j?jl=1010279502315,,Product Manager,Visa Worldwide Pte. Limited,Bengaluru,2026-10-01,,direct_data,yearly,500000.0,500000.0,INR,False,,,organic,,,,https://www.glassdoor.co.in/Overview/W-EI_IE3035.htm,https://media.glassdoor.com/sql/3035/visa-inc-squareLogo-1627484054817.png,,,,,,,,,,,,2026-10-01,Bengaluru
gd-1010279257611,glassdoor,https://www.glassdoor.co.in/job-listing/j?jl=1010279257611,,Product Manager,Tesco India,Bengaluru,2026-10-01,,direct_data,yearly,300000.0,900000.0,INR,False,,,organic,,,,https://www.glassdoor.co.in/Overview/W-EI_IE10250.htm,https://media.glassdoor.com/sql/10250/tesco-squarelogo-1523649856634.png,,,,,,,,,,,,2026-10-01,Bengaluru
gd-1010280420526,glassdoor,https://www.glassdoor.co.in/job-listing/j?jl=1010280420526,,Product Manager I,UST,Bengaluru,2026-10-01,,,,,,,False,,,organic,,,,https://www.glassdoor.co.in/Overview/W-EI_IE155577.htm,https://media.glassdoor.com/sql/155577/ust-squareLogo-1687794678794.png,,,,,,,,,,,,2026-10-01,Bengaluru
gd-1010279334423,glassdoor,https://www.glassdoor.co.in/job-listing/j?jl=1010279334423,,"Lead Product Manager, AI (MarTech)",DocuSign,Bengaluru,2026-10-01,,direct_data,yearly,450000.0,600000.0,INR,False,,,organic,,,,https://www.glassdoor.co.in/Overview/W-EI_IE307604.htm,https://media.glassdoor.com/sql/307604/docusign-squareLogo-1712840936863.png,,,,,,,,,,,,2026-10-01,Bengaluru
gd-1010278982215,glassdoor,https://www.glassdoor.co.in/job-listing/j?jl=1010278982215,,"Lead Technical Product Manager, ITC",Nike,India,2026-10-01,,,,,,,False,,,organic,,,,https://www.glassdoor.co.in/Overview/W-EI_IE1699.htm,https://media.glassdoor.com/sql/1699/nike-squareLogo-1773687482815.png,,,,,,,,,,,,2026-10-01,India
gd-1010278982187,glassdoor,https://www.glassdoor.co.in/job-listing/j?jl=1010278982187,,"Principal Technical Product Manager, ITC",Nike,India,2026-10-01,,,,,,,False,,,organic,,,,https://www.glassdoor.co.in/Overview/W-EI_IE1699.htm,https://media.glassdoor.com/sql/1699/nike-squareLogo-1773687482815.png,,,,,,,,,,,,2026-10-01,India
nk-011026504292,naukri,https://www.naukri.com/job-listings-product-manager-rategain-noida-5-to-8-years-011026504292,,Product Manager,Rategain,"Noida, India",2026-10-01,,,,,,,False,,,,,,,https://www.naukri.com/rategain-jobs-careers-20170,https://img.naukimg.com/logo_images/groups/v1/424148.gif,,,,,,"market trends, project management, version control, product manager, agile development, market research, research, sales",5-8 Yrs,3.6,236.0,,Work from office,2026-10-01,"Noida, India"
nk-240626014523,naukri,https://www.naukri.com/job-listings-product-manager-neuroglia-health-bengaluru-3-to-7-years-240626014523,,Product Manager,Neuroglia Health,"Bengaluru, India",2026-10-01,,direct_data,yearly,1500000.0,2000000.0,INR,False,,,,,,,https://www.naukri.com/neuroglia-health-jobs-careers-1648710,https://img.naukimg.com/logo_images/groups/v1/4614597.gif,,,,,,"Product Management, Prd, Product Roadmap, Funnel Analysis, Cursor, Mixpanel, SQL, Agentic Ai",3-7 Yrs,3.8,38.0,,Work from office,2026-10-01,"Bengaluru, India"
nk-011026502602,naukri,https://www.naukri.com/job-listings-product-manager-trinet-group-inc-vadali-hyderabad-7-to-10-years-011026502602,,Product Manager,Trinet Group,"Vadali, Hyderabad, India",2026-10-01,,,,,,,False,,,,,,,https://www.naukri.com/trinet-group-jobs-careers-3006162,https://img.naukimg.com/logo_images/groups/v1/11166286.gif,,,,,,"Product management, Health insurance, Administration, Payroll, HRIS, Consulting, Business strategy, Stakeholder management",7-10 Yrs,2.7,70.0,,Work from office,2026-10-01,"Vadali, Hyderabad, India"
in-a28ac33f8b5c0c91,indeed,https://in.indeed.com/viewjob?jk=a28ac33f8b5c0c91,https://jobs.ebayinc.com/us/en/job/R0076494,"Sr. Product Manager, Digital Services AI",eBay,"KA, IN",2026-10-01,fulltime,,,,,,False,,,,talent@ebay.com,"JOB DESCRIPTION

At eBay, we're more than a global ecommerce leader — we’re changing the way the world shops and sells. Our platform empowers millions of buyers and sellers in more than 190 markets around the world. We’re committed to pushing boundaries and leaving our mark as we reinvent the future of ecommerce for enthusiasts.

Our customers are our compass, authenticity thrives, bold ideas are welcome, and everyone can bring their unique selves to work — every day. We're in this together, sustaining the future of our customers, our company, and our planet.

Join a team of passionate thinkers, innovators, and dreamers — and help us connect people and build communities to create economic opportunity for all.

**About the team and the role**
-------------------------------

The Digital Services AI Product team is building the foundation for the next generation of help experiences on eBay. We are focused on making support personalized, effortless, fast, and trusted, providing seamless help where and when customers need it.

With hundreds of millions of listings and a global community of buyers and sellers, eBay’s scale creates a unique opportunity to transform how people find help, resolve issues, and navigate an increasingly complex global commerce and regulatory environment. We are developing an ecosystem of AI Agents and composable AI platforms that enable adaptive, scalable help experiences across every customer touchpoint.

As a Senior Product Manager, you will define and lead the strategy for how we design, build, and scale AI-powered help experiences, including capabilities that help eBay address **product regulatory compliance requirements and policies at scale**. You will work closely with design, engineering, data science, operations, policy, legal, and compliance teams to turn emerging AI capabilities, customer needs, and regulatory requirements into simple, trusted, and impactful products for customers and the business.

**What You Will Accomplish**
----------------------------

* Define the product strategy, roadmap, and execution for AI Agents, composable AI platforms, and capabilities supporting **product regulatory compliance and trusted commerce experiences**.
* Identify opportunities to use AI, automation, and data to improve how regulatory requirements and product policies are understood, operationalized, and surfaced across customer experiences.
* Translate customer, business, policy, and regulatory needs into clear, actionable product direction and requirements.
* Partner with **Legal, Policy, Compliance, Risk, Operations, Engineering, Design, and Data Science** to build scalable solutions that balance customer experience, regulatory obligations, and business objectives.
* Use data and experimentation to guide decisions, measure impact, identify emerging risks, and drive continuous improvement.
* Bring customer insights, regulatory developments, data, and industry trends together to inform product strategy and improve the product experience.
* Develop scalable capabilities that can adapt to **evolving product regulations, marketplace policies, and requirements across markets and jurisdictions**.
* Partner closely with design, engineering, and data science to deliver reliable, explainable, and high-quality AI-powered products at scale.
* Build alignment and strong partnerships across teams to stay focused on shared goals and drive execution across complex, cross-functional initiatives.
* Keep customer trust, safety, and ease of use at the center of product decisions while enabling eBay to meet its regulatory and policy commitments.

**What You Will Bring**
-----------------------

* 6+ years of product management experience, ideally including experience with AI/ML, data-driven products, trust, risk, compliance, policy, or marketplace platforms.
* Experience applying AI and automation to improve customer experiences and solve complex customer or business problems, such as conversational AI, decisioning, classification, policy interpretation, or workflow automation.
* Experience working on **product regulatory compliance, trust, risk, policy, or other regulated product domains** is highly valued.
* Ability to translate complex regulatory, policy, operational, and technical requirements into scalable product capabilities and intuitive customer experiences.
* Skilled at using data and insights to uncover opportunities, drive prioritization, assess risk, and measure success.
* Technical fluency and foresight to collaborate effectively with engineers, data scientists, and AI/ML teams.
* Strong judgment when working with AI-powered products where **accuracy, explainability, customer trust, and regulatory compliance** are important.
* High ownership mindset with a bias for action and focus on creating customer and business impact.
* Exceptional leadership, communication, and collaboration skills across technical and non-technical teams, including Legal, Compliance, Policy, and Operations.
Experience building 0* 1 products and navigating ambiguity, evolving requirements, and complex stakeholder environments with confidence.
* Experience in e-commerce, marketplaces, customer support, self-service, trust, risk, or regulatory technology is a plus but not required.

**Additional Details**

eBay is an equal opportunity employer. All qualified applicants will receive consideration for employment without regard to race, color, religion, national origin, sex, sexual orientation, gender identity, veteran status, and disability, or other legally protected status. If you have a need that requires accommodation, please contact us at talent@ebay.com. We will make every effort to respond to your request for accommodation as soon as possible. View our accessibility statement to learn more about eBay's commitment to ensuring digital accessibility for people with disabilities.

  

We use cookies to enhance your experience and may use AI tools for administrative tasks in the hiring process. To learn how we handle your personal data and use AI responsibly, please visit our Talent Privacy Notice, Privacy Center, and AI Hiring Guidelines.

Apply Now

Save Job",,https://in.indeed.com/cmp/Ebay,https://d2q79iu7y748jz.cloudfront.net/s/_squarelogo/256x256/6954015870469ef6655584dcf75c7b1d,http://www.ebayinc.com,"San Jose, CA","10,000+",more than $10B (USD),We connect people and build communities to create economic opportunity for all.,,,,,,,2026-10-01,"KA, IN"
in-ab51d4d27225926d,indeed,https://in.indeed.com/viewjob?jk=ab51d4d27225926d,https://broadridge.wd5.myworkdayjobs.com/Careers/job/Bengaluru-EPIP-Industrial-Area/Product-Lead_JR1084884,Product Lead - AI,Broadridge,"KA, IN",2026-10-01,fulltime,,,,,,False,,,,,"At Broadridge, we've built a culture where the highest goal is to empower others to accomplish more. If you’re passionate about developing your career, while helping others along the way, come join the Broadridge team.

**Key Responsibilities**

* **Oversight** **& Best Practices:** Optimize product management processes, employing AI where possible and proactively identify areas for standardization and improved efficiency (e.g. Service Descriptions), document and implement.
* **Roadmap Support**: Oversee process for product managers in developing and managing roadmaps; coordinating feedback for process improvements, and preparing client and senior management-ready roadmap views near on-demand.
* **Governance Coordination**: Support execution of annual **Wealth Investment Governance Board** by defining and coordinating PM driven templates, supporting content creation, execute logistics and run of show and following up on actions.
* **Strategic Support**: Opportunity to contribute to ad hoc strategic client or internal projects and initiatives as directed by Senior Management, such as documentation and coordination across product for Strat Planning, Growth Day and Client Sales Opportunities.
* **AI:** Assist teams in utilizing BR AI tools to capture valuable product insights that support their strategies and client adoption. Contributing to and supporting the Wealth AI task force, and ideating on new innovations to support the COE and managing reporting and metrics.

**What Success Looks Like:**

  

* Implemented Service Description workflow and attestation process, including coordinated legal updates and tracking of common elements.
* Ability to produce on-demand roadmaps by product or Wealth overall as required both from clients and internally
* Efficiently executed internal events that impact and advance our strategic Wealth initiatives, providing clear actions and follow ups with stakeholders and clients.
* Become a Go-To Product COE expert in support of our Product teams, ensuring their success in delivering high quality roadmaps, ideas and processes.
* Delivery of well documented processes and best practices available to all associates, maintained and updated consistently
* AI driven process ideation and implementation of our product management process, creating efficiencies and best practices adopted across the COE.

We are dedicated to fostering a collaborative, engaging, and inclusive environment and are committed to providing a workplace that empowers associates to be authentic and bring their best to work. We believe that associates do their best when they feel safe, understood, and valued, and we work diligently and collaboratively to ensure Broadridge is a company—and ultimately a community—that recognizes and celebrates everyone’s unique perspective.

**Use of AI in Hiring**

As part of the recruiting process, Broadridge may use technology, including artificial intelligence (AI)-based tools, to help review and evaluate applications. These tools are used only to support our recruiters and hiring managers, and all employment decisions include human review to ensure fairness, accuracy, and compliance with applicable laws. Please note that honesty and transparency are critical to our hiring process. Any attempt to falsify, misrepresent, or disguise information in an application, resume, assessment, or interview will result in disqualification from consideration.",,https://in.indeed.com/cmp/Broadridge-f222f83e,https://d2q79iu7y748jz.cloudfront.net/s/_squarelogo/256x256/154f0758f816bf97462a2adadbdeb7b9,http://www.broadridge.com,"Lake Success, NY","10,000+",$5B to $10B (USD),"Broadridge is a global Fintech leader, delivering technology-driven solutions that drive digital transformation for banks, broker-dealers, asset and wealth managers and public companies.",,,,,,,2026-10-01,"KA, IN"
nk-011026503150,naukri,https://www.naukri.com/job-listings-associate-product-manager-narayana-health-bengaluru-6-to-11-years-011026503150,,Associate Product Manager,Narayana Health (NH),"Bengaluru, India",2026-10-01,,,,,,,False,,,,,,,https://www.naukri.com/narayana-health-nh-jobs-careers-832893,https://img.naukimg.com/logo_images/groups/v1/565512.gif,,,,,,"advanced analytics, data analysis, ai frameworks, ai, building automation, analytical skills, data analyst, analytics",6-11 Yrs,4.0,2252.0,,Work from office,2026-10-01,"Bengaluru, India"
nk-011026927447,naukri,https://www.naukri.com/job-listings-product-manager-optum-global-solutions-india-private-limited-bengaluru-3-to-8-years-011026927447,,Product Manager,Optum,"Bengaluru, India",2026-10-01,,,,,,,False,,,,,,,https://www.naukri.com/optum-jobs-careers-126573,https://img.naukimg.com/logo_images/groups/v1/4847169.gif,,,,,,"Advanced Analytics, Backlog Refinement, Architecture, Ai, Analytics, Business Analysis, Cloud Data, Cspo",3-8 Yrs,4.0,8709.0,,Work from office,2026-10-01,"Bengaluru, India"
li-4465669196,linkedin,https://www.linkedin.com/jobs/view/4465669196,,"Sr. Product Manager, FBA Inventory Management, WW FBA",Amazon,"Bengaluru, Karnataka, India",2026-10-01,,,,,,,False,,,,,,,https://www.linkedin.com/company/amazon,,,,,,,,,,,,,2026-10-01,Bengaluru
in-4956a92514915e6b,indeed,https://in.indeed.com/viewjob?jk=4956a92514915e6b,https://jobs.eu.lever.co/kwalee/f6861723-d42c-4676-8cae-7367be150513?lever-source=Indeed,Senior Product Manager,Kwalee Ltd,"KA, IN",2026-10-01,fulltime,,,,,,True,,,,,"**Level Up Your Career!**

At Kwalee, you’ll join a gaming powerhouse that boasts a mobile empire with 1.5 billion+ downloads alongside a thriving PC & Console division that has achieved numerous global chart-topping releases across Steam, Consoles, and Amazon, driving millions of Wishlists. Most recently publishing breakout hits such as The Precinct and Town to City. It’s a unique chance to bring your expertise to a global studio that dominates both the mobile, and the indie PC and Console space.

At Kwalee, as well as a competitive salary we also offer; Private Medical Insurance, door-to-door transport scheme, free food & drinks, free game codes & merch, LinkedIn Learning, 20 annual leave days + bank holidays, and 1 day extra day for each year of service capped at 5.

**Join the team!**  

Kwalee’s Product & Growth team is looking for a Senior or Lead Product Manager to shape what comes next in our live games: what we change, why, and what it will earn.

You’ll team up with our Executive Producers: they lead how we build, you lead what we build and why, and together you make our games better and better.

We’ll match the title to your experience. This role is for you if you’re a product leader who loves living in player data, forming bold hypotheses about retention, engagement, and monetisation, running clean experiments, and turning results into confident decisions.

This role is based in our Bangalore studio, working onsite 5 days per week, where our daily in-office collaboration fuels creativity and innovation.

### **What You’ll Do:**

* **Understand the games inside out.** Know the key numbers for each game, find the biggest opportunities in retention, engagement, economy, and monetisation, and size them.
* **Start with a hypothesis.** Turn every opportunity into a clear hypothesis with a success metric, so every feature ships with a purpose.
* **Run experiments that decide.** Design A/B tests with our product analysts, read them with an open mind, and decide together with the producer what ships next.
* **Shape the roadmap.** Build and prioritise the game roadmap with the Executive Producer, ranked by the value it will create.
* **Connect growth and product.** Bring what UA and creative learn about our players into the games, and work with monetisation on the best player experience.
* **Grow the product craft.** Guide our product analysts and help set how we do product across the portfolio.
* **Spot tomorrow’s hits.** Bring a product view to our most promising new games as they grow.

### **What You’ll Own:**

Great product decisions and the extra player value that they will create in our biggest games.

You’ll be the champion who ensures every big player opportunity gets a smart hypothesis, a clear experiment, and a place on the roadmap.

**How we’ll celebrate your success:**

* Growth in LTV and profit from product changes
* Retention, engagement, and monetisation in your games
* Experiments launched, learned from, and shipped
* Clear, well-reasoned roadmap decisions

### **What We’re Looking For:**

**Essential**

* Senior product management experience in F2P mobile games, with live games you’ve measurably improved.
* Strong analytical skills: at home with cohorts, funnels, and experiment design; A great understanding of game economies, progression, LiveOps, and hybrid monetisation.
* A hypothesis-driven mindset: you know what you expect to happen, why, and what you’ll do if you’re wrong.
* Experience partnering closely with producers or game leads
* A clear, warm communicator who makes the case in players and pounds.

**Desirable**

* SQL experience.
* Experience guiding or mentoring analysts.
* Puzzle or hybrid-casual mobile game experience

### **Why Kwalee?**

* **Generous Holiday:** Start with 20 days of annual leave, plus bank holidays. You'll also earn an extra day for every year of service, up to 5 years!
* **Flexible Working:** We offer core hours that allow you to work flexibly around your life, and a bank of 'Work From Home' days to use when you need them.
* **Health Cover:** Private Medical Insurance covering you and your family
* **Free Food & Drink:** Fuel your day with unlimited free snacks and drinks.
* **Gaming Goodies:** Receive Steam codes for all our game releases!
* **Transport:** Save on your commute with our budget-friendly, door-to-door transport facility.
* **Office Location:** Work from our Bangalore office immersing yourself in the dynamic heart of India's Silicon Valley, where explosive career opportunities seamlessly blend with a vibrant, cosmopolitan lifestyle and fantastic year-round weather.
* **Professional Development:** Take advantage of our corporate LinkedIn Learning subscription to enhance your skill set
* **Merch & Events:** Get exclusive Kwalee merch, enjoy fun seasonal events, and stay informed with regular town halls.

### **Our Commitment to Diversity & Inclusion**

At Kwalee, we take pride in being an equal opportunity employer, where we believe that diversity and inclusion are essential to driving creativity. We are committed to creating a safe, welcoming, and supportive environment where everyone can thrive.

Our culture is built on celebrating the diverse voices of our team members, fuelling innovation and strengthening our connection to our players. We are dedicated to advancing equity, diversity, and inclusion across all areas of life, including age, disability, gender identity, marriage and civil partnership, pregnancy and maternity, race, religion or belief, sex, and sexual orientation.

We recognise the importance of self-development, career progression, and well-being in retaining our talented team. At Kwalee, we celebrate individuality and encourage everyone to bring their authentic selves to work.

We may use artificial intelligence (AI) tools to support parts of the hiring process, such as reviewing applications, analyzing resumes, or assessing responses. These tools assist our recruitment team but do not replace human judgment. Final hiring decisions are ultimately made by humans. If you would like more information about how your data is processed, please contact us.",,https://in.indeed.com/cmp/Kwalee-Ltd,https://d2q79iu7y748jz.cloudfront.net/s/_squarelogo/256x256/ededd6fa1b9441c67409830ae2b3168e,https://www.kwalee.com,"Royal Leamington Spa, England",201 to 500,Decline to state,Kwalee Ltd is a developer and publisher of mobile games. It was founded in 2011 by David Darling CBE who originally co-founded Codemasters.,,,,,,,2026-10-01,"KA, IN"
nk-011026012391,naukri,https://www.naukri.com/job-listings-mdm-product-manager-alike-thoughts-hyderabad-5-to-10-years-011026012391,,MDM Product Manager,Alike Thoughts,"Hyderabad, India",2026-10-01,,direct_data,yearly,2250000.0,3250000.0,INR,False,,,,,,,https://www.naukri.com/alike-thoughts-jobs-careers-618703,https://img.naukimg.com/logo_images/groups/v1/4904893.gif,,,,,,"Product Management, MDM",5-10 Yrs,,,10.0,Work from office,2026-10-01,"Hyderabad, India"
li-4474361829,linkedin,https://www.linkedin.com/jobs/view/4474361829,,Lead Product Manager,Providence India,"Hyderabad, Telangana, India",2026-10-01,,,,,,,False,,,,,,,https://in.linkedin.com/company/providenceindia,,,,,,,,,,,,,2026-10-01,Hyderabad
li-4467496937,linkedin,https://www.linkedin.com/jobs/view/4467496937,,Sr.Technical Product Manager - InsurTech,Chubb,"Hyderabad, Telangana, India",2026-10-01,,,,,,,False,,,,,,,https://ch.linkedin.com/company/chubb,,,,,,,,,,,,,2026-10-01,Hyderabad
li-4472695766,linkedin,https://www.linkedin.com/jobs/view/4472695766,,"Sr. Product Manager, Digital Services AI",eBay,"Bengaluru, Karnataka, India",2026-10-01,,,,,,,False,,,,,,,https://www.linkedin.com/company/ebay,,,,,,,,,,,,,2026-10-01,Bengaluru
li-4474533375,linkedin,https://www.linkedin.com/jobs/view/4474533375,,Senior Product Manager -US Healthcare IT product,Optum India,"Hyderabad, Telangana, India",2026-10-01,,,,,,,False,,,,,,,https://www.linkedin.com/company/optumindia,,,,,,,,,,,,,2026-10-01,Hyderabad
nk-011026501917,naukri,https://www.naukri.com/job-listings-product-manager-business-banking-smb-client-frontline-experiences-jp-morgan-and-chase-hyderabad-5-to-10-years-011026501917,,Product Manager - Business Banking -SMB Client & Frontline Experiences,JPMorgan Chase Bank,"Hyderabad, India",2026-10-01,,,,,,,False,,,,,,,https://www.naukri.com/jpmorgan-chase-bank-jobs-careers-183700,https://img.naukimg.com/logo_images/groups/v1/240936.gif,,,,,,"Product management, Automation, Sales operations, Workflow, SMB, Data analytics, microsoft, Customer engagement",5-10 Yrs,3.8,8395.0,,Work from office,2026-10-01,"Hyderabad, India"
nk-011026927552,naukri,https://www.naukri.com/job-listings-lead-product-manager-opentext-technologies-india-pvt-ltd-hyderabad-8-to-13-years-011026927552,,Lead Product Manager,Opentext,"Hyderabad, India",2026-10-01,,,,,,,False,,,,,,,https://www.naukri.com/opentext-jobs-careers-74956,https://img.naukimg.com/logo_images/groups/v1/4656015.gif,,,,,,"Agile, Business Intelligence, Leadership, Product Management, Product Manager, Epic, Ai, Microsoft Stack",8-13 Yrs,3.2,1380.0,,Work from office,2026-10-01,"Hyderabad, India"
nk-280926010815,naukri,https://www.naukri.com/job-listings-technical-product-manager-softility-tech-hyderabad-8-to-13-years-280926010815,,Technical Product Manager,Softility Tech,"Hyderabad, India",2026-10-01,,,,,,,False,,,,,,,https://www.naukri.com/softility-tech-jobs-careers-5045194,https://img.naukimg.com/logo_images/groups/v1/11126938.gif,,,,,,"product management, b2b, data flow diagrams, Data Flow, Management, Flow, Technical Product Management, Technical",8-13 Yrs,3.9,18.0,,Hybrid,2026-10-01,"Hyderabad, India"
in-dd856851b8c22097,indeed,https://in.indeed.com/viewjob?jk=dd856851b8c22097,https://wd1.myworkdaysite.com/recruiting/wf/WellsFargoJobs/job/Bengaluru-India/Senior-Product-Manager_R-575518-1,Senior Product Manager,Wells Fargo,"KA, IN",2026-10-01,fulltime,,,,,,False,,,,,"**About this role:**

Wells Fargo is seeking a Senior Product Manager

**In this role, you will:**

* Lead or participate in product management initiatives and deliverables for product lines or services
* Contribute to product analysis across applicable markets, conduct market research and market results-oriented analysis
* Review and analyze marketing programs for new products or enhancements including identification of market segments, product positioning, product bundling, pricing and profitability
* Resolve moderately complex issues and lead team to meet project goals, objectives and deliverables
* Ensure programs adhere to compliance, privacy regulations and policies
* Collaborate and consult with managers, analysts and project teams to ensure that goals are achieved
* Lead projects, teams or serve as a mentor

**Required Qualifications:**

* 4+ years of Product Management experience, product development experience, or equivalent demonstrated through one or a combination of the following: work experience, training, military experience, education
* 4+ years of experience partnering with technology, security, engineering, or infrastructure teams to deliver enterprise solutions.
* 4+ Experience managing product backlogs, roadmaps, prioritization, and stakeholder engagement.
* 4+ Experience translating business requirements into actionable product features and user stories.
* 4+ Experience working within Agile delivery methodologies.

**Desired Qualifications:**

* Experience executing and delivering on transformational programs
* Experience preparing strategic communications and articulating within presentations
* Experience leading strategic priorities and projects end to end
* Change management and delivery experience
* Experience with Jira/Confluence building Confluence pages, content and/or new boards and reports
* Excellent verbal, written, and interpersonal communication skills
* Ability to execute in a fast-paced, high-demand environment while balancing multiple priorities
* Outstanding problem solving and analytical skills with ability to turn findings into strategic objectives

**Job Expectations:**

* Ability to develop partnerships and collaborate effectively with other business and technology areas
* Ability to work effectively and lead in a team environment and across all organizational levels, where flexibility, collaboration, and adaptability are important
* Ability to take initiative and respond pro-actively to issues and escalations
* Ability to influence, partner, and negotiate with senior business leaders to gain commitment to accomplish business goals
* Ability to work a hybrid schedule, three (3) days in office and two (2) days remote

**Posting End Date:**

7 Oct 2026

* ***Job posting may come down early due to volume of applicants.***

**We Value Equal Opportunity**

Wells Fargo is an equal opportunity employer. All qualified applicants will receive consideration for employment without regard to race, color, religion, sex, sexual orientation, gender identity, national origin, disability, status as a protected veteran, or any other legally protected characteristic.

Employees support our focus on building strong customer relationships balanced with a strong risk mitigating and compliance-driven culture which firmly establishes those disciplines as critical to the success of our customers and company. They are accountable for execution of all applicable risk programs (Credit, Market, Financial Crimes, Operational, Regulatory Compliance), which includes effectively following and adhering to applicable Wells Fargo policies and procedures, appropriately fulfilling risk and compliance obligations, timely and effective escalation and remediation of issues, and making sound risk decisions. There is emphasis on proactive monitoring, governance, risk identification and escalation, as well as making sound risk decisions commensurate with the business unit’s risk appetite and all risk and compliance program requirements.

Candidates applying to job openings posted in Canada: Applications for employment are encouraged from all qualified candidates, including women, persons with disabilities, aboriginal peoples and visible minorities. Accommodation for applicants with disabilities is available upon request in connection with the recruitment process.

**Applicants with Disabilities**

To request a medical accommodation during the application or interview process, visit Disability Inclusion at Wells Fargo.

**Drug and Alcohol Policy**

Wells Fargo maintains a drug free workplace. Please see our Drug and Alcohol Policy to learn more.

**Wells Fargo Recruitment and Hiring Requirements:**

a. Third-Party recordings are prohibited unless authorized by Wells Fargo.

b. Wells Fargo requires you to directly represent your own experiences during the recruiting and hiring process.",,https://in.indeed.com/cmp/Wells-Fargo,https://d2q79iu7y748jz.cloudfront.net/s/_squarelogo/256x256/07f3360c67a60546023692be3d962d43,https://www.wellsfargojobs.com/en/well-life/,"San Francisco, CA","10,000+",more than $10B (USD),"Wells Fargo India enables global talent capabilities for Wells Fargo Bank NA., by supporting business lines and staff functions across technologies. We are operating in Hyderabad, Bengaluru & Chennai.",,,,,,,2026-10-01,"KA, IN"
nk-011026037692,naukri,https://www.naukri.com/job-listings-state-product-manager-waaree-energies-ltd-waaree-energies-nagpur-hyderabad-lucknow-5-to-10-years-011026037692,,State Product Manager-Waaree Energies Ltd,Waaree Energies,"Hyderabad, Nagpur, Lucknow, India",2026-10-01,,,,,,,False,,,,,,,https://www.naukri.com/waaree-energies-jobs-careers-718335,https://img.naukimg.com/logo_images/groups/v1/4639885.gif,,,,,,"rooftop solar Kits, channel sales, rooftop solar, PM Surya Ghar, solar schemes, Product Management, solar, solar rooftop kits",5-10 Yrs,4.0,969.0,3.0,Work from office,2026-10-01,"Hyderabad, Nagpur, Lucknow, India"
nk-011026927576,naukri,https://www.naukri.com/job-listings-product-manager-visa-consolidated-support-services-india-pvt-ltd-bengaluru-5-to-10-years-011026927576,,Product Manager,Visa Consolidated Support Services India,"Bengaluru, India",2026-10-01,,,,,,,False,,,,,,,https://www.naukri.com/visa-consolidated-support-services-india-jobs-careers-3025442,https://img.naukimg.com/logo_images/groups/v1/12067093.gif,,,,,,"rest, digital, cspo, product strategy, project management, new business, control, sales",5-10 Yrs,3.5,22.0,,Work from office,2026-10-01,"Bengaluru, India"
nk-011026018864,naukri,https://www.naukri.com/job-listings-associate-product-manager-narayana-hrudayalaya-limited-bengaluru-4-to-9-years-011026018864,,Associate Product Manager,Narayana Health (NH),"Bengaluru, India",2026-10-01,,,,,,,False,,,,,,,https://www.naukri.com/narayana-health-nh-jobs-careers-832893,https://img.naukimg.com/logo_images/groups/v1/565512.gif,,,,,,"Technical Product Management, Data Analysis, Big Data technologies, SQL, Python, Big Data, Management, Analysis",4-9 Yrs,4.0,2252.0,,Hybrid,2026-10-01,"Bengaluru, India"
in-3f88bf09be354230,indeed,https://in.indeed.com/viewjob?jk=3f88bf09be354230,https://wd1.myworkdaysite.com/recruiting/wf/WellsFargoJobs/job/Bengaluru-India/Senior-Lead-Digital-Product-Manager---Access---Entitlements-Platform_R-577570-1,Senior Lead Digital Product Manager – Access & Entitlements Platform,Wells Fargo,"KA, IN",2026-10-01,fulltime,,,,,,False,,,,,"**About this role:**

Wells Fargo is seeking a Senior Lead Digital Product Manager to lead the strategy, vision, and execution of enterprise-scale platform experiences, with a focus on Identity & Access Management (IAM), authorization, and digital platform modernization. This team is seeking a strategic product leader who can drive complex, cross-functional initiatives that enhance security, simplify user experiences, and enable scalable digital growth across the enterprise.

In this role, you will own the product vision, roadmap, and delivery of high-impact platform capabilities, partnering closely with business, technology, design, risk, and operations teams. You will influence enterprise-wide product strategy, solve complex business and technical challenges, and deliver innovative solutions that improve customer experiences, strengthen platform capabilities, and create measurable business value. The ideal candidate combines strong product leadership, technical depth, and the ability to influence outcomes across a highly matrixed organization.

**In this role, you will:**

* Act as a trusted advisor to senior leadership to shape digital product strategies, initiatives, and long-term platform investments.
* Define and execute product vision, strategy, and roadmaps for complex digital platforms and experiences.
* Lead the strategy and resolution of highly complex business and technical challenges across multiple functions and the enterprise.
* Drive large-scale, cross-system initiatives that improve customer experience, security, scalability, and operational efficiency.
* Deliver innovative, long-term solutions requiring strategic thinking, creativity, and advanced analytical skills.
* Influence product decisions through customer insights, data analytics, emerging technologies, and market trends.
* Partner with engineering, architecture, design, risk, and business teams to align on priorities and execution plans.
* Provide vision, direction, and expertise to senior leadership on significant digital transformation initiatives.
* Establish success metrics and drive measurable business and customer outcomes.
* Serve as a subject matter expert and thought leader across digital product management and platform strategy.

**Required Qualifications:**

* 7+ years of digital product management experience, or equivalent demonstrated through one or a combination of the following: work experience, training, military experience, or education.
* 4+ years of experience in Identity & Access Management (IAM), authentication, authorization, entitlement management, or other platform-based products.
* Hands-on experience applying data analytics, AI, and machine learning concepts to product strategy and customer solutions.

**Desired Qualifications:**

* Experience in RBAC/PBAC/ABAC
* Strong understanding of customer-managed access models, role-based access control (RBAC), permissions, and administrative experiences.
* Strong technical acumen with the ability to engage in discussions related to APIs, integrations, platform architecture, and technical trade-offs.
* Proven track record of defining and executing platform strategies and large-scale transformation initiatives.
* Experience leading product strategy across complex, interconnected systems, platforms, and customer journeys.
* Demonstrated success influencing executive leadership and driving alignment across diverse stakeholder groups.
* Experience within financial services, fintech, banking, insurance, or other highly regulated environments.
* Strong understanding of platform architecture, system modernization, cloud technologies, and integration patterns.
* Experience improving customer and user experiences across fragmented or multi-platform ecosystems.
* Expertise in digital product management, service design, Agile methodologies, and modern product delivery practices.
* Exceptional communication, stakeholder management, and leadership skills.

**Job Expectations:**

* Operate as a system-level thinker, connecting decisions across products, platforms, customer journeys, and business objectives.
* Own product outcomes from opportunity identification through execution, adoption, and continuous optimization.
* Drive product prioritization, roadmap planning, and delivery across complex, cross-functional initiatives.
* Proactively identify and manage risks, dependencies, and experience gaps throughout the product lifecycle.
* Apply end-to-end product thinking to deliver secure, scalable, and intuitive customer experiences.
* Lead platform modernization efforts that improve usability, efficiency, and operational effectiveness.
* Demonstrate expertise in customer-managed access models, including role-based access, permissions, entitlements, and administrative controls.
* Create clarity, structure, and alignment in highly complex and rapidly evolving environments.
* Lead through influence while building strong partnerships across engineering, design, business, architecture, and executive leadership teams.
* Balance long-term strategic investments with immediate business and delivery commitments.
* Partner closely with technical teams to define and deliver platform capabilities that support growth, security, and scalability.
* Leverage customer insights, product analytics, and market trends to drive product decisions and roadmap priorities.
* Establish and monitor product success metrics to ensure delivery of measurable business and customer value.
* Champion innovation, continuous improvement, and customer-centric product development practices.

**Posting End Date:**

3 Oct 2026

* ***Job posting may come down early due to volume of applicants.***

**We Value Equal Opportunity**

Wells Fargo is an equal opportunity employer. All qualified applicants will receive consideration for employment without regard to race, color, religion, sex, sexual orientation, gender identity, national origin, disability, status as a protected veteran, or any other legally protected characteristic.

Employees support our focus on building strong customer relationships balanced with a strong risk mitigating and compliance-driven culture which firmly establishes those disciplines as critical to the success of our customers and company. They are accountable for execution of all applicable risk programs (Credit, Market, Financial Crimes, Operational, Regulatory Compliance), which includes effectively following and adhering to applicable Wells Fargo policies and procedures, appropriately fulfilling risk and compliance obligations, timely and effective escalation and remediation of issues, and making sound risk decisions. There is emphasis on proactive monitoring, governance, risk identification and escalation, as well as making sound risk decisions commensurate with the business unit’s risk appetite and all risk and compliance program requirements.

Candidates applying to job openings posted in Canada: Applications for employment are encouraged from all qualified candidates, including women, persons with disabilities, aboriginal peoples and visible minorities. Accommodation for applicants with disabilities is available upon request in connection with the recruitment process.

**Applicants with Disabilities**

To request a medical accommodation during the application or interview process, visit Disability Inclusion at Wells Fargo.

**Drug and Alcohol Policy**

Wells Fargo maintains a drug free workplace. Please see our Drug and Alcohol Policy to learn more.

**Wells Fargo Recruitment and Hiring Requirements:**

a. Third-Party recordings are prohibited unless authorized by Wells Fargo.

b. Wells Fargo requires you to directly represent your own experiences during the recruiting and hiring process.",,https://in.indeed.com/cmp/Wells-Fargo,https://d2q79iu7y748jz.cloudfront.net/s/_squarelogo/256x256/07f3360c67a60546023692be3d962d43,https://www.wellsfargojobs.com/en/well-life/,"San Francisco, CA","10,000+",more than $10B (USD),"Wells Fargo India enables global talent capabilities for Wells Fargo Bank NA., by supporting business lines and staff functions across technologies. We are operating in Hyderabad, Bengaluru & Chennai.",,,,,,,2026-10-01,"KA, IN"
in-b1c88b0ff0ad7534,indeed,https://in.indeed.com/viewjob?jk=b1c88b0ff0ad7534,https://wd1.myworkdaysite.com/recruiting/wf/WellsFargoJobs/job/Bengaluru-India/Lead-Digital-Product-Manager--Web-and-Mobile-Banking_R-571322,Lead Digital Product Manager –Web and Mobile Banking,Wells Fargo,"KA, IN",2026-10-01,fulltime,,,,,,False,,,,,"**About the Role:**

We are seeking a Lead Digital Product Manager to join our Wholesale Digital Core experience Web and Mobile organization.

This role will be instrumental in transforming web core and mobile experiences for our Commercial, Corporate, and Investment Banking clients. The successful candidate will define and lead complex, enterprise‑scale digital initiatives that deliver delightful, frictionless, secure, and consistent mobile experiences, while leveraging Generative AI, machine learning, and data‑driven insights to shape the next generation of customer engagement.

**In this role, you will:**

  

* Lead the development and execution of complex digital business plans, programs and initiatives which have impact across the enterprise with broad impact
* Act as key participant in large-scale planning
* Review and analyze complex digital strategy for product/functionality/experience area
* Influence digital strategy for the business line requiring in-depth evaluation of multiple factors including intangibles or unprecedented factors
* Make decisions in digital strategy for product/functionality/experience area requiring strong understanding of the business, policies, procedures and/or compliance requirements
* Lead a broad team of digital professionals to meet deliverables and drive new initiatives
* Strategically collaborate and consult with peers, colleagues and mid-level to senior managers to resolve issues and achieve goals
* Potentially lead projects, teams or serve as a peer mentor

**Required Qualifications:**

* 5+ years of digital product management experience, or equivalent demonstrated through one or a combination of the following: work experience, training, military experience, education.
* Experience leading large‑scale digital or mobile transformation initiatives.
* Experience in financial services, preferably in Commercial and Corporate Banking digital transformation. Working knowledge of Foreign Exchange and Capital Markets in wholesale banking preferred.
* 5+ years of product development experience in web and mobile applications across platforms and form factors.

**Desired Qualifications:**

  

* Demonstrated experience delivering products powered by Generative AI or machine learning, including conversational or search‑based interfaces.
* Deep understanding of user‑centered design and rapid prototyping (wireframes, prototypes, experimentation).
* Hands‑on experience with Agile practices such as Scrum and Kanban; proficiency with tools including Jira, Confluence, and SharePoint.
* Entrepreneurial mindset—bias for experimentation, learning, and speed while operating in a regulated environment.

**Job Expectations:**

* Autonomous, high ownership, and demonstrates strong learning agility
* Strategic yet hands‑on; comfortable navigating ambiguity
* Strong business, technical, and data acumen

**Posting End Date:**

3 Oct 2026

* ***Job posting may come down early due to volume of applicants.***

**We Value Equal Opportunity**

Wells Fargo is an equal opportunity employer. All qualified applicants will receive consideration for employment without regard to race, color, religion, sex, sexual orientation, gender identity, national origin, disability, status as a protected veteran, or any other legally protected characteristic.

Employees support our focus on building strong customer relationships balanced with a strong risk mitigating and compliance-driven culture which firmly establishes those disciplines as critical to the success of our customers and company. They are accountable for execution of all applicable risk programs (Credit, Market, Financial Crimes, Operational, Regulatory Compliance), which includes effectively following and adhering to applicable Wells Fargo policies and procedures, appropriately fulfilling risk and compliance obligations, timely and effective escalation and remediation of issues, and making sound risk decisions. There is emphasis on proactive monitoring, governance, risk identification and escalation, as well as making sound risk decisions commensurate with the business unit’s risk appetite and all risk and compliance program requirements.

Candidates applying to job openings posted in Canada: Applications for employment are encouraged from all qualified candidates, including women, persons with disabilities, aboriginal peoples and visible minorities. Accommodation for applicants with disabilities is available upon request in connection with the recruitment process.

**Applicants with Disabilities**

To request a medical accommodation during the application or interview process, visit Disability Inclusion at Wells Fargo.

**Drug and Alcohol Policy**

Wells Fargo maintains a drug free workplace. Please see our Drug and Alcohol Policy to learn more.

**Wells Fargo Recruitment and Hiring Requirements:**

a. Third-Party recordings are prohibited unless authorized by Wells Fargo.

b. Wells Fargo requires you to directly represent your own experiences during the recruiting and hiring process.",,https://in.indeed.com/cmp/Wells-Fargo,https://d2q79iu7y748jz.cloudfront.net/s/_squarelogo/256x256/07f3360c67a60546023692be3d962d43,https://www.wellsfargojobs.com/en/well-life/,"San Francisco, CA","10,000+",more than $10B (USD),"Wells Fargo India enables global talent capabilities for Wells Fargo Bank NA., by supporting business lines and staff functions across technologies. We are operating in Hyderabad, Bengaluru & Chennai.",,,,,,,2026-10-01,"KA, IN"
gd-1010281370705,glassdoor,https://www.glassdoor.co.in/job-listing/j?jl=1010281370705,,Senior IT Data Product Manager (TOP Organization),Procter & Gamble,Hyderābād,2026-10-01,,direct_data,yearly,1000000.0,1000000.0,INR,False,,,sponsored,,,,https://www.glassdoor.co.in/Overview/W-EI_IE544.htm,https://media.glassdoor.com/sql/544/procter-and-gamble-squarelogo.png,,,,,,,,,,,,2026-10-01,Hyderābād
li-4463451295,linkedin,https://www.linkedin.com/jobs/view/4463451295,,Senior Product Manager,algoleap,"Bengaluru, Karnataka, India",2026-10-01,,,,,,,False,,,,,,,https://in.linkedin.com/company/algoleap,,,,,,,,,,,,,2026-10-01,Bengaluru
li-4455796338,linkedin,https://www.linkedin.com/jobs/view/4455796338,,"Principal Product Manager - Tech, Prime Video Commerce & International Product",Prime Video & Amazon MGM Studios,Mumbai Metropolitan Region,2026-10-01,,,,,,,False,,,,,,,https://www.linkedin.com/company/primevideoamazonstudios,,,,,,,,,,,,,2026-10-01,Mumbai Metropolitan Region
li-4474140487,linkedin,https://www.linkedin.com/jobs/view/4474140487,,Senior Product Manager,Comviva,"Gurugram, Haryana, India",2026-10-01,,,,,,,False,,,,,,,https://in.linkedin.com/company/comviva,,,,,,,,,,,,,2026-10-01,Gurugram
in-bdc9ce032f86bfd0,indeed,https://in.indeed.com/viewjob?jk=bdc9ce032f86bfd0,http://in.indeed.com/job/product-manager-bdc9ce032f86bfd0,Product Manager,Violet Infosystems Private Limited,"MH, IN",2026-10-01,fulltime,direct_data,yearly,650000.0,1000000.0,INR,False,,,,,"**Open Position: Product Manager**  
**Location: Malad (West), Mumbai**  
**Experience: 4 to 8 Years**  
**Qualification: Any Graduate**  
**Industry: IT/Software**  
**Only Mumbai Suburban-based location (Bhayandar to Churchgate) candidates apply for the Position**

**You can also contact on: 9372974661 / 8928772622 / 7021155918**  
**We are working 6 days, i.e., from Monday to Saturday.**

**Job Description:-**

* Develop and implement product strategies consistent with the company vision.
* Collect and analyze feedback from customers, stakeholders, and other teams to shape requirements, features, and end products.
* Work with senior management to create product plans and roadmaps.
* Lead product managers and coordinate cross-functional teams.
* Produce and review product requirements documents (PRD).
* Ensure products and releases are launched correctly and on schedule.
* Make creative recommendations to expand the product base and vision.
* Suggest ways to track product use and impact on end users.

**Mandatory Skills:-**

* Interpersonal and Leadership Skills.
* The organization works efficiently.
* Time Management.
* Good communication skills.
* Comfortable attending meetings.
* Delegating Tasks.
* Thinking Analytically.
* Negotiator and Influencer.

Job Types: Full-time, Permanent

Pay: ₹650,000.00 - ₹1,000,000.00 per year

Benefits:

* Provident Fund

Work Location: In person",,https://in.indeed.com/cmp/Violet-Infosystems-Private-Limited,,,,,,,,,,,,,2026-10-01,"MH, IN"
nk-200726003633,naukri,https://www.naukri.com/job-listings-product-manager-b2b-saas-remote-profex-tech-bengaluru-delhi-ncr-mumbai-all-areas-5-to-10-years-200726003633,,Product Manager || B2B Saas || Remote,Profex Tech,"Mumbai (All Areas), Bengaluru, Delhi / NCR, India",2026-09-30,,direct_data,yearly,3500000.0,5000000.0,INR,False,,,,,,,https://www.naukri.com/profex-tech-jobs-careers-5525220,https://img.naukimg.com/logo_images/groups/v1/7790721.gif,,,,,,"B2B SaaS, Product Management, Product Roadmap, Product Strategy, SaaS Product Manager, PRD, A/B Testing, Go-to-Market Strategy",5-10 Yrs,3.6,4.0,,Work from office,2026-09-30,"Mumbai (All Areas), Bengaluru, Delhi / NCR, India"
in-a28ffc1baadfcf53,indeed,https://in.indeed.com/viewjob?jk=a28ffc1baadfcf53,https://careers.amgen.com/en/job/hyderabad/senior-digital-product-manager-ai/87/101362569360,Senior Digital Product Manager (AI),Amgen,"TS, IN",2026-09-30,,,,,,,False,,,,,"India - Hyderabad

JOB ID: R-256476 LOCATION: India - Hyderabad WORK LOCATION TYPE: On Site DATE POSTED: Sep. 30, 2026 CATEGORY: Strategy and Innovation

**Join Amgen’s Mission of Serving Patients**

At Amgen, if you feel like you’re part of something bigger, it’s because you are. Our shared mission—to serve patients living with serious illnesses—drives all that we do.

Since 1980, we’ve helped pioneer the world of biotech in our fight against the world’s toughest diseases. With our focus on four therapeutic areas –Oncology, Inflammation, General Medicine, and Rare Disease– we reach millions of patients each year. As a member of the Amgen team, you’ll help make a lasting impact on the lives of patients as we research, manufacture, and deliver innovative medicines to help people live longer, fuller happier lives.

Our award-winning culture is collaborative, innovative, and science based. If you have a passion for challenges and the opportunities that lay within them, you’ll thrive as part of the Amgen team. Join us and transform the lives of patients while transforming your career.

**Role Overview**

We are seeking a Digital Product Manager, to join the AI & Data Innovation Lab Product Management Team. This role is focused on rapidly validating high-potential AI and data-driven business opportunities before major investment, helping Amgen determine which AI initiatives should be scaled, refined, paused, or redirected.

The ideal candidate combines strong product leadership, technical fluency, operational rigor, and team-building experience. This candidate must be equally effective with senior business stakeholders, product and engineering teams, and cross-functional partners for AI delivery excellence.

**What You’ll Do**

* Shape a high-accountability, high-collaboration culture focused on quality, speed, and business impact.

* Serve as a bridge between US business teams and global delivery teams to maintain momentum across time zones.

* Ensure work is clearly translated, prioritized, and handed off so teams can execute with minimal delay.

* Facilitate workshops, discovery sessions, prioritization discussions, technical feasibility reviews, user experience design, process mapping, and decision forums. Communicate complex AI and data concepts in a clear, business-oriented way for senior leaders and non-technical stakeholders.

* Use data, stakeholder feedback, and operational insights to inform prioritization and continuous improvement.

* Identify, frame, and validate AI-enabled business opportunities across Amgen. Translate broad transformation themes into clear problem statements, testable hypotheses, user needs, data requirements, success metrics, and validation plans.

* Ensure validation efforts consider responsible AI, data privacy, model risk, cybersecurity, compliance, regulatory considerations, human oversight, change management, and enterprise scalability from the earliest stages of discovery.

* Provide product ownership for AI and digital solutions within Agile delivery models.

* Ensure requirements, acceptance criteria, and dependencies are clearly defined to support high-quality delivery.

* Work closely with engineering, data science, and technical teams to align on scope, tradeoffs, and execution path.

* Introduce scalable mechanisms, tools, and operating rhythms that improve speed, transparency, and predictability.

* Provide clear, decision-ready updates to leadership on progress, risks, and outcomes.

**Basic Qualifications**

* Experience in leading products, technical engineering solutions and tracking the success of the product, and leading technical delivery execution excellence.

* Strong technical fluency and ability to collaborate with data scientists, and engineering teams.

* Excellent critical thinking, problem solving, and communication skills,

* Master’s degree and 4 years of Information/Tech Systems experience/Engineering OR

* Bachelor’s degree and 6 years of Information/Tech Systems experience/Engineering OR

* Diploma and 10 years of Information/Tech Systems experience/Engineering experience

**Preferred Qualifications**

* 6+ years of product management (or related) experience; 4+ years in AI/ML or data-driven products.

* Consulting experience, with demonstrated ability to structure and solve complex business problems.

* Experience conducting cross-industry landscape assessments to identify how AI is being leveraged to address shared problem spaces and uncover macro-level trends and opportunities

* Experience with AI platforms, MLOps, or enterprise AI architecture.

* Familiarity with AI (e.g., LLMs, agents, NLP) and ML productization at scale.

* Familiarity with biotech workflows (e.g., lab automation, computational biology, clinical data, etc).

* Demonstrated ability to operate effectively in high-ambiguity environments, independently frame complex problems, make sound recommendations with incomplete information, and drive alignment across stakeholders with competing priorities.

* Demonstrated experience leading AI or data products through discovery, validation, investment decision, and scale

* Experience establishing and leading product discovery and experimentation approaches across multiple complex initiatives

* Ability to evaluate AI opportunities across desirability, feasibility, viability, value, risk, scalability, and data readiness.

* Experience developing business cases, opportunity assessments, technical feasibility summaries, executive narratives, or investment recommendations.

* Hands-on ability to analyze user feedback, usage data, workflow metrics, model outputs, experiment results, or AI product performance.",,https://in.indeed.com/cmp/Amgen,https://d2q79iu7y748jz.cloudfront.net/s/_squarelogo/256x256/e858654aaf2bd361578aeac82b39bd9b,http://www.amgen.com,"Thousand Oaks, CA","10,000+",more than $10B (USD),"Amgen, a biotechnology pioneer, discovers, develops and delivers innovative human therapeutics.",,,,,,,2026-09-30,"TS, IN"
in-52fa6351b82d8d36,indeed,https://in.indeed.com/viewjob?jk=52fa6351b82d8d36,https://careers.amgen.com/en/job/hyderabad/digital-product-manager-ai/87/101362569376,Digital Product Manager (AI),Amgen,"TS, IN",2026-09-30,,,,,,,False,,,,,"India - Hyderabad

JOB ID: R-256477 LOCATION: India - Hyderabad WORK LOCATION TYPE: On Site DATE POSTED: Sep. 30, 2026 CATEGORY: Strategy and Innovation

**Join Amgen’s Mission of Serving Patients**

At Amgen, if you feel like you’re part of something bigger, it’s because you are. Our shared mission—to serve patients living with serious illnesses—drives all that we do.

Since 1980, we’ve helped pioneer the world of biotech in our fight against the world’s toughest diseases. With our focus on four therapeutic areas –Oncology, Inflammation, General Medicine, and Rare Disease– we reach millions of patients each year. As a member of the Amgen team, you’ll help make a lasting impact on the lives of patients as we research, manufacture, and deliver innovative medicines to help people live longer, fuller happier lives.

Our award-winning culture is collaborative, innovative, and science based. If you have a passion for challenges and the opportunities that lay within them, you’ll thrive as part of the Amgen team. Join us and transform the lives of patients while transforming your career.

**Role Overview**

We are seeking a Digital Product Manager, to join the AI & Data Innovation Lab Product Management Team. This role is focused on rapidly validating high-potential AI and data-driven business opportunities before major investment, helping Amgen determine which AI initiatives should be scaled, refined, paused, or redirected.
  
  
Operating at the intersection of business strategy, AI product innovation, data, technology, and enterprise transformation, this role will provide strategic product leadership across ambiguous, cross-functional opportunities and influence senior business and technology stakeholders on product direction, prioritization, investment, and scale.
  
  
This role requires a strong product mindset, sufficient technical depth to evaluate whether AI and data opportunities are practical, scalable, measurable, and aligned to Amgen’s enterprise technology direction. The successful candidate will understand how AI products are built, validated, deployed, monitored, and scaled in complex enterprise environments.

**What You’ll Do**

* Design and execute rapid discovery sprints, prototypes, pilots, user research, and experiments to assess desirability, feasibility, viability, value, and risk. Use evidence to determine whether opportunities should advance, pivot, pause, or scale.

* Identify, frame, and validate AI-enabled business opportunities across Amgen. Translate broad transformation themes into clear problem statements, testable hypotheses, user needs, data requirements, success metrics, and validation plans.

* Assess how LLMs, AI agents, machine learning models, NLP, automation, knowledge retrieval, analytics, and intelligent workflow tools can improve productivity, decision quality, scientific discovery, operational efficiency, and workforce effectiveness.

* Evaluate whether proposed AI opportunities have the right data foundations, system integrations, architecture patterns, model capabilities, security controls, and operational support needed to move from concept to scalable solution.

* Partner with engineering, data science, and technical teams to align on scope, tradeoffs, and execution path.

* Conduct landscape assessments across different industries to learn how AI is leveraged to solve shared problem spaces at the macro level.

* Develop product requirements that account for user experience, data availability, model performance, output quality, explainability, reliability, latency, integration needs, governance, and ongoing measurement.

* Synthesize findings from validation work into clear product recommendations, opportunity briefs, technical feasibility assessments, business cases, and executive-ready narratives. Help leaders make informed decisions about where to invest, scale, or stop.

* Ensure validation efforts consider responsible AI, data privacy, model risk, cybersecurity, compliance, regulatory considerations, human oversight, change management, and enterprise scalability from the earliest stages of discovery.

* Facilitate workshops, discovery sessions, prioritization discussions, technical feasibility reviews, user experience design, process mapping, and decision forums. Communicate complex AI and data concepts in a clear, business-oriented way for senior leaders and non-technical stakeholders.
    
  **Basic Qualifications:**
* Doctorate; or

* Master’s degree and 2 years of Information Systems, Technology, Product, Digital, AI, Data, Business Transformation, or related experience; or

* Bachelor’s degree and 4 years of Information Systems, Technology, Product, Digital, AI, Data, Business Transformation, or related experience; or

* Associate’s degree and 8 years of Information Systems, Technology, Product, Digital, AI, Data, Business Transformation, or related experience; or

* High School Diploma or GED and 10 years of Information Systems, Technology, Product, Digital, AI, Data, Business Transformation, or related experience.

**Preferred Qualifications:**

* 4+ years of product management, product strategy, innovation, consulting, digital transformation, or related experience.

* 2+ years of experience with AI, machine learning, data products, automation, LLMs, agents, NLP, analytics, or enterprise AI solutions.

* Working knowledge of AI product development, including discovery, prototyping, model evaluation, deployment, monitoring, and iteration.

* Familiarity with generative AI, LLMs, retrieval-augmented generation, AI agents, prompt engineering, model orchestration, NLP, predictive analytics, or intelligent automation.

* Design thinking experience

* Ability to evaluate AI opportunities across desirability, feasibility, viability, value, risk, scalability, and data readiness.

* Experience with AI platforms, MLOps, or enterprise AI architecture.

* Familiarity with AI (e.g., LLMs, agents, NLP) and ML productization at scale.

* Strong presentation and public speaking skills with experience communicating to executives

* Familiarity with biotech workflows (e.g., lab automation, computational biology, clinical data, etc).

* Hands-on ability to analyze product usage, model output quality, or design A/B experiments.

* Comfort working in fast-paced, cross-functional environments where priorities evolve quickly.

* Strong stakeholder management skills, including the ability to build relationships and collaborate effectively across functions and levels.

* Consulting experience, with demonstrated ability to structure and solve complex business problems.

* Experience conducting cross-industry landscape assessments to identify how AI is being leveraged to address shared problem spaces and uncover macro-level trends and opportunities",,https://in.indeed.com/cmp/Amgen,https://d2q79iu7y748jz.cloudfront.net/s/_squarelogo/256x256/e858654aaf2bd361578aeac82b39bd9b,http://www.amgen.com,"Thousand Oaks, CA","10,000+",more than $10B (USD),"Amgen, a biotechnology pioneer, discovers, develops and delivers innovative human therapeutics.",,,,,,,2026-09-30,"TS, IN"
in-1069220492c33b54,indeed,https://in.indeed.com/viewjob?jk=1069220492c33b54,https://careers.cvent.com/jobs/10943/job?utm_source=indeed_integration&iis=Job%20Board&iisn=Indeed&indeed-apply-token=73a2d2b2a8d6d5c0a62696875eaebd669103652d3f0c2cd5445d3e66b1592b0f,Senior Product Manager (Integrations),Cvent,"HR, IN",2026-09-30,fulltime,,,,,,False,,,,"name@cvent.com, recruitingindia@cvent.com","Overview:

Cvent is a leading meetings, events, and hospitality technology provider with more than 5,000+ employees and 24,000+ customers worldwide, including 60% of the Fortune 500. Founded in 1999, Cvent delivers a comprehensive event marketing and management platform for marketers and event professionals and offers software solutions to hotels, special event venues and destinations to help them grow their group/MICE and corporate travel business. Our technology brings millions of people together at events around the world. In short, we’re transforming the meetings and events industry through innovative technology that powers the human connection.

Cvent's strength lies in its people, fostering a culture where everyone is encouraged to think like entrepreneurs, taking risks and making decisions confidently. We value diverse perspectives and celebrate differences, working together with colleagues and clients to build strong connections.

**AI at Cvent: Leading the Future**

Are you ready to shape the future of work at the intersection of human expertise and AI innovation? At Cvent, we’re committed to continuous learning and adaptation—AI isn’t just a tool for us, it’s part of our DNA. We’re looking for candidates who are eager to evolve alongside technology. If you love to experiment boldly, share your discoveries, and help define best practices for AI-augmented work, you’ll thrive here. Our team values professionals who thoughtfully integrate AI into their daily work, delivering exceptional results while relying on the human judgment and creativity that drive real innovation.

Throughout our interview process, you’ll have the chance to demonstrate how you use AI to learn, iterate, and amplify your impact. If you’re excited to be part of a team that’s leading the way in AI-powered collaboration, we’d love to meet you.

***Recruitment Scam Notice:*** *Beware of recruitment scams. Legitimate Cvent recruiting communications will come from accounts formatted as “name@cvent.com” email address. Cvent will never request payment or ask for sensitive personal or financial information through chat or social media platforms. Cvent is not responsible for losses or damages arising from communications, payments, or disclosures made to third parties impersonating Cvent.*

*If you believe a communication may be fraudulent, we strongly recommend that you don't respond and report the incident at recruitingindia@cvent.com.*

*For more information, visit Cvent’s Recruitment Fraud Notice.* *https://www.cvent.com/en/notice-recruitment-fraud**.*

In This Role, You Will::

* Develop an in-depth understanding of the business, products, including its goals and challenges, as well as a comprehensive knowledge of the customers and users of the platform. This involves analyzing their needs, behaviors, and pain points to ensure the product aligns with their expectations and delivers meaningful value.
* Collaborate regularly with product managers on the future roadmap, including integration initiatives and the SFDC roadmap. Brainstorm new ideas and prioritize features to ensure the backlog remains healthy, well-organized, and aligned with business goals.
* Become a subject matter expert in your product domain, possessing in-depth knowledge and insights that make you the primary point of contact for internal teams seeking guidance and collaboration.
* Develop detailed product specifications that begin by clearly articulating the “why” - the core purpose and value behind the product, feature, or enhancements. These specifications should be thorough in addressing all necessary aspects yet written in a clear and concise manner to ensure they are easily understood by all stakeholders.
* Write comprehensive user stories with detailed acceptance criteria that address all functional and non-functional aspects of the product, including security, data compliance, and other essential requirements.
* Work closely with engineering, design (UX/UI), and other stakeholders to define product requirements and user stories.
* Lead end-to-end product development process, from concept and design to development, testing, launch and ensuring timely and high-quality delivery.
* Lead PI (Program Increment) planning and actively participate in key SCRUM ceremonies, including daily standups, backlog refinement, sprint planning, and product demos.
* Should possess a solid grasp of technology platforms, integrations, and system design to collaborate effectively with engineering partners.
* Leverage the power of analytics and data-driven intelligence to assess product performance, user behavior analysis, gather customer feedback, and insights from multiple channels, and make data-informed decisions which enables you to drive excellence through iteration, improvement, and refinement.
* Monitor and analyze key performance indicators (KPIs) and metrics to gauge the effectiveness, adoption, and product outcome.
* Share and present regular updates on the product roadmap and progress to leaders and stakeholders. Clearly highlight any potential risks and outline a plan to address them, ensuring everyone is informed and aligned on the path forward.
* Contribute to a culture of creativity and innovation within the product management team, think outside the box, explore new ideas, and identify opportunities to make our products stand out in the market.

Here's What You Need::

* Minimum 10-15 years of career experience with at least 7 years of product management (PO/PM) experience in technology products.
* Strong product sense with an ability to articulate problems and envision solution
* Strong understanding of technology and software development processes, with the ability to communicate effectively with technical teams.
* Inquisitive mindset with excellent analytical, problem-solving, and decision-making skills.
* Experience defining, launching, and evolving APIs and integrations at scale; clear understanding of API fundamentals (e.g., REST/GraphQL, authentication/authorization, versioning, pagination, idempotency, error handling, and rate limiting).
* Advocate and embed an AI-first mindset, integrating AI capabilities where they create strategic advantage, improve efficiency, or unlock new customer value.
* Proven ability to work hands-on with engineering and architecture teams; comfortable reading API specs, discussing system design, and making tradeoffs across performance, scalability, and cost.
* Ability to manage competing and evolving priorities in a fast-paced environment.
* Ability to handle complex situations, conversations and navigate ambiguity.
* Exceptional interpersonal skills, with the ability to influence, partner and build relationships across all levels of the organization.
* Strong written and verbal communication skills with an ability to communicate directly and clearly.
* Demonstrated experience working on at least one integration project, from discovery through delivery and measurement.

LinkedIn Remote Type: #LI-Hybrid Indeed Remote Type: N/A",Internet And Software,https://in.indeed.com/cmp/Cvent,https://d2q79iu7y748jz.cloudfront.net/s/_squarelogo/256x256/df3a3cc5129c94ca5a13b9372e889bb5,https://www.cvent.com,"1765 Greensboro Station Pl
7th Floor
Tysons, VA 22102","1,001 to 5,000",$500M to $1B (USD),"Mission: Our mission is to transform the meetings and events industry through technology that delivers live engagement across virtual, in-person and hybrid events.",,,,,,,2026-09-30,"HR, IN"
in-7cee048b568bcb13,indeed,https://in.indeed.com/viewjob?jk=7cee048b568bcb13,https://uhg.taleo.net/careersection/10780/jobdetail.ftl?job=2390163&lang=en,Senior Product Manager -US Healthcare IT product,Optum,"TS, IN",2026-09-30,fulltime,,,,,,False,,,,,"Optum is a global organization that delivers care, aided by technology to help millions of people live healthier lives. The work you do with our team will directly improve health outcomes by connecting people with the care, pharmacy benefits, data and resources they need to feel their best. Here, you will find a culture guided by inclusion, talented peers, comprehensive benefits and career development opportunities. Come make an impact on the communities we serve as you help us advance health optimization on a global scale. Join us to start **Caring. Connecting. Growing together.**

**Primary Responsibilities:**

* Product Manager for US Healthcare IT product or portfolio of products
* Define and drive product management & Roadmap for products
* Clearly articulate product vision, strategy and roadmap to engineering team effectively as and when needed
* Owner of portfolio backlog and roadmap execution
* Collaborate with UX & engineering team to drive product design
* Identifies and accesses relevant data to build compelling business case in self-directed manner
* Consistent value delivery based on business MBOs
* Drive system demo to stakeholders and customers
* Prioritize backlog at feature and user story level with complete understanding of feature
* Effective action on feedback received during retro meetings
* Identify potential issues and pro-actively develops mitigation plans
* Build & drive culture of innovation in the portfolio
  
* Comply with all applicable Company policies, procedures, and business directives, changes including those relating to work location, team assignments, work schedules, and flexible work arrangements

**Required Qualifications:**

* Undergraduate degree or equivalent experience
* Expertise in driving cost/benefit analysis and track forecast to ensure the product is performing as expected
* Expertise in applying data-driven knowledge and best practices to improve product
* Expertise in gathering requirements from the business, documenting and maintaining product backlog/roadmap
* Expertise in process improvement, workflow, benchmarking and / or evaluation of business processes required
* Good knowledge of payer and provider space and idea about medical coding, risk adjustment models
* Working knowledge of medicaid state specific cycles for payments
* Working knowledge of various tools such as Aha, Rally etc
* Understanding and ability to conduct meaningful conversation with technology team on various existing and emerging technologies and overall solution space
* Proven ability to collaborate with various teams (business, engineering, product, ops) to drive common objective and help achieving outcomes
* Proven ability to perform win/loss analysis to determine product roadmap

*At UnitedHealth Group, our mission is to help people live healthier lives and make the health system work better for everyone. We believe everyone-of every race, gender, sexuality, age, location and income-deserves the opportunity to live their healthiest life. Today, however, there are still far too many barriers to good health which are disproportionately experienced by people of color, historically marginalized groups and those with lower incomes. We are committed to mitigating our impact on the environment and enabling and delivering equitable care that addresses health disparities and improves health outcomes - an enterprise priority reflected in our mission.*",,https://in.indeed.com/cmp/Optum,https://d2q79iu7y748jz.cloudfront.net/s/_squarelogo/256x256/fda00a1dbb2aaebea6d386695d0294c2,https://www.optum.com,"Eden Prairie, MN","10,000+",more than $10B (USD),,,,,,,,2026-09-30,"TS, IN"
nk-300926927333,naukri,https://www.naukri.com/job-listings-lead-digital-product-manager-wells-fargo-international-solutions-private-ltd-bengaluru-5-to-10-years-300926927333,,Lead Digital Product Manager,Wells Fargo,"Bengaluru, India",2026-09-30,,,,,,,False,,,,,,,https://www.naukri.com/wells-fargo-jobs-careers-135571,https://img.naukimg.com/logo_images/groups/v1/5239022.gif,,,,,,"Agile, Architecture, Compliance, Business Partnerships, Banking, Ai, Design Thinking, Agile Software",5-10 Yrs,3.5,9491.0,,Work from office,2026-09-30,"Bengaluru, India"
in-4bc56b8cfd3dbad8,indeed,https://in.indeed.com/viewjob?jk=4bc56b8cfd3dbad8,http://in.indeed.com/job/product-manager-4bc56b8cfd3dbad8,Product Manager,Globocom Infotech,"MH, IN",2026-09-30,fulltime,direct_data,yearly,800000.0,1600000.0,INR,False,,,,,"Please find attached the **Job Description for the position of Associate Product Manager** at **Globocom Infotech Pvt. Ltd.**, under our **Futuratech – Innovations Team**.

**About Globocom**

Globocom is a multinational digital enterprise with operations across **India, UAE, Singapore and Niger**, with a presence across **110+ telecom companies worldwide** and a turnover of **$15 Million**.

Our key areas of business include:

* Telecom Value-Added Services
* M-Commerce & D2C Platforms
* Digital Media & Performance Marketing
* Gaming, Utility & Video Services
* International Content Acquisition
* Digital Product Development

Globocom is also expanding into **Latin America and Africa**, with a strong focus on innovation and new-age digital products.

**About Futuratech – Innovations Team**

**Futuratech** is Globocom’s dedicated **Innovation & New Product Development division**, focused on building scalable digital solutions across **OTT, EdTech, Entertainment and emerging technology**.

**Website:** Futuratech Technologies

Product Manager – OTT, entertainment, EdTech & New Products

Location: Mumbai  
Employment Type: Full-time  
Department: Product & Innovation  
Reporting To: Head of Innovation

About the Role

We are looking for a Product Manager with 5–8 years of experience to join our Product & Innovation team and work across OTT, EdTech and new digital product initiatives.

This is a hands-on product role for someone who enjoys building products from the ground up, solving customer problems, working closely with technology and business teams, and using data to drive product decisions.

The ideal candidate should be equally comfortable discussing user journeys, product requirements, APIs, analytics, monetization, UX, growth and technology execution.

You will work on products across different stages—from new product discovery and MVP development to scaling existing products and improving engagement, retention and monetization.

---

Key Responsibilities

1. Product Strategy & Roadmap

Define product vision, strategy and roadmap in collaboration with business and technology leadership.  
Identify customer problems, market opportunities and new product opportunities.  
Translate business objectives into clear product goals, priorities and measurable KPIs.  
Own product roadmap and continuously prioritize features based on business impact, user value, effort and data.  
Conduct competitor and market research across OTT, EdTech, consumer apps and emerging digital products.

2. Product Discovery & New Product Development

Take new product ideas from concept → validation → MVP → launch → scale.  
Conduct user research, competitor analysis and market validation.  
Define user personas, use cases and end-to-end customer journeys.  
Create MVP scope and determine what should—and should not—be built.  
Work closely with design and engineering teams to convert concepts into scalable products.  
Participate in experimentation, A/B testing and rapid iteration.

3. OTT Product Management

Work on products such as Navrang OTT and future entertainment products, including:

Content discovery and recommendation journeys  
Home screen and content listing experiences  
Video playback experience  
Subscription and payment journeys  
Free vs paid content strategy  
Trial and subscription flows  
User engagement and retention  
Push notifications and re-engagement  
Content metadata and CMS requirements  
Web, Android and iOS product experiences  
Subscription lifecycle and renewal journeys  
Analytics and monetization funnels

Experience with OTT, streaming, subscription or media products will be highly valuable.

4. Growth & Monetization

The candidate should understand that product success is not just about shipping features.

You will work on:

Acquisition-to-registration funnel  
Registration-to-activation funnel  
Free-to-paid conversion  
Subscription conversion  
Retention and churn  
Engagement and watch/learning time  
ARPU, LTV and CAC  
Referral and viral growth  
Pricing and packaging  
Conversion optimization  
A/B testing and experimentation

You will collaborate closely with Marketing and Performance Marketing teams to ensure acquisition campaigns and product experiences work together.

5. Product Analytics

Define product KPIs and event-tracking requirements.  
Build and monitor product funnels.  
Analyze user behavior and identify drop-offs.  
Use data to validate hypotheses and prioritize improvements.  
Work with analytics/engineering teams on event instrumentation.  
Develop dashboards and product performance reports.  
Track cohort behavior, retention and monetization.

Experience with tools such as GA4, Firebase Analytics, Mixpanel, Amplitude, AppsFlyer, Adjust or similar platforms is preferred.

6. Product Requirements & Execution

Create detailed PRDs, user stories, acceptance criteria and product specifications.  
Define functional and non-functional requirements.  
Create user flows and wireframes where required.  
Work closely with UI/UX designers.  
Collaborate with Android, iOS, Web, Backend and QA teams.  
Participate in sprint planning, grooming, reviews and retrospectives.  
Resolve product-related questions during development.  
Ensure features are delivered according to business objectives and requirements.  
Own UAT and product launch readiness.

7. Cross-functional Collaboration

Work closely with:

Engineering  
UI/UX  
QA  
DevOps  
Content  
Marketing  
Performance Marketing  
Business/Revenue teams  
Customer Support  
Data/Analytics

The PM will act as the bridge between business, technology and users.

---

Required Skills & Experience

Must Have

5–8 years of Product Management experience.  
Experience building and scaling consumer-facing digital products.  
Strong understanding of mobile applications and web products.  
Experience working with Agile/Scrum development teams.  
Strong PRD and product documentation skills.  
Excellent understanding of user journeys and UX.  
Strong analytical and problem-solving ability.  
Understanding of APIs, backend systems, databases and technology architecture.  
Experience with product analytics and event tracking.  
Strong communication and stakeholder-management skills.  
Ability to independently drive products from idea to execution.

Preferred

Experience in one or more of:

OTT / Video Streaming  
EdTech, Entertainment  
Consumer Internet  
Subscription products  
Mobile apps  
Digital media  
E-commerce  
SaaS / B2C platforms  
Performance marketing / growth products

Experience with monetization, subscriptions, payments, attribution and performance marketing will be a strong advantage.

---

What We Are Looking For

We are looking for someone who:

Thinks like a product owner, not a project coordinator.  
Can independently identify problems and propose solutions.  
Is comfortable challenging assumptions.  
Can balance user experience, technology and commercial objectives.  
Uses data rather than opinions to make decisions.  
Can move quickly without compromising product fundamentals.  
Is comfortable working in an entrepreneurial environment with ambiguity.  
Can manage multiple products/projects without losing ownership.  
Understands that launching a feature is not the end—the real job is measuring whether it worked.

---

Key Performance Indicators

Success in this role will be measured through:

Product adoption and engagement  
Activation and conversion rates  
Subscription/revenue growth  
Retention and churn  
Product funnel improvement  
Feature adoption  
Customer satisfaction  
Experimentation velocity  
Product launch timelines  
Quality of product execution  
Business impact of product initiatives

---

Education

Bachelor's degree in Engineering, Computer Science, Management or a related field.

MBA or equivalent product/business education is a plus but not mandatory.

---

Why Join Us?

Opportunity to work across OTT, EdTech and new-age digital products.  
Build products from the ground up rather than only managing incremental features.  
Work directly with senior leadership on product strategy.  
High ownership and decision-making responsibility.  
Exposure to product, technology, growth, monetization and performance marketing.  
Opportunity to experiment with new business models and emerging technologies.  
Fast-paced entrepreneurial environment.

Pay: ₹800,000.00 - ₹1,600,000.00 per year

Benefits:

* Health insurance
* Leave encashment
* Paid sick time
* Provident Fund

Work Location: In person",,https://in.indeed.com/cmp/Globocom-Infotech,,,,,,,,,,,,,2026-09-30,"MH, IN"
li-4472301435,linkedin,https://www.linkedin.com/jobs/view/4472301435,,Senior Product Manager - Unnati MBL,IDFC FIRST Bank,"Mumbai, Maharashtra, India",2026-09-30,,,,,,,False,,,,,,,https://in.linkedin.com/company/idfcfirstbank,,,,,,,,,,,,,2026-09-30,Mumbai
nk-300926502339,naukri,https://www.naukri.com/job-listings-senior-product-manager-core-data-decision-intelligence-target-bengaluru-5-to-10-years-300926502339,,Senior Product Manager - Core Data & Decision Intelligence,Target,"Bengaluru, India",2026-09-30,,,,,,,False,,,,,,,https://www.naukri.com/target-jobs-careers-24004,https://img.naukimg.com/logo_images/groups/v1/24912.gif,,,,,,"Product management, Trade, Usage, data science, Scalability, Analytical, Manager Technology, Operations",5-10 Yrs,4.1,1019.0,,Work from office,2026-09-30,"Bengaluru, India"
in-e4d8f6b1c508de66,indeed,https://in.indeed.com/viewjob?jk=e4d8f6b1c508de66,https://careers.nike.com/lead-technical-product-manager-itc/job/R-94492,"Lead Technical Product Manager, ITC",NIKE,"KA, IN",2026-09-30,fulltime,,,,,,False,,,,,"Position Type

Full Time

Career area

Program, Product & Project Management

Location

4/F, WeWork, Embassy GolfLinks, Karnataka, Karnātaka 560093, India

Job ID

R-94492

Become a Part of the NIKE, Inc. Team

NIKE, Inc. does more than outfit the world’s best athletes. It is a place to explore potential, obliterate boundaries and push out the edges of what can be. The company looks for people who can grow, think, dream and create. Its culture thrives by embracing diversity and rewarding imagination. The brand seeks achievers, leaders and visionaries. At NIKE, Inc. it’s about each person bringing skills and passion to a challenging and constantly evolving game.

**WHO YOU WILL WORK WITH**

As a Lead Product Manager in Nike’s India Technology Center (ITC), you will play a key role in the Consumer Product & Innovation (CP&I) team—the technology engine behind Nike’s product creation, merchandising, design, and innovation. You will work closely with global Product, Engineering, Architecture, Experience, Data & Analytics, Program Management, and Business partners across Nike’s matrixed ecosystem. Your work will accelerate Nike’s digital product creation capabilities and help deliver scalable, enterprise-grade solutions used across Footwear, Apparel, and Accessories. You will report to a Director/Senior Director of Product Management and collaborate with cross-functional teams and stakeholders to align vision, define priorities, and deliver meaningful business outcomes.

**WHO WE ARE LOOKING FOR**

We are seeking a strategic yet hands-on Lead Product Manager who thrives at the intersection of product vision, technical depth, and stakeholder alignment. You bring a data-driven mindset, strong product execution skills, and the ability to simplify complex problems into clear product decisions. You excel at balancing long-term strategic vision with day-to-day execution, synthesizing insights, leading cross-functional teams, and communicating clearly across technical and non-technical audiences.

Qualifications

* Bachelor’s degree or equivalent. MBA preferred.

* 5+ years of product management experience (web/mobile/enterprise platforms preferred)

* Strong analytical and critical thinking capabilities

* Experience in Agile delivery models and iterative development

* Strong understanding of technology architectures, APIs, and platforms

* Excellent communication and stakeholder alignment skills

* Team-first mindset with willingness to roll up sleeves

Preferred:

* Experience in consumer, retail, footwear, apparel, or digital product creation ecosystems

* Background in platform product management

* Experience managing executive communications or business presentations

**WHAT YOU WILL WORK ON**

As a Lead PM in CP&I, you will own the roadmap and lifecycle of key platform or product capabilities that power Nike’s global product creation ecosystem. Core responsibilities include:

* Defining product vision, strategy, and roadmap

* Driving discovery, prioritization, development, rollout, and adoption

* Translating user needs into technical requirements with Engineering

* Collaborating with business stakeholders to define priorities and success metrics

* Optimizing user journeys and platform health across CP&I tools and services

* Making evidence-based trade-offs between user needs, complexity, and business value

* Investigating issues, performing root-cause analysis, closing systemic gaps

* Driving consistency in product quality, documentation, KPIs, and roadmap communication

* Establishing and communicating performance metrics across the organization

NIKE, Inc. is a growth company that looks for team members to grow with it. Nike offers a generous total rewards package, casual work environment, a diverse and inclusive culture, and an electric atmosphere for professional development. No matter the location, or the role, every Nike employee shares one galvanizing mission: To bring inspiration and innovation to every athlete\\* in the world.

NIKE, Inc. is an equal opportunity employer. Qualified applicants will receive consideration without regard to race, color, religion, sex, national origin, age, sexual orientation, gender identity, gender expression, veteran status, or disability.

What You Can Expect

**OUR HIRING GAME PLAN**
------------------------

### **01 Apply**

Our teams are made up of diverse skillsets, knowledge bases, inputs, ideas and backgrounds. We want you to find your fit – review job descriptions, departments and teams to discover the role for you.

### **02 Meet a Recruiter or Take an Assessment**

If selected for a corporate role, a recruiter will reach out to start your interview process and be your main contact throughout the process. For retail roles, you’ll complete an interactive assessment that includes a chat and quizzes and takes about 10-20 minutes to complete. No matter the role, we want to learn about you – the whole you – so don’t shy away from how you approach world-class service and what makes you unique.

### **03 Interview**

Go into this stage confident by doing your research, understanding what we are looking for and being prepared for questions that are set up to learn more about you, and your background.",,https://in.indeed.com/cmp/Nike,https://d2q79iu7y748jz.cloudfront.net/s/_squarelogo/256x256/ad360a3f4ed7004ddb751f230b3558a1,https://jobs.nike.com,"Beaverton, OR","10,000+",more than $10B (USD),"NIKE, Inc. is the world’s leading designer, marketer and distributor of authentic athletic footwear, apparel, equipment and accessories for a wide variety of sports and fitness activities.",,,,,,,2026-09-30,"KA, IN"
nk-300926036658,naukri,https://www.naukri.com/job-listings-product-manager-solution-designer-servicenow-itom-careernet-hyderabad-10-to-16-years-300926036658,,Product Manager / Solution Designer - ServiceNow ITOM,Careernet,"Hyderabad, India",2026-09-30,,,,,,,False,,,,,,,https://www.naukri.com/careernet-jobs-careers-4124,https://img.naukimg.com/logo_images/groups/v1/614294.gif,,,,,,"Product Management, Product Manager, Business Analyst, ITOM, Solution Designer, ServiceNow, Certification, Business Analysis",10-16 Yrs,,,5.0,Work from office,2026-09-30,"Hyderabad, India"
li-4456307462,linkedin,https://www.linkedin.com/jobs/view/4456307462,,Senior Product Manager,Microsoft,"Hyderabad, Telangana, India",2026-09-30,,,,,,,False,,,,,,,https://www.linkedin.com/company/microsoft,,,,,,,,,,,,,2026-09-30,Hyderabad
li-4454704109,linkedin,https://www.linkedin.com/jobs/view/4454704109,,Senior Product Manager,ICIMS,"Hyderabad, Telangana, India",2026-09-30,,,,,,,False,,,,,,,https://www.linkedin.com/company/icims,,,,,,,,,,,,,2026-09-30,Hyderabad
li-4472182503,linkedin,https://www.linkedin.com/jobs/view/4472182503,,Lead Product Manager,OpenText,"Hyderabad, Telangana, India",2026-09-30,,,,,,,False,,,,,,,https://ca.linkedin.com/company/opentext,,,,,,,,,,,,,2026-09-30,Hyderabad
li-4473942975,linkedin,https://www.linkedin.com/jobs/view/4473942975,,Product Manager - Business Banking -SMB Client & Frontline Experiences (Engage & Deepen),JPMorganChase,"Hyderabad, Telangana, India",2026-09-30,,,,,,,False,,,,,,,https://www.linkedin.com/company/jpmorganchase,,,,,,,,,,,,,2026-09-30,Hyderabad
li-4473723466,linkedin,https://www.linkedin.com/jobs/view/4473723466,,Product Manager,Park+,"Gurugram, Haryana, India",2026-09-30,,,,,,,False,,,,,,,https://in.linkedin.com/company/parkplus,,,,,,,,,,,,,2026-09-30,Gurugram
nk-300926501566,naukri,https://www.naukri.com/job-listings-product-manager-prudent-globaltech-solutions-private-limited-hyderabad-6-to-10-years-300926501566,,Product Manager,Prudent Globaltech Solutions,"Hyderabad, India",2026-09-30,,,,,,,False,,,,,,,https://www.naukri.com/prudent-globaltech-solutions-jobs-careers-4874162,https://img.naukimg.com/logo_images/groups/v1/7459903.gif,,,,,,"Product management, Email marketing, Campaign management, Healthcare, Marketing operations, SEM, SEO, Digital marketing",6-10 Yrs,2.5,10.0,,Work from office,2026-09-30,"Hyderabad, India"
li-4473928210,linkedin,https://www.linkedin.com/jobs/view/4473928210,,Product Manager,TriNet,"Hyderabad, Telangana, India",2026-09-30,,,,,,,False,,,,,,,https://www.linkedin.com/company/trinet,,,,,,,,,,,,,2026-09-30,Hyderabad
li-4473749075,linkedin,https://www.linkedin.com/jobs/view/4473749075,,Senior Product Manager,NationsBenefits India,"Hyderabad, Telangana, India",2026-09-30,,,,,,,False,,,,,,,https://in.linkedin.com/company/nationsbenefitsindia,,,,,,,,,,,,,2026-09-30,Hyderabad
li-4473959515,linkedin,https://www.linkedin.com/jobs/view/4473959515,,Product Manager,LiveRamp,"Hyderabad, Telangana, India",2026-09-30,,,,,,,False,,,,,,,https://www.linkedin.com/company/liveramp,,,,,,,,,,,,,2026-09-30,Hyderabad
nk-300926502615,naukri,https://www.naukri.com/job-listings-sr-product-manager-coupa-software-inc-hyderabad-8-to-13-years-300926502615,,Sr. Product Manager,Coupa ,"Hyderabad, India",2026-09-30,,,,,,,False,,,,,,,https://www.naukri.com/coupa-jobs-careers-2032782,https://img.naukimg.com/logo_images/groups/v1/4214204.gif,,,,,,"Product management, Supply chain, Competitive market analysis, Artificial Intelligence, Finance, product life cycle, Wellness, Spend management",8-13 Yrs,3.4,141.0,,Work from office,2026-09-30,"Hyderabad, India"
in-38cf3fe8e3a32925,indeed,https://in.indeed.com/viewjob?jk=38cf3fe8e3a32925,https://careers.nike.com/lead-technical-product-manager-itc/job/R-94491,"Lead Technical Product Manager, ITC",NIKE,"KA, IN",2026-09-30,fulltime,,,,,,False,,,,,"Position Type

Full Time

Career area

Program, Product & Project Management

Location

4/F, WeWork, Embassy GolfLinks, Karnataka, Karnātaka 560093, India

Job ID

R-94491

Become a Part of the NIKE, Inc. Team

NIKE, Inc. does more than outfit the world’s best athletes. It is a place to explore potential, obliterate boundaries and push out the edges of what can be. The company looks for people who can grow, think, dream and create. Its culture thrives by embracing diversity and rewarding imagination. The brand seeks achievers, leaders and visionaries. At NIKE, Inc. it’s about each person bringing skills and passion to a challenging and constantly evolving game.

**WHO YOU WILL WORK WITH**

As a Lead Product Manager in Nike’s India Technology Center (ITC), you will play a key role in the Consumer Product & Innovation (CP&I) team—the technology engine behind Nike’s product creation, merchandising, design, and innovation. You will work closely with global Product, Engineering, Architecture, Experience, Data & Analytics, Program Management, and Business partners across Nike’s matrixed ecosystem. Your work will accelerate Nike’s digital product creation capabilities and help deliver scalable, enterprise-grade solutions used across Footwear, Apparel, and Accessories. You will report to a Director/Senior Director of Product Management and collaborate with cross-functional teams and stakeholders to align vision, define priorities, and deliver meaningful business outcomes.

**WHO WE ARE LOOKING FOR**

We are seeking a strategic yet hands-on Lead Product Manager who thrives at the intersection of product vision, technical depth, and stakeholder alignment. You bring a data-driven mindset, strong product execution skills, and the ability to simplify complex problems into clear product decisions. You excel at balancing long-term strategic vision with day-to-day execution, synthesizing insights, leading cross-functional teams, and communicating clearly across technical and non-technical audiences.

Qualifications

* Bachelor’s degree or equivalent. MBA preferred.

* 5+ years of product management experience (web/mobile/enterprise platforms preferred)

* Strong analytical and critical thinking capabilities

* Experience in Agile delivery models and iterative development

* Strong understanding of technology architectures, APIs, and platforms

* Excellent communication and stakeholder alignment skills

* Team-first mindset with willingness to roll up sleeves

Preferred:

* Experience in consumer, retail, footwear, apparel, or digital product creation ecosystems

* Background in platform product management

* Experience managing executive communications or business presentations

**WHAT YOU WILL WORK ON**

As a Lead PM in CP&I, you will own the roadmap and lifecycle of key platform or product capabilities that power Nike’s global product creation ecosystem. Core responsibilities include:

* Defining product vision, strategy, and roadmap

* Driving discovery, prioritization, development, rollout, and adoption

* Translating user needs into technical requirements with Engineering

* Collaborating with business stakeholders to define priorities and success metrics

* Optimizing user journeys and platform health across CP&I tools and services

* Making evidence-based trade-offs between user needs, complexity, and business value

* Investigating issues, performing root-cause analysis, closing systemic gaps

* Driving consistency in product quality, documentation, KPIs, and roadmap communication

* Establishing and communicating performance metrics across the organization

NIKE, Inc. is a growth company that looks for team members to grow with it. Nike offers a generous total rewards package, casual work environment, a diverse and inclusive culture, and an electric atmosphere for professional development. No matter the location, or the role, every Nike employee shares one galvanizing mission: To bring inspiration and innovation to every athlete\\* in the world.

NIKE, Inc. is an equal opportunity employer. Qualified applicants will receive consideration without regard to race, color, religion, sex, national origin, age, sexual orientation, gender identity, gender expression, veteran status, or disability.

What You Can Expect

**OUR HIRING GAME PLAN**
------------------------

### **01 Apply**

Our teams are made up of diverse skillsets, knowledge bases, inputs, ideas and backgrounds. We want you to find your fit – review job descriptions, departments and teams to discover the role for you.

### **02 Meet a Recruiter or Take an Assessment**

If selected for a corporate role, a recruiter will reach out to start your interview process and be your main contact throughout the process. For retail roles, you’ll complete an interactive assessment that includes a chat and quizzes and takes about 10-20 minutes to complete. No matter the role, we want to learn about you – the whole you – so don’t shy away from how you approach world-class service and what makes you unique.

### **03 Interview**

Go into this stage confident by doing your research, understanding what we are looking for and being prepared for questions that are set up to learn more about you, and your background.",,https://in.indeed.com/cmp/Nike,https://d2q79iu7y748jz.cloudfront.net/s/_squarelogo/256x256/ad360a3f4ed7004ddb751f230b3558a1,https://jobs.nike.com,"Beaverton, OR","10,000+",more than $10B (USD),"NIKE, Inc. is the world’s leading designer, marketer and distributor of authentic athletic footwear, apparel, equipment and accessories for a wide variety of sports and fitness activities.",,,,,,,2026-09-30,"KA, IN"
nk-300926024439,naukri,https://www.naukri.com/job-listings-senior-product-manager-nb-healthcare-technologies-hyderabad-7-to-12-years-300926024439,,Senior Product Manager,NB Healthcare Technologies,"Hyderabad, India",2026-09-30,,,,,,,False,,,,,,,https://www.naukri.com/nb-healthcare-technologies-jobs-careers-5577826,https://img.naukimg.com/logo_images/groups/v1/5019922.gif,,,,,,"Product Strategy, Product Management, Healthcare, SQL, Product Life Cycle Management, Life Cycle Management, Product Life Cycle, Life cycle",7-12 Yrs,2.3,83.0,,Work from office,2026-09-30,"Hyderabad, India"
li-4452251899,linkedin,https://www.linkedin.com/jobs/view/4452251899,,Senior Product Manager II,eBay,"Bengaluru, Karnataka, India",2026-09-30,,,,,,,False,,,,,,,https://www.linkedin.com/company/ebay,,,,,,,,,,,,,2026-09-30,Bengaluru
nk-300926015942,naukri,https://www.naukri.com/job-listings-senior-product-manager-salesforce-integration-cvent-bengaluru-delhi-ncr-12-to-16-years-300926015942,,Senior Product Manager (Salesforce Integration),Cvent,"Bengaluru, Delhi / NCR, India",2026-09-30,,,,,,,False,,,,,,,https://www.naukri.com/cvent-jobs-careers-188630,https://img.naukimg.com/logo_images/groups/v1/106364.gif,,,,,,"Product Strategy, Product Management, Integration, Product Vision, Product Roadmap, CRM Integration, Salesforce Integration, Senior",12-16 Yrs,3.1,631.0,,Hybrid,2026-09-30,"Bengaluru, Delhi / NCR, India"
gd-1010277874836,glassdoor,https://www.glassdoor.co.in/job-listing/j?jl=1010277874836,,"Principal Product Manager, Retail Business Services, RBS: Cost To Serve",ADCI - BLR 14 SEZ - F07,Bengaluru,2026-09-30,,direct_data,yearly,512500.0,1000000.0,INR,False,,,organic,,,,https://www.glassdoor.co.in/Overview/W-EI_IE6036.htm,https://media.glassdoor.com/sql/6036/amazon-squarelogo-1552847650117.png,,,,,,,,,,,,2026-09-30,Bengaluru
gd-1010277735519,glassdoor,https://www.glassdoor.co.in/job-listing/j?jl=1010277735519,,Senior Android SW Product Manager,Qualcomm,Hyderābād,2026-09-30,,direct_data,yearly,200000.0,711723.0,INR,False,,,organic,,,,https://www.glassdoor.co.in/Overview/W-EI_IE640.htm,https://media.glassdoor.com/sql/640/qualcomm-squareLogo-1662140255236.png,,,,,,,,,,,,2026-09-30,Hyderābād
gd-1010278385125,glassdoor,https://www.glassdoor.co.in/job-listing/j?jl=1010278385125,,Sr Digital Product Manager,Amgen,Hyderābād,2026-09-30,,direct_data,yearly,395000.0,867500.0,INR,False,,,organic,,,,https://www.glassdoor.co.in/Overview/W-EI_IE1130.htm,https://media.glassdoor.com/sql/1130/amgen-squareLogo-1698941052745.png,,,,,,,,,,,,2026-09-30,Hyderābād
gd-1010277596157,glassdoor,https://www.glassdoor.co.in/job-listing/j?jl=1010277596157,,PRODUCT MANAGER L1,Wipro Limited,Hyderābād,2026-09-30,,direct_data,yearly,346818.0,575000.0,INR,False,,,organic,,,,https://www.glassdoor.co.in/Overview/W-EI_IE9936.htm,https://media.glassdoor.com/sql/9936/wipro-squareLogo-1670620181456.png,,,,,,,,,,,,2026-09-30,Hyderābād
in-fd440fa4c91f094c,indeed,https://in.indeed.com/viewjob?jk=fd440fa4c91f094c,https://usource.ripplehire.com/candidate/?token=tc9ZNcliQkGPZJi0XtYp&lang=en&source=INDEED&ref=INDEED#detail/job/65582,Product Manager I,UST,"KA, IN",2026-09-30,,,,,,,False,,,,,"**Role description**

At UST, we help the world’s best organizations grow and succeed through transformation. Bringing together the right talent, tools, and ideas, we work with our clients to co-create lasting change. Together, with over 30,000 employees in 30+ countries, we build for boundless impact, touching billions of lives in the process. Visit us at **www.ust.com**.

**Summary**

UST is looking for an experienced **Product Owner** to lead product strategy, roadmap planning, and delivery for healthcare and benefits-focused digital solutions. The ideal candidate will bridge business and technology teams, define product vision, drive value-based prioritization, and support the adoption of AI-powered and automation-driven capabilities.

**The Opportunity**

As a Product Owner, you will be responsible for defining product vision, managing product backlogs, prioritizing features based on business value, and ensuring successful delivery of scalable healthcare solutions. You will work closely with business stakeholders, engineering teams, architects, and leadership to deliver high-impact products while supporting emerging AI, agentic AI, and automation initiatives.

### **Key Roles & Responsibilities**

* Define and communicate product vision, roadmap, goals, and business outcomes.
* Gather, analyze, and document business requirements, workflows, and process maps.
* Collaborate with stakeholders to identify priorities, define scope, and align product strategy with organizational objectives.
* Create and manage user stories, epics, measurable acceptance criteria, and product backlogs using Jira.
* Prioritize features and enhancements based on business value, risk, customer impact, and strategic goals.
* Drive Agile delivery processes, including sprint planning, backlog grooming, release planning, and stakeholder reviews.
* Partner with engineering and architecture teams to translate business needs into scalable technical solutions.
* Lead UAT planning, business validation activities, defect triaging, and stakeholder sign-offs.
* Define AI and automation objectives, success metrics, business KPIs, and human-review requirements for AI-enabled solutions.
* Monitor product adoption, user engagement, and business outcomes using analytics and reporting frameworks.
* Develop business cases, ROI assessments, and value realization strategies for product investments.
* Support delivery of healthcare, benefits administration, pharmacy, and digital transformation initiatives.
* Collaborate with cross-functional teams to ensure alignment across product, business, engineering, and operations.
* Communicate effectively with business and technical audiences, ensuring clarity, brevity, and accuracy in discussions and documentation.

**What You Need**

### **Requirements**

* Strong experience in Product Ownership, Product Management, or Business Analysis roles.
* Expertise in product vision creation, roadmap planning, and business-value prioritization.
* Experience gathering requirements and managing stakeholder expectations across multiple business units.
* Strong understanding of Agile methodologies and product delivery frameworks.
* Experience creating user stories, acceptance criteria, and managing backlogs within Jira.
* Working knowledge of healthcare, benefits administration, and related operational processes.
* Ability to define AI-enabled business outcomes and success measurement frameworks.
* Experience supporting UAT execution, business validation, and release readiness activities.
* Strong analytical, problem-solving, decision-making, and stakeholder management skills.
* Excellent verbal and written communication skills with the ability to interact effectively with senior leadership, business stakeholders, and technology teams.

**Required Skills**

* Product Management
* Product Vision and Strategy
* Product Roadmap Planning
* Business Value Prioritization
* Requirements Gathering
* Process Mapping
* Stakeholder Management
* User Story Development
* Acceptance Criteria Definition
* Backlog Management
* Jira
* Agile Delivery
* Sprint Planning
* Release Planning and Prioritization
* Healthcare Systems
* Benefits Administration
* User Acceptance Testing (UAT)
* Business Validation
* Product Analytics
* Adoption Measurement
* Business Case Development
* AI and Automation Outcome Definition
* Process Documentation

**Desired Skills**

* Experience delivering Generative AI, Agentic AI, or RPA-based products.
* Foundation-level understanding of distributed systems and agentic systems; hands-on experience is preferred but not mandatory.
* Knowledge of CRx/Pharmacy operations and healthcare document workflows.
* Understanding of AWS-hosted applications and API integrations.
* Familiarity with Jira-to-Bitbucket delivery traceability.
* Experience working with cross-functional digital transformation initiatives.
* Exposure to data-driven product decision-making and AI-enabled business solutions.

**Qualification**

* Bachelor's Degree in Business, Technology, Computer Science, Engineering, or a related field.
* Product Management Certification (CSPO, PSPO, or equivalent) preferred.

**Experience**

**8 to 12 Years**

**What We Believe**

We're proud to embrace the same values that have shaped UST since the beginning. Since day one, we've been building enduring relationships and a culture of integrity. Today, those same values inspire us to encourage innovation, champion diversity and inclusion, and place people at the center of everything we do.

### **Humility**

We will listen, learn, be empathetic, and help selflessly in our interactions with everyone.

### **Humanity**

Through business, we will better the lives of those less fortunate than ourselves.

### **Integrity**

We honor our commitments and act with responsibility in all our relationships.

**Equal Employment Opportunity Statement**

UST is an Equal Opportunity Employer. We believe that no one should be discriminated against because of their differences, such as age, disability, ethnicity, gender, gender identity and expression, religion, or sexual orientation.

All employment decisions shall be made without regard to age, race, creed, color, religion, sex, national origin, ancestry, disability status, veteran status, sexual orientation, gender identity or expression, genetic information, marital status, citizenship status, or any other basis protected by applicable law.

UST reserves the right to periodically redefine roles and responsibilities based on organizational requirements and/or employee performance.

* Support and promote the values of UST.
* Comply with all company policies and procedures

  
**Skills**

Healthcare Systems, Benefits Administration, AWS, Generative AI, Prioritization, Product Management, Requirements Gathering, User Acceptance Testing, Process Documentation

 **About UST**  
UST is a global digital transformation solutions provider. For more than 20 years, UST has worked side by side with the world’s best companies to make a real impact through transformation. Powered by technology, inspired by people and led by purpose, UST partners with their clients from design to operation. With deep domain expertise and a future-proof philosophy, UST embeds innovation and agility into their clients’ organizations. With over 30,000 employees in 30 countries, UST builds for boundless impact—touching billions of lives in the process.",,https://in.indeed.com/cmp/Ust-2,https://d2q79iu7y748jz.cloudfront.net/s/_squarelogo/256x256/92d1b4060694c8865d9da3e9158a275e,https://www.ust.com/,"Aliso Viejo, CA","10,000+",Decline to state,"UST is a global digital transformation solutions provider for more than 20 years. With over 29K+ employees in 30 countries, UST builds for boundless impact—touching billions of lives in the process.",,,,,,,2026-09-30,"KA, IN"
in-fa454302279d4431,indeed,https://in.indeed.com/viewjob?jk=fa454302279d4431,https://www.amazon.jobs/jobs/10565669/senior-product-manager--tech-selection-monitoring?cmpid=DA_INAD200785B,"Senior Product Manager - Tech, Selection Monitoring",Amazon.com,"KA, IN",2026-09-30,fulltime,,,,,,False,,,,,"**DESCRIPTION**
---------------

Amazon’s Selection Monitoring team builds software to improve customer experience by : (1) Enabling Agentic Shopping experiences through World Product Catalog that contains all shoppable products sold anywhere in the world, (2) Growing number of customer relevant brands and products on Amazon, and (3) enriching product and brand information in Amazon catalog. We build state-of-the-art information retrieval infrastructure, extracting structured-data from unstructured-content, automatic item classification, storage systems to hold the massive catalog and distributed systems of cloud-scale. We apply parallel processing, Generative AI solutions, and machine learning algorithms to evaluate millions of products every day and to identify and prioritize new additions to Amazon’s selection efficiently. If you are customer obsessed, driven, tenacious and analytical, you will have fun solving our business problems of unprecedented scale. You will develop deep technical expertise and learn designing large scale distributed, service-oriented systems. Come join us in our journey to improve our customer experience at Amazon !  
  
Our ideal candidate will have launched multiple, impactful consumer products, have demonstrated the ability to lead high-performance teams, and have deep understanding of product management, user experience, and software development processes (especially agile). You should be highly analytical, able to work effectively across teams, and thrive in entrepreneurial, fast-paced work environments.  
  
Key job responsibilities  

* Lead product strategy and vision supported by internal data and external analysis.
* Define creative, high quality, simple product requirements and roadmaps based on product strategy.
* Manage prioritization and trade-offs among customer experience, performance and operational support requirements.
* Create buy-in for the product vision both internally and with key partners
* Work closely with engineering teams to deliver products to market using agile development methodologies.
* Stay current and report on industry trends, including new opportunities, competitor capabilities, etc.
* Measure and analyze existing products and business models for opportunities to innovate and improve, providing additional benefits to developers and customers
* Proactively identify and resolve strategic issues that may impair the team’s ability to meet strategic, financial, and technical goals

  
About the team  
Amazon carries the world’s largest catalog of products and in order to maintain this lead, we are constantly exploring and understanding the global e-commerce landscape. The mission of Selection Monitoring (SM) team is to collect all publicly available facts and generate insights about brands and products. SM is a global team with the charter to enable World Product Catalog (WPC) and surface these facts and insights to WW Amazon teams where we have an e-commerce business. SM’s primary objective is to improve Amazon selection and customer experience by discovering, validating, prioritizing off-Amazon brands and selection.

**BASIC QUALIFICATIONS**
------------------------

* Bachelor's degree
* Experience owning/driving roadmap strategy and definition
* Experience with feature delivery and tradeoffs of a product
* Experience contributing to engineering discussions around technology decisions and strategy related to a product
* Experience managing technical products or online services
* Experience in representing and advocating for a variety of critical customers and stakeholders during executive-level prioritization and planning

**PREFERRED QUALIFICATIONS**
----------------------------

* Experience in building and driving adoption of new tools

  
Our inclusive culture empowers Amazonians to deliver the best results for our customers. If you have a disability and need a workplace accommodation or adjustment during the application and hiring process, including support for the interview or onboarding process, please visit https://amazon.jobs/content/en/how-we-hire/accommodations for more information. If the country/region you’re applying in isn’t listed, please contact your Recruiting Partner.",Internet And Software,https://in.indeed.com/cmp/Amazon.com,https://d2q79iu7y748jz.cloudfront.net/s/_squarelogo/256x256/3e9d43f5c277de169808abdcaf49ba2c,https://www.amazon.jobs,"440 Terry Ave N, Seattle, WA, United States, Washington","10,000+",more than $10B (USD),Our mission is to be Earth's most customer-centric company.,,,,,,,2026-09-30,"KA, IN"
nk-300926032673,naukri,https://www.naukri.com/job-listings-product-manager-distribution-unsecured-loans-yes-bank-mumbai-all-areas-8-to-12-years-300926032673,,Product Manager : Distribution Unsecured Loans,Yes Bank,"Mumbai (All Areas)(Santacruz), India",2026-09-30,,,,,,,False,,,,,,,https://www.naukri.com/yes-bank-jobs-careers-25670,https://img.naukimg.com/logo_images/groups/v1/161414.gif,,,,,,"Product Management, Management, Distribution, Unsecured Loans",8-12 Yrs,3.6,11161.0,,Work from office,2026-09-30,"Mumbai (All Areas)(Santacruz), India"
nk-300926502012,naukri,https://www.naukri.com/job-listings-product-manager-process-customer-experience-cx-owner-proffer-it-consultancy-private-limited-mumbai-8-to-12-years-300926502012,,Product Manager - Process & Customer Experience (CX) Owner,Proffer It Consultancy,"Mumbai, India",2026-09-30,,,,,,,False,,,,,,,https://www.naukri.com/proffer-it-consultancy-jobs-careers-123565139,https://img.naukimg.com/logo_images/groups/v1/11066122.gif,,,,,,"Computer science, Product management, Process improvement, Billing, Presales, VAS, Taxation, microsoft",8-12 Yrs,2.3,12.0,,Work from office,2026-09-30,"Mumbai, India"
nk-300926502778,naukri,https://www.naukri.com/job-listings-product-manager-exclusive-net-work-private-limited-mumbai-3-to-8-years-300926502778,,Product Manager,Exclusive Networks,"Mumbai, India",2026-09-30,,,,,,,False,,,,,,,https://www.naukri.com/exclusive-networks-jobs-careers-5279310,https://img.naukimg.com/logo_images/groups/v1/4729995.gif,,,,,,"Sales, Networking, HP data protector, Relationship building, Channel sales, Presales, Account management, Vendor",3-8 Yrs,3.0,25.0,,Work from office,2026-09-30,"Mumbai, India"
nk-300926008228,naukri,https://www.naukri.com/job-listings-product-manager-tata-consultancy-services-bengaluru-6-to-8-years-300926008228,,Product Manager,Tata Consultancy Services,"Bengaluru, India",2026-09-30,,,,,,,False,,,,,,,https://www.naukri.com/tata-consultancy-services-jobs-careers-13542,https://img.naukimg.com/logo_images/groups/v1/223346.gif,,,,,,"Product Management, AI Product Management, Generative AI, AI/ML Solutions, Large Language Model, Artificial Intelligence, Languages, Ml",6-8 Yrs,3.2,122731.0,,Work from office,2026-09-30,"Bengaluru, India"
nk-300926502765,naukri,https://www.naukri.com/job-listings-product-manager-india-dow-chemical-international-pvt-ltd-mumbai-6-to-10-years-300926502765,,Product Manager - India,Dow Chemical International Private Limited,"Mumbai, India",2026-09-30,,,,,,,False,,,,,,,https://www.naukri.com/dow-chemical-international-jobs-careers-217968,https://img.naukimg.com/logo_images/groups/v1/4656239.gif,,,,,,"Product management, Procurement, Analytical, Financial planning, Contract manufacturing, Business strategy, Team building, Travel insurance",6-10 Yrs,3.4,537.0,,Work from office,2026-09-30,"Mumbai, India"
nk-300926901951,naukri,https://www.naukri.com/job-listings-product-manager-u-s-bancorp-india-private-limited-chennai-7-to-10-years-300926901951,,Product Manager,U.S. Bancorp India,"Chennai, India",2026-09-30,,,,,,,False,,,,,,,https://www.naukri.com/u-s-bancorp-india-jobs-careers-125637037,https://img.naukimg.com/logo_images/groups/v1/6319909.gif,,,,,,"agile, product manager, business analysis, agile delivery, financial services, banking, operations, product management",7-10 Yrs,,,,Work from office,2026-09-30,"Chennai, India"
gd-1010277910239,glassdoor,https://www.glassdoor.co.in/job-listing/j?jl=1010277910239,,Digital Product Manager,Open Axis Private Limited,Mumbai,2026-09-30,,direct_data,yearly,800000.0,1200000.0,INR,False,,,organic,,,,,,,,,,,,,,,,,2026-09-30,Mumbai
gd-1010278360958,glassdoor,https://www.glassdoor.co.in/job-listing/j?jl=1010278360958,,Product Manager - India,Dow,Navi Mumbai,2026-09-30,,direct_data,yearly,380000.0,792000.0,INR,False,,,organic,,,,https://www.glassdoor.co.in/Overview/W-EI_IE207.htm,https://media.glassdoor.com/sql/207/dow-squarelogo-1501682615433.png,,,,,,,,,,,,2026-09-30,Navi Mumbai
gd-1010277633096,glassdoor,https://www.glassdoor.co.in/job-listing/j?jl=1010277633096,,Product Manager,Exclusive Networks,Mumbai,2026-09-30,,direct_data,yearly,600000.0,960000.0,INR,False,,,organic,,,,https://www.glassdoor.co.in/Overview/W-EI_IE1130062.htm,https://media.glassdoor.com/sql/1130062/exclusive-networks-squarelogo-1455626944688.png,,,,,,,,,,,,2026-09-30,Mumbai
nk-300926501726,naukri,https://www.naukri.com/job-listings-product-manager-nutrabay-gurugram-2-to-5-years-300926501726,,Product Manager,Nutrabay,"Gurugram, India",2026-09-30,,,,,,,False,,,,,,,https://www.naukri.com/nutrabay-jobs-careers-4894700,https://img.naukimg.com/logo_images/groups/v1/4066548.gif,,,,,,"Product management, Automation, courier management, Reconciliation, Agile, Customer support, Stakeholder management, Operations",2-5 Yrs,4.3,63.0,,Work from office,2026-09-30,"Gurugram, India"
nk-010926014772,naukri,https://www.naukri.com/job-listings-product-manager-selective-global-search-mumbai-7-to-12-years-010926014772,,Product Manager,Selective Global Search,"Mumbai, India",2026-09-30,,direct_data,yearly,1500000.0,2250000.0,INR,False,,,,,,,https://www.naukri.com/selective-global-search-jobs-careers-48574,https://img.naukimg.com/logo_images/groups/v1/6543067.gif,,,,,,"Product Management, Product Promotion, Product Marketing, Product Launch, Product Life Cycle, Product Planning, Launch, Marketing",7-12 Yrs,,,,Work from office,2026-09-30,"Mumbai, India"
nk-300926502178,naukri,https://www.naukri.com/job-listings-product-manager-ai-american-infosource-business-solutions-pvt-ltd-gurugram-9-to-14-years-300926502178,,Product Manager - AI,AIS business solution,"Gurugram, India",2026-09-30,,,,,,,False,,,,,,,https://www.naukri.com/ais-business-solution-jobs-careers-1075196,https://img.naukimg.com/logo_images/groups/v1/4576379.gif,,,,,,"Product management, Computer science, Agile, Workflow, Scrum, JIRA, Analytics, Automotive",9-14 Yrs,3.7,236.0,,Work from office,2026-09-30,"Gurugram, India"
nk-300926014852,naukri,https://www.naukri.com/job-listings-product-manager-current-account-airtel-payments-bank-gurugram-6-to-9-years-300926014852,,Product Manager Current Account,Airtel Payments Bank,"Gurugram, India",2026-09-30,,,,,,,False,,,,,,,https://www.naukri.com/airtel-payments-bank-jobs-careers-4393562,https://img.naukimg.com/logo_images/groups/v1/3508952.gif,,,,,,"Current Account, Product Management, CASA, Product Manager, B2C, KYC, Management, Current",6-9 Yrs,3.8,1675.0,,Hybrid,2026-09-30,"Gurugram, India"
nk-300926030780,naukri,https://www.naukri.com/job-listings-senior-product-manager-current-account-bean-hr-consulting-gurugram-5-to-10-years-300926030780,,Senior Product Manager-Current Account,Bean Hr Consulting,"Gurugram, India",2026-09-30,,direct_data,yearly,3000000.0,3500000.0,INR,False,,,,,,,https://www.naukri.com/bean-hr-consulting-jobs-careers-1477288,https://img.naukimg.com/logo_images/groups/v1/1061904.gif,,,,,,"AML, Portfolio Management, KYC, RBI Guidelines, Current Account, Product Management, Excel, API",5-10 Yrs,,,,Work from office,2026-09-30,"Gurugram, India"
nk-300926503003,naukri,https://www.naukri.com/job-listings-senior-product-manager-expedia-group-gurugram-7-to-12-years-300926503003,,Senior Product Manager,Expedia,"Gurugram, India",2026-09-30,,,,,,,False,,,,,,,https://www.naukri.com/expedia-jobs-careers-753685,https://img.naukimg.com/logo_images/groups/v1/584024.gif,,,,,,"Order management, Computer science, Product management, Hospitality, Automation, Talent acquisition, Analytical, Customer support",7-12 Yrs,3.7,420.0,,Work from office,2026-09-30,"Gurugram, India"
gd-1010277973008,glassdoor,https://www.glassdoor.co.in/job-listing/j?jl=1010277973008,,Associate Product Manager / Product Manager,Glomopay,Bengaluru,2026-09-30,,direct_data,yearly,500000.0,855000.0,INR,False,,,organic,,,,https://www.glassdoor.co.in/Overview/W-EI_IE11209640.htm,,,,,,,,,,,,,2026-09-30,Bengaluru
gd-1010277832095,glassdoor,https://www.glassdoor.co.in/job-listing/j?jl=1010277832095,,Product Manager,Jobhuk,Bengaluru,2026-09-30,,direct_data,yearly,778454.0,778454.0,INR,False,,,organic,,,,,,,,,,,,,,,,,2026-09-30,Bengaluru
gd-1010277882290,glassdoor,https://www.glassdoor.co.in/job-listing/j?jl=1010277882290,,Lead Digital Product Manager,Wells Fargo,Bengaluru,2026-09-30,,direct_data,yearly,970000.0,1000000.0,INR,False,,,organic,,,,https://www.glassdoor.co.in/Overview/W-EI_IE8876.htm,https://media.glassdoor.com/sql/8876/wells-fargo-squareLogo-1783696136572.png,,,,,,,,,,,,2026-09-30,Bengaluru
gd-1010278876554,glassdoor,https://www.glassdoor.co.in/job-listing/j?jl=1010278876554,,Product Manager,Zixflow,India,2026-09-30,,direct_data,yearly,300000.0,1200000.0,INR,False,,,organic,,,,,,,,,,,,,,,,,2026-09-30,India
li-4472611740,linkedin,https://www.linkedin.com/jobs/view/4472611740,,Product Manager,airtel,"Gurgaon, Haryana, India",2026-09-30,,,,,,,False,,,,,,,https://in.linkedin.com/company/airtel,,,,,,,,,,,,,2026-09-30,Gurgaon
gd-1010278097573,glassdoor,https://www.glassdoor.co.in/job-listing/j?jl=1010278097573,,Senior Product Manager,Expedia,Gurgaon,2026-09-30,,direct_data,yearly,400000.0,504000.0,INR,False,,,organic,,,,https://www.glassdoor.co.in/Overview/W-EI_IE9876.htm,https://media.glassdoor.com/sql/9876/expedia-group-squareLogo-1779088880022.png,,,,,,,,,,,,2026-09-30,Gurgaon
li-4463031535,linkedin,https://www.linkedin.com/jobs/view/4463031535,,Principal Product Manager,N-able,"Bengaluru, Karnataka, India",2026-09-30,,,,,,,False,,,,,,,https://www.linkedin.com/company/n-able,,,,,,,,,,,,,2026-09-30,Bengaluru
nk-300926502229,naukri,https://www.naukri.com/job-listings-product-manager-neolacta-lifesciences-pvt-ltd-bengaluru-5-to-10-years-300926502229,,Product Manager,Neolacta Lifesciences,"Bengaluru, India",2026-09-30,,,,,,,False,,,,,,,https://www.naukri.com/neolacta-lifesciences-jobs-careers-2957616,https://img.naukimg.com/logo_images/groups/v1/4613237.gif,,,,,,"Product launch, Medical affairs, Nutrition, Brand management, Pharma, Pharmacy, Business planning, Market research",5-10 Yrs,3.5,53.0,,Work from office,2026-09-30,"Bengaluru, India"
nk-300926500067,naukri,https://www.naukri.com/job-listings-product-manager-vitraya-technologies-bengaluru-2-to-5-years-300926500067,,Product Manager,Vitraya Technologies,"Bengaluru, India",2026-09-30,,,,,,,False,,,,,,,https://www.naukri.com/vitraya-technologies-jobs-careers-124224872,https://img.naukimg.com/logo_images/groups/v1/6349433.gif,,,,,,"marketing, marketing campaigns, project management, customer satisfaction, product management, customer feedback, product development, agile methodologies",2-5 Yrs,3.1,36.0,,Work from office,2026-09-30,"Bengaluru, India"
nk-300926005133,naukri,https://www.naukri.com/job-listings-product-manager-voice-smartping-gurugram-6-to-11-years-300926005133,,Product Manager - Voice,Smartping,"Gurugram, India",2026-09-30,,,,,,,False,,,,,,,https://www.naukri.com/smartping-jobs-careers-123560043,https://img.naukimg.com/logo_images/groups/v1/7033759.gif,,,,,,"CCAAS, Product Management, CPAAS, contact center solutions, Management, Voice, Center",6-11 Yrs,3.3,31.0,,Work from office,2026-09-30,"Gurugram, India"
li-4472179292,linkedin,https://www.linkedin.com/jobs/view/4472179292,,Product Manager – AI & Information Security,Neysa,Mumbai Metropolitan Region,2026-09-30,,,,,,,False,,,,,,,https://in.linkedin.com/company/neysaai,,,,,,,,,,,,,2026-09-30,Mumbai Metropolitan Region
li-4455777878,linkedin,https://www.linkedin.com/jobs/view/4455777878,,"Sr. Product Manager - Tech, Alexa Smart Properties",Amazon,"Bengaluru, Karnataka, India",2026-09-30,,,,,,,False,,,,,,,https://www.linkedin.com/company/amazon,,,,,,,,,,,,,2026-09-30,Bengaluru
li-4473721346,linkedin,https://www.linkedin.com/jobs/view/4473721346,,"Product Manager, Integrations",Morningstar,"Mumbai, Maharashtra, India",2026-09-30,,,,,,,False,,,,,,,https://www.linkedin.com/company/morningstar,,,,,,,,,,,,,2026-09-30,Mumbai
li-4473704863,linkedin,https://www.linkedin.com/jobs/view/4473704863,,Senior Product Manager,The Sleep Company,Mumbai Metropolitan Region,2026-09-30,,,,,,,False,,,,,,,https://in.linkedin.com/company/the-sleep-company-official,,,,,,,,,,,,,2026-09-30,Mumbai Metropolitan Region
li-4473792586,linkedin,https://www.linkedin.com/jobs/view/4473792586,,Senior Product Manager,Uplers,"Bengaluru, Karnataka, India",2026-09-30,,,,,,,False,,,,,,,https://in.linkedin.com/company/weareuplers,,,,,,,,,,,,,2026-09-30,Bengaluru
li-4473730962,linkedin,https://www.linkedin.com/jobs/view/4473730962,,Product Manager - FASTag,Airtel Payments Bank,"Gurugram, Haryana, India",2026-09-30,,,,,,,False,,,,,,,https://in.linkedin.com/company/airtelpaymentsbank,,,,,,,,,,,,,2026-09-30,Gurugram
li-4472734004,linkedin,https://www.linkedin.com/jobs/view/4472734004,,Product Manager,Dentalkart,"Delhi, Delhi, India",2026-09-30,,,,,,,False,,,,,,,https://in.linkedin.com/company/dentalkart,,,,,,,,,,,,,2026-09-30,Delhi
li-4473757897,linkedin,https://www.linkedin.com/jobs/view/4473757897,,Product Manager,super.money,"Bengaluru, Karnataka, India",2026-09-30,,,,,,,False,,,,,,,https://in.linkedin.com/company/getsupermoney,,,,,,,,,,,,,2026-09-30,Bengaluru
li-4431837897,linkedin,https://www.linkedin.com/jobs/view/4431837897,,Senior Product Manager - SaaS Applications Protection & Cyber Recovery,Commvault,"Mumbai, Maharashtra, India",2026-09-30,,,,,,,False,,,,,,,https://www.linkedin.com/company/commvault,,,,,,,,,,,,,2026-09-30,Mumbai
li-4463853506,linkedin,https://www.linkedin.com/jobs/view/4463853506,,Product Manager,Priceline,"Mumbai, Maharashtra, India",2026-09-30,,,,,,,False,,,,,,,https://www.linkedin.com/company/priceline-com,,,,,,,,,,,,,2026-09-30,Mumbai
nk-300926031867,naukri,https://www.naukri.com/job-listings-product-manager-promanage-biz-chennai-2-to-5-years-300926031867,,Product Manager,Sulekha,"Chennai, India",2026-09-30,,direct_data,yearly,500000.0,1500000.0,INR,False,,,,,,,https://www.naukri.com/sulekha-jobs-careers-3272,https://img.naukimg.com/logo_images/groups/v1/239146.gif,,,,,,"Product Management, Prd, SaaS Product Development, Martech, Adtech, Product Strategy, Product Roadmap, Documentation",2-5 Yrs,3.4,489.0,10.0,Work from office,2026-09-30,"Chennai, India"
gd-1010276423123,glassdoor,https://www.glassdoor.co.in/job-listing/j?jl=1010276423123,,Sr. Product Manager / Product Manager,Fintech Technologies,Chennai,2026-09-29,,direct_data,yearly,8500000.0,8500000.0,INR,False,,,organic,,,,,,,,,,,,,,,,,2026-09-29,Chennai
li-4473244022,linkedin,https://www.linkedin.com/jobs/view/4473244022,,Senior Product Manager - Search,Snapmint,"Bengaluru, Karnataka, India",2026-09-29,,,,,,,False,,,,,,,https://in.linkedin.com/company/snapmintfinserv,,,,,,,,,,,,,2026-09-29,Bengaluru
gd-1010276245879,glassdoor,https://www.glassdoor.co.in/job-listing/j?jl=1010276245879,,Senior Product Manager,Meesho,Bengaluru,2026-09-29,,,,,,,False,,,organic,,,,https://www.glassdoor.co.in/Overview/W-EI_IE1503776.htm,https://media.glassdoor.com/sql/1503776/meesho-squareLogo-1700630962255.png,,,,,,,,,,,,2026-09-29,Bengaluru
gd-1010276464850,glassdoor,https://www.glassdoor.co.in/job-listing/j?jl=1010276464850,,"Product Manager-II, Amazon SEND",ADCI - BLR - DTA,Bengaluru,2026-09-29,,direct_data,yearly,512500.0,1000000.0,INR,False,,,organic,,,,https://www.glassdoor.co.in/Overview/W-EI_IE6036.htm,https://media.glassdoor.com/sql/6036/amazon-squarelogo-1552847650117.png,,,,,,,,,,,,2026-09-29,Bengaluru
li-4471930959,linkedin,https://www.linkedin.com/jobs/view/4471930959,,Senior Product Manager - Core Data & Decision Intelligence,Target,"Bengaluru, Karnataka, India",2026-09-29,,,,,,,False,,,,,,,https://www.linkedin.com/company/target,,,,,,,,,,,,,2026-09-29,Bengaluru
li-4473223042,linkedin,https://www.linkedin.com/jobs/view/4473223042,,Lead Product Manager AIOPs,S&P Global,"Hyderabad, Telangana, India",2026-09-29,,,,,,,False,,,,,,,https://www.linkedin.com/company/spglobal,,,,,,,,,,,,,2026-09-29,Hyderabad
li-4468537224,linkedin,https://www.linkedin.com/jobs/view/4468537224,,"Senior Product Manager, Product Management",Ensemble Global,"Hyderabad, Telangana, India",2026-09-29,,,,,,,False,,,,,,,https://in.linkedin.com/company/ensemble-global,,,,,,,,,,,,,2026-09-29,Hyderabad
li-4471267788,linkedin,https://www.linkedin.com/jobs/view/4471267788,,Senior Product Manager,Delhivery,"Bengaluru, Karnataka, India",2026-09-29,,,,,,,False,,,,,,,https://in.linkedin.com/company/delhivery,,,,,,,,,,,,,2026-09-29,Bengaluru
li-4473068926,linkedin,https://www.linkedin.com/jobs/view/4473068926,,"Global Product Manager, Antibody Solutions",Thermo Fisher Scientific,"Bengaluru East, Karnataka, India",2026-09-29,,,,,,,False,,,,,,,https://www.linkedin.com/company/thermo-fisher-scientific,,,,,,,,,,,,,2026-09-29,Bengaluru East
gd-1010276384410,glassdoor,https://www.glassdoor.co.in/job-listing/j?jl=1010276384410,,Senior Product Manager - Technical,Mastercard,Pune,2026-09-29,,direct_data,yearly,950000.0,1000000.0,INR,False,,,organic,,,,https://www.glassdoor.co.in/Overview/W-EI_IE3677.htm,https://media.glassdoor.com/sql/3677/mastercard-squarelogo-1468516067022.png,,,,,,,,,,,,2026-09-29,Pune
nk-290926503188,naukri,https://www.naukri.com/job-listings-reltio-product-manager-rarr-technologies-hyderabad-5-to-14-years-290926503188,,Reltio Product Manager,Rarr Technologies,"Hyderabad, India",2026-09-29,,,,,,,False,,,,,,,https://www.naukri.com/rarr-technologies-jobs-careers-5480988,https://img.naukimg.com/logo_images/groups/v1/4653200.gif,,,,,,"Product management, Stakeholder Engagement, Root cause analysis, Data analysis, Coding, Agile, Data quality, Test cases",5-14 Yrs,4.1,38.0,,Work from office,2026-09-29,"Hyderabad, India"
nk-290926020086,naukri,https://www.naukri.com/job-listings-product-manager-sfmc-salesforce-marketing-cloud-prudent-globaltech-solutions-hyderabad-6-to-11-years-290926020086,,Product Manager - SFMC - Salesforce Marketing Cloud,Prudent Globaltech Solutions,"Hyderabad, India",2026-09-29,,,,,,,False,,,,,,,https://www.naukri.com/prudent-globaltech-solutions-jobs-careers-4874162,https://img.naukimg.com/logo_images/groups/v1/7459903.gif,,,,,,"Product Manager, SFMC, Marketing Automation, Marketing Cloud, CCPA, Email Campaign, Ampscript, onetrust",6-11 Yrs,2.5,10.0,,Work from office,2026-09-29,"Hyderabad, India"
li-4462281973,linkedin,https://www.linkedin.com/jobs/view/4462281973,,Senior Product Manager,PhonePe,"Bengaluru, Karnataka, India",2026-09-29,,,,,,,False,,,,,,,https://in.linkedin.com/company/phonepe-internet,,,,,,,,,,,,,2026-09-29,Bengaluru
li-4464358064,linkedin,https://www.linkedin.com/jobs/view/4464358064,,Sr Technical Product Manager,GE HealthCare,"Bengaluru, Karnataka, India",2026-09-29,,,,,,,False,,,,,,,https://www.linkedin.com/company/gehealthcare,,,,,,,,,,,,,2026-09-29,Bengaluru
gd-1010276246701,glassdoor,https://www.glassdoor.co.in/job-listing/j?jl=1010276246701,,Senior Product Manager - Data & Analytics Platform,Meesho,Bengaluru,2026-09-29,,,,,,,False,,,organic,,,,https://www.glassdoor.co.in/Overview/W-EI_IE1503776.htm,https://media.glassdoor.com/sql/1503776/meesho-squareLogo-1700630962255.png,,,,,,,,,,,,2026-09-29,Bengaluru
li-4454462984,linkedin,https://www.linkedin.com/jobs/view/4454462984,,Product Manager,Broadcom,"Bengaluru, Karnataka, India",2026-09-29,,,,,,,False,,,,,,,https://www.linkedin.com/company/broadcom,,,,,,,,,,,,,2026-09-29,Bengaluru
in-e6f155784919b1b5,indeed,https://in.indeed.com/viewjob?jk=e6f155784919b1b5,https://careers.amgen.com/en/job/hyderabad/sr-digital-product-manager/87/101311671936,Sr Digital Product Manager,Amgen,"TS, IN",2026-09-29,,,,,,,False,,,,,"India - Hyderabad

JOB ID: R-254076 LOCATION: India - Hyderabad WORK LOCATION TYPE: On Site DATE POSTED: Sep. 29, 2026 CATEGORY: Project Management

Senior Digital Product Manager, Product Operations - Playbook & Training

**What you will do**

The Senior Product Manager, Product Operations - Playbook & Training will help scale Amgen’s Digital Product Operating Model (DPOM) by creating, maintaining, and facilitating the practical materials teams need to adopt product ways of working. Reporting to the Director, Product Operations, this individual contributor role will own DPOM playbook content, product management standards, templates, examples, self-serve guides, formal training, and accelerator workshops that help product teams, product groups, and business functions apply DPOM consistently.

This role will translate product management practices into clear, usable, enterprise-ready guidance. The Senior Product Manager, Product Operations - Playbook & Training will create materials that help teams define product vision and strategy, understand user and business problems, develop roadmaps, define OKRs and KPIs, prioritize opportunities, conduct discovery, clarify roles and decision rights, and connect product work to measurable outcomes.

This role will partner closely with Product Management Catalysts to convert real examples, lessons learned, and field-tested practices into reusable assets, while owning version control, socialization, and distribution of DPOM materials across the enterprise.

**Responsibilities**

DPOM Playbook and Product Management Standards

* Own, maintain, and continuously improve DPOM playbook content and related product management guidance.

* Create clear, practical, and scalable materials that help teams understand and apply DPOM in real product work.

* Develop guidance for product vision, product strategy, user and business problem definition, product charters, roadmaps, OKRs, KPIs, discovery, prioritization, roles, decision rights, operating rhythms, and value measurement.

* Partner with the Director, Product Operations and Product Management Hub leadership to ensure playbook content reflects enterprise product management standards.

Templates and Reusable Assets

* Create and maintain templates, examples, self-serve guides, checklists, workshop materials, and other accelerators that help teams adopt DPOM.

* Develop reusable assets that make it easier for teams to produce high-quality product strategies, roadmaps, OKRs, charters, prioritization recommendations, and value measurement plans.

* Translate complex product management concepts into practical tools that teams can use without heavy interpretation.

* Own version control, content hygiene, distribution, and socialization of DPOM materials across relevant enterprise channels.

Training and Accelerator Workshops

* Design and facilitate formal training sessions, accelerator workshops, and enablement experiences that help teams adopt product management practices.

* Support business leads, Digital Product Managers, business analysts, technology leads, design, data, and engineering team members in understanding how DPOM applies to their work.

* Create learning experiences that are practical, interactive, and grounded in real product scenarios.

* Continuously improve training and accelerator content based on feedback, adoption barriers, and maturity insights.

Partnership and Enterprise Enablement

* Partner with Product Management Catalysts to convert embedded engagement learnings into reusable examples, templates, playbook updates, and training materials.

* Partner with Product Operations colleagues to use maturity and adoption insights to identify where teams need clearer guidance or stronger enablement and to ensure tools, workflows, and AI-enabled product practices are reflected in playbook materials and accelerators.

* Partner with Product Management Hub, business functions, digital product leadership, technology leaders, Agile Enablement, Change Management, and other enabling teams to socialize and scale DPOM guidance.

  
  

**What we expect of you**

We are all different, yet we all use our unique contributions to serve patients. The Senior Product Manager, Product Operations we seek is a strong product operator, communicator, and enablement leader with these qualifications.

  
  

**Basic Qualifications**

Bachelor’s degree and 12 years of Digital Product, Product Management, Product Leadership, Digital Transformation, Technology Strategy, or related experience

**Preferred Qualifications**

* 12 years of progressive experience in product operations, digital product management, product enablement, digital transformation, or related disciplines.

* Strong understanding of product management practices, including product vision, strategy, roadmaps, OKRs, discovery, prioritization, product charters, stakeholder alignment, and value measurement.

* Demonstrated ability to translate complex concepts into clear, practical guidance, templates, training materials, and reusable tools.

* Experience creating playbooks, standards, frameworks, self-serve guides, examples, training content, or workshops for product, digital, agile, or transformation teams.

* Strong facilitation skills, including the ability to lead training sessions, workshops, and working sessions with cross-functional audiences.

* Excellent written and verbal communication skills, with the ability to simplify complex topics without losing substance.

* Experience partnering with product managers, business stakeholders, technology leaders, agile teams, and enablement partners.

* Strong attention to detail, content organization, version control, and knowledge management practices.

* Ability to incorporate feedback, field learnings, and measurement insights into continuously improving materials.

* Comfort operating in ambiguity, building new standards, and helping teams adopt new ways of working.

* Experience in healthcare, biotechnology, or other regulated industries preferred; candidates from high-tech, digital, consulting, or product-led organizations are also encouraged to apply.

* Familiarity with AI-native product development, generative AI workflows, responsible AI principles, and the evolving role of AI in product management preferred.",,https://in.indeed.com/cmp/Amgen,https://d2q79iu7y748jz.cloudfront.net/s/_squarelogo/256x256/e858654aaf2bd361578aeac82b39bd9b,http://www.amgen.com,"Thousand Oaks, CA","10,000+",more than $10B (USD),"Amgen, a biotechnology pioneer, discovers, develops and delivers innovative human therapeutics.",,,,,,,2026-09-29,"TS, IN"
gd-1010276145089,glassdoor,https://www.glassdoor.co.in/job-listing/j?jl=1010276145089,,"Sr. Product Manager, High Confidence Supply-chain",ASSPL - Karnataka,Bengaluru,2026-09-29,,direct_data,yearly,512500.0,1000000.0,INR,False,,,organic,,,,https://www.glassdoor.co.in/Overview/W-EI_IE6036.htm,https://media.glassdoor.com/sql/6036/amazon-squarelogo-1552847650117.png,,,,,,,,,,,,2026-09-29,Bengaluru
nk-290926030076,naukri,https://www.naukri.com/job-listings-product-manager-kabra-global-products-hyderabad-3-to-4-years-290926030076,,Product Manager,Kabra Global Products,"Hyderabad, India",2026-09-29,,direct_data,yearly,250000.0,325000.0,INR,False,,,,,,,https://www.naukri.com/kabra-global-products-jobs-careers-5974888,https://img.naukimg.com/logo_images/groups/v1/8315187.gif,,,,,,"Product Conceptualization, Product Management, Strategy & Vision, Product Roadmap, Product Portfolio, Product Design, Product Launch, Product Life Cycle Management",3-4 Yrs,3.4,24.0,2.0,Work from office,2026-09-29,"Hyderabad, India"
gd-1010276944511,glassdoor,https://www.glassdoor.co.in/job-listing/j?jl=1010276944511,,Senior Technical Product Manager - Healthcare and AI,Optum,Noida,2026-09-29,,direct_data,yearly,960000.0,1170000.0,INR,False,,,organic,,,,https://www.glassdoor.co.in/Overview/W-EI_IE2409113.htm,https://media.glassdoor.com/sql/2409113/optum-squareLogo-1752691189920.png,,,,,,,,,,,,2026-09-29,Noida
in-1ad69a3fca5bfa9c,indeed,https://in.indeed.com/viewjob?jk=1ad69a3fca5bfa9c,https://expedia.wd108.myworkdayjobs.com/en-US/search/job/India---Gurgaon/Senior-Product-Manager_R-109911,Senior Product Manager,Expedia Group,"HR, IN",2026-09-29,fulltime,,,,,,False,,,,,"At Expedia Group, we help travelers explore the world, one journey at a time. As a global travel company powered by passionate people, trusted partnerships, and leading technology, we connect travelers, partners, and advertisers through our consumer brands, B2B network, and travel advertising business.

  

Here, you'll do meaningful work that helps millions of people discover, book, and experience travel with more ease, confidence, and joy. Our five Behaviors-Traveler First, Think Big, Operate with Excellence, Ownership Mindset, and Succeed Together-help foster a supportive environment where people can grow their careers and have the flexibility, benefits, and support to do their best work. Join us and build for travelers everywhere.

**Senior Product Manager, Orders & Reservations**

**About the Team**  
Orders & Reservations sits at the center of Expedia Group's commerce platform — the system of record for every booking and the servicing backbone from purchase through cancellation, change, or refund. The platform supports global B2C travelers, B2B partners, and internal finance and analytics consumers across every line of business and brand.
  
  
**What You Will Do (Roles & Responsibilities)**

As a Senior Product Manager, you will help improve the Book-to-Serve journey by optimizing purchase, booking, and payment success while reducing Failed Customer Interactions through better validation, orchestration, retry, guidance, and intelligent routing. Specifically, you will:

  

* Own the end-to-end product vision, strategy, and roadmap for order management and reservations, translating business and technical goals into measurable outcomes for a highly scalable, business-critical platform
* Partner closely with engineering and architecture teams to design and evolve APIs, distributed systems, and cloud-based integrations that improve orchestration, retry logic, and intelligent routing across the transaction lifecycle
* Drive down Failed Customer Interactions by leading incident learnings, root-cause analysis, defect reduction, and monitoring/alerting improvements in partnership with operations and support teams
* Lead cross-functional delivery across product, engineering, design, analytics, finance, and risk — writing clear PRDs, prioritization frameworks, and delivery plans, and building alignment through executive updates and trade-off discussions
* Explore and apply AI/ML, LLMs, and intelligent automation (e.g., anomaly detection, synthetic monitoring, agent-assisted operations) to proactively catch and prevent booking, payment, and servicing failures
Use data, dashboards, and experimentation to continuously track purchase, booking, and payment success rates, identifying friction points across the Shop-to-Book-to-Serve journey and prioritizing fixes accordingly  

**Minimum Qualifications**

  

* Min 7+ years of product management experience owning complex, platform-oriented products across booking, orders, reservations, payments, servicing, or transaction lifecycle
* Strong understanding of commerce/booking journeys — supply, payment authorization, fraud, confirmation, cancellations, refunds, and post-booking servicing
* Proven ability to define product vision, strategy, and roadmaps that drive measurable improvements in success, reliability, and cost metrics for large-scale systems
* Strong technical fluency (APIs, distributed systems, data platforms, cloud architectures) and ability to partner effectively with engineering
* Demonstrated cross-functional leadership and stakeholder communication skills, including executive updates and influence without direct authority
Strong analytical rigor — using data, experimentation, and root-cause analysis to guide decisions and reduce Failed Customer Interactions  

**Preferred Qualifications**

  

* Experience with order management systems, reservation platforms, travel/hospitality commerce, marketplaces, or other high-volume transactional products
* Familiarity with booking and servicing metrics — Purchase Success Rate, Booking Success Rate, Payment Success Rate, authorization success, cancellation rates, refund completion, contact/failure rates
* Experience integrating with suppliers, payment providers, fraud systems, customer-support tools, finance platforms, or external B2B partners
* Experience building or scaling self-service servicing capabilities for cancellations, changes, refunds, and trip management
* Experience driving platform cost optimization, telemetry efficiency, cloud economics, or governance programs
* Software engineering, systems architecture, or computer science background, with ability to engage deeply in technical design discussions
* Experience operating products globally across multiple brands, lines of business, markets, currencies, regulatory environments, or customer segments
* MBA or equivalent business education; technical degree or equivalent technical experience
Experience in a fast-paced environment balancing customer value, commercial outcomes, platform health, and delivery constraints  

  

**Accommodation requests**

Expedia Group is committed to providing an inclusive and accessible recruiting experience. If you need an accommodation or adjustment due to a disability during the application or recruiting process, please submit a request at https://expedia.service-now.com/askeg?id=job\\_accommodation .

  

**About Expedia Group**

Expedia Group includes three flagship consumer brands - Expedia, Hotels.com, and Vrbo - along with a leading B2B travel business and travel advertising offerings. Across our brands and business, we help travelers explore the world with confidence and ease.

  

**Important notice**

Employment opportunities and job offers at Expedia Group will always come from Expedia Group's Talent Acquisition and hiring teams. Never share sensitive personal information unless you are confident of the recipient. Expedia Group does not extend job offers via email or messaging tools to individuals with whom we have not made prior contact. Our email domain is @expediagroup.com. The official place to find and apply for roles is https://careers.expediagroup.com/jobs/ .

  

**Equal Opportunity**

Expedia is committed to creating an inclusive work environment with a diverse workforce. All qualified applicants will receive consideration for employment without regard to race, religion, gender, sexual orientation, national origin, disability or age.",,https://in.indeed.com/cmp/Expedia-Group,https://d2q79iu7y748jz.cloudfront.net/s/_squarelogo/256x256/159ea22d9cbeb90ab9060fd3e5933045,https://careers.expediagroup.com/,,"10,000+",Decline to state,Helping travelers explore the world. One journey at a time.,,,,,,,2026-09-29,"HR, IN"
li-4471298815,linkedin,https://www.linkedin.com/jobs/view/4471298815,,Product Lead – AI Products & Solutions (CME),SumCircle Technologies Private Limited,"Mumbai, Maharashtra, India",2026-09-29,,,,,,,False,,,,,,,https://in.linkedin.com/company/sumcircle-technologies,,,,,,,,,,,,,2026-09-29,Mumbai
in-be75f0909120da41,indeed,https://in.indeed.com/viewjob?jk=be75f0909120da41,https://corporate.target.com/job/id/R0000449196,Senior Product Manager - Core Data & Decision Intelligence,Target,"KA, IN",2026-09-29,fulltime,,,,,,False,,,,,"**Senior Product Manager – Core Data and Decision Intelligence**  
  
**Target in India | L6**  
  
**About Us**  
  
As a Fortune 50 company with more than 400,000 team members worldwide, Target is an iconic brand and one of America’s leading retailers.  
  
Working at Target means the opportunity to help all families discover the joy of everyday life. Caring for our communities is woven into who we are, and we invest in the places we collectively live, work and play. We prioritize relationships, fuel and develop talent by creating growth opportunities, and succeed as one Target team. At our core, our purpose is ingrained in who we are, what we value, and how we work. It’s how we care, grow, and win together.  
  
Target is investing in the next generation of **intelligent store experiences** that connect operational, digital and physical environments to create smarter outcomes for guests, team members and the business.  
  
Our Core Intelligence Product teams are building the foundational capabilities that enable Target’s stores to **understand what is happening, anticipate what matters, recommend the right actions, and continuously learn from outcomes**.  
  
**About the Job – Senior Product Manager, Core Data and Decision Intelligence**  
  
What if a store could understand its operating environment in real time, recognize what matters most and intelligently recommend what should happen next?  
  
That is the future our **Core Data and Intelligence** teams are working toward.  
  
As a Senior Product Manager for Core Intelligence, you will build highly technical products that transform operational and physical signals into trusted intelligence that powers smarter Store decisions and experiences.  
  
You will own a complex intelligence product end-to-end—from deeply understanding the problem and developing product strategy through discovery, experimentation, delivery and measurement of outcomes.  
  
You will work side-by-side with Engineering and Data Science and partner with UX, Store Operations and other Product teams to build scalable capabilities that can power multiple workflows and experiences across Target.  
  
**Product Strategy & Ownership**

* Own the vision, strategy, roadmap and outcomes for a complex Core Intelligence product.
* Develop a deep understanding of Store operations, users and the decisions your product is intended to improve.
* Translate customer and business problems into clear product opportunities and hypotheses.
* Balance immediate use cases with development of reusable capabilities that can scale across Target.
* Define meaningful product health and outcome metrics and use them to drive prioritization and investment decisions.

**Discovery & Intelligence Product Development**

* Lead continuous discovery with Engineering, Data Science, UX, Operations and consuming Product teams.
* Explore how operational context, data science, AI/ML and emerging technologies can solve meaningful Store problems.
* Design experiments and prototypes to test hypotheses before scaling solutions.
* Partner closely with Data Science to define intelligence quality, confidence and feedback mechanisms.
* Build products that continuously learn and improve through real-world outcomes.
* Make thoughtful trade-offs across accuracy, latency, explainability, scalability and business value.

**Product Delivery & Outcomes**

* Own and prioritize the product backlog while maintaining clear connection to strategy and outcomes.
* Partner with Engineering and Data Science throughout discovery, development, launch and learning.
* Make autonomous product decisions within your product area.
* Establish adoption, product-health and outcome measures.
* Continuously evaluate whether the product is solving the intended problem and adjust strategy based on evidence.
* Ensure capabilities are reliable, reusable and extensible where appropriate.

**Cross-Functional Leadership**

* Build trusted partnerships across Engineering, Data Science, UX, Store Operations and Product teams.
* Influence partners and stakeholders through strong product thinking, evidence and storytelling.
* Clearly communicate product strategy, customer problems, trade-offs and outcomes.
* Navigate dependencies across a complex enterprise ecosystem.
* Contribute to the broader Core Intelligence strategy and identify opportunities for reuse across Store experiences.

**About You**

* 4-year college degree or equivalent experience.
* 5+ years of Product Management or relevant product experience.
* Experience owning complex, technical or data-intensive products.
* Strong product discovery and problem-solving capabilities.
* Comfortable partnering deeply with Engineering and Data Science.
* Familiarity with AI/ML, data products, recommendation systems or intelligent platforms is preferred.
* Ability to translate complex technology into intuitive customer and business outcomes.
* Strong analytical thinking and ability to make decisions using imperfect information.
* Excellent communication and cross-functional influence skills.
* Curious, comfortable with ambiguity and energized by building products in emerging problem spaces.",,https://in.indeed.com/cmp/Target,https://d2q79iu7y748jz.cloudfront.net/s/_squarelogo/256x256/91eef14f4e4990f23139c258d955b0da,http://corporate.target.com,"Minneapolis, MN","10,000+",more than $10B (USD),"Target Corporation has around 1,800 stores in the United States, making it the country's second-largest discount retailer.",,,,,,,2026-09-29,"KA, IN"
nk-290926000109,naukri,https://www.naukri.com/job-listings-product-manager-hcltech-bengaluru-12-to-20-years-290926000109,,Product Manager,HCLTech,"Bengaluru, India",2026-09-29,,,,,,,False,,,,,,,https://www.naukri.com/hcltech-jobs-careers-460,https://img.naukimg.com/logo_images/groups/v1/194354.gif,,,,,,"Product Life Cycle Management, Product Strategy, Go-to-Market Strategy, Product Roadmap, Product Life Cycle, Product management, Roadmap, Life cycle",12-20 Yrs,3.4,49772.0,,Work from office,2026-09-29,"Bengaluru, India"
nk-290926000006,naukri,https://www.naukri.com/job-listings-product-manager-hcltech-bengaluru-7-to-12-years-290926000006,,Product Manager,HCLTech,"Bengaluru, India",2026-09-29,,,,,,,False,,,,,,,https://www.naukri.com/hcltech-jobs-careers-460,https://img.naukimg.com/logo_images/groups/v1/194354.gif,,,,,,"Product Strategy, Gtm Strategy, Product Vision, Product Roadmap, Product Launch, Product management, Vision, Roadmap",7-12 Yrs,3.4,49772.0,2.0,Work from office,2026-09-29,"Bengaluru, India"
nk-290926041903,naukri,https://www.naukri.com/job-listings-product-manager-tata-consultancy-services-bengaluru-6-to-8-years-290926041903,,Product Manager,Tata Consultancy Services,"Bengaluru, India",2026-09-29,,direct_data,yearly,1000000.0,2000000.0,INR,False,,,,,,,https://www.naukri.com/tata-consultancy-services-jobs-careers-13542,https://img.naukimg.com/logo_images/groups/v1/223346.gif,,,,,,"Ai, LLM, Data Integration, Quality Control, Platform Architecture, agile, SDLC, Quality",6-8 Yrs,3.2,122731.0,,Work from office,2026-09-29,"Bengaluru, India"
li-4471759921,linkedin,https://www.linkedin.com/jobs/view/4471759921,,Product Manager - India,Dow,"Navi Mumbai, Maharashtra, India",2026-09-29,,,,,,,False,,,,,,,https://www.linkedin.com/company/dow-chemical,,,,,,,,,,,,,2026-09-29,Navi Mumbai
in-1966ed10efaa6f68,indeed,https://in.indeed.com/viewjob?jk=1966ed10efaa6f68,https://app.eightfold.ai/careers/job/446721309717?domain=qualcomm.com,Senior Android SW Product Manager,Qualcomm,"TS, IN",2026-09-29,,,,,,,False,,,,disability-accomodations@qualcomm.com,"**Company:**
------------

Qualcomm India Private Limited

**Job Area:**
-------------

Operations Group, Operations Group > Product Management

**General Summary:**

Directs a comprehensive product strategy from product conception and definition through end of life. Functions as a central resource with design, process, manufacturing, quality, test, marketing, and distribution as the product(s) and/or product line(s) move through their lifecycle. Formulates and executes long-term roadmaps for cost/profit control. Promotes use of new technologies and industry-leading trends. Directs those involved in the design, modification, and evaluation of all phases of a specific product or group of products. Involvement lasts throughout all stages of a product’s lifecycle including modifications, upgrades, and maintenance of the product or product line.

Experience : 14+ Years

  
  

The responsibilities of this role include:

* Working independently with little supervision.

* Making decisions that are moderate in impact; errors may have financial impact or effect on projects, operations, or customer relationships; errors may require involvement beyond immediate work group to correct.

* Using verbal and written communication skills to convey complex and/or detailed information to multiple individuals/audiences with differing knowledge levels. May require strong negotiation and influence, communication to large groups or high-level constituents.

* Having a moderate amount of influence over key organizational decisions (e.g., is consulted by senior leadership to provide input on key decisions).

* Completing tasks that do not have defined steps; simultaneous use of multiple mental abilities is generally required to determine the best approach; mistakes may result in significant rework.

* Exercising substantial creativity to innovate new processes, procedures, or work products within guidelines or to achieve established objectives.

* Using deductive and inductive problem solving; multiple approaches may be taken/necessary to solve the problem; often information is missing or conflicting; advanced data analysis and interpretation skills are required.

* Occasionally participates in strategic planning within own area affecting immediate operations.

  

The responsibilities of this role do not include:

* Financial accountability (e.g., does not involve budgeting responsibility).

  

PRINCIPAL DUTIES AND RESPONSIBILITIES:

* Conducts complex analyses to assess marketability of products based on market, customer, technology, and other ecosystem demands.

* Creates a business case for the development of a new product or product features in an established product area (i.e., time to market, cost, market share).

* Markets new and complex products and technologies through technical marketing opportunities such as conferences, congresses, and direct customer contact and drives product launch efforts.

* Prepares and delivers highly complex technical presentations for new and existing products that explain and demonstrate products managed to customers.

* Contributes to the creation of a differentiated product roadmap in an established product area, promotes it within team, and ensures all team members understand the product roadmap.

* Directs the development of complex products and services with minimal supervision and communicates with individuals across functional teams.

* Completes product development and definition activities for a moderately complex, owned product, including determination of cost and impact, and interacts with sales team to generate forecasts.

* Maintains expertise by staying up to date on competitors, technological advances, and the product ecosystem and takes the lead on development and design innovation of products in an established area to articulate differentiation of products to customers and identify trends.

* Communicates regularly within own team and cross-functional team(s) to ensure team-level understanding of product plans for a product line.

* Ensures successful cross-functional collaboration by ensuring that agreed upon KPIs and specifications are met for product(s), upon delivery by engineering team.

* Collaborates with key stakeholders and program sponsors to develop product goals (e.g., performance, cost, timeline, customer schedules), discuss product feasibility, and facilitate cross-functional decision making for products they own.

**Minimum Qualifications:**

* Bachelor's degree in Engineering, Information Systems, Computer Science, or related technical field.
* 4+ years of Product Management or related work experience.

  

* Completed advanced degrees in a relevant field may be substituted for up to two years (Master’s = one year, Doctorate = two years) of work experience.

* Bachelor's degree in engineering, computer science, business, or a related field.
* Experience in software product management, platform strategy, product planning, or a related technical discipline.
* Some experience with Android, AOSP, mobile software platforms, system software, or related ecosystem technologies.
* Experience defining and executing complex software products and technology roadmaps.
* Experience coordinating across multiple technology domains, product management teams, and engineering organizations.
* Understanding of mobile platform architecture, Android ecosystem requirements, software development lifecycle, and customer integration considerations.
* Experience working with Google, OEMs, carriers, developers, or other technology ecosystem partners.
* Ability to translate customer and market needs into product strategy, requirements, and execution priorities.
* Strong analytical, strategic planning, problem-solving, negotiation, and communication skills.
* Ability to influence decisions and drive results across organizational boundaries without direct authority.
* Experience balancing technical feasibility, customer value, business priorities, schedule, quality, and risk.
* Excellent written, verbal, presentation, and interpersonal communication skills.

**Applicants** : Qualcomm is an equal opportunity employer. If you are an individual with a disability and need an accommodation during the application/hiring process, rest assured that Qualcomm is committed to providing an accessible process. You may e-mail disability-accomodations@qualcomm.com or call Qualcomm's toll-free number found here . Upon request, Qualcomm will provide reasonable accommodations to support individuals with disabilities to be able participate in the hiring process. Qualcomm is also committed to making our workplace accessible for individuals with disabilities. (Keep in mind that this email address is used to provide reasonable accommodations for individuals with disabilities. We will not respond here to requests for updates on applications or resume inquiries).

Qualcomm expects its employees to abide by all applicable policies and procedures, including but not limited to security and other requirements regarding protection of Company confidential information and other confidential and/or proprietary information, to the extent those requirements are permissible under applicable law.

**To all Staffing and Recruiting Agencies** : Our Careers Site is only for individuals seeking a job at Qualcomm. Staffing and recruiting agencies and individuals being represented by an agency are not authorized to use this site or to submit profiles, applications or resumes, and any such submissions will be considered unsolicited. Qualcomm does not accept unsolicited resumes or applications from agencies. Please do not forward resumes to our jobs alias, Qualcomm employees or any other company location. Qualcomm is not responsible for any fees related to unsolicited resumes/applications.

If you would like more information about this role, please contact Qualcomm Careers .",Computers And Electronics,https://in.indeed.com/cmp/Qualcomm,https://d2q79iu7y748jz.cloudfront.net/s/_squarelogo/256x256/badc0b836563d31ae5cd80092a302a94,https://www.qualcomm.com/company/careers,"5775 Morehouse Drive, San Diego, CA 92121","10,000+",more than $10B (USD),"At Qualcomm, we are passionate about creating an environment where we are limitless— where every employee can thrive and contribute to the game-changing innovation only we can bring to the world.",,,,,,,2026-09-29,"TS, IN"
nk-290926016387,naukri,https://www.naukri.com/job-listings-product-manager-star-health-insurance-chennai-4-to-6-years-290926016387,,Product Manager,Star Health Insurance,"Chennai, India",2026-09-29,,,,,,,False,,,,,,,https://www.naukri.com/star-health-insurance-jobs-careers-94688,https://img.naukimg.com/logo_images/groups/v1/451090.gif,,,,,,"Agile Methodology, user research, Product Management, A/B testing, Salesforce, Product Strategy, Gtm, Product Roadmap",4-6 Yrs,3.5,3126.0,4.0,Work from office,2026-09-29,"Chennai, India"
nk-290926036300,naukri,https://www.naukri.com/job-listings-product-manager-fourkites-chennai-3-to-8-years-290926036300,,Product Manager,Fourkites,India,2026-09-29,,,,,,,True,,,,,,,https://www.naukri.com/fourkites-jobs-careers-3020858,https://img.naukimg.com/logo_images/groups/v1/2532164.gif,,,,,,"Product Management, Eta, Management",3-8 Yrs,3.1,90.0,,Remote,2026-09-29,India
nk-290926503397,naukri,https://www.naukri.com/job-listings-product-manager-schneider-electric-india-pvt-ltd-gurugram-12-to-17-years-290926503397,,Product Manager,Schneider Electric,"Gurugram, India",2026-09-29,,,,,,,False,,,,,,,https://www.naukri.com/schneider-electric-jobs-careers-18252,https://img.naukimg.com/logo_images/groups/v1/20302.gif,,,,,,"Product management, Computer science, HVAC, Project management, Analytical, Strategic planning, Engineering Design, JIRA",12-17 Yrs,4.1,5758.0,,Work from office,2026-09-29,"Gurugram, India"
nk-290926503242,naukri,https://www.naukri.com/job-listings-senior-product-manager-web-merchandising-williams-sonoma-india-pvt-ltd-pune-16-to-20-years-290926503242,,Senior Product Manager - Web Merchandising,Williams-sonoma,"Pune, India",2026-09-29,,,,,,,False,,,,,,,https://www.naukri.com/williams-sonoma-jobs-careers-3976508,https://img.naukimg.com/logo_images/groups/v1/7789965.gif,,,,,,"PLM, Product management, Supply chain, Computer science, WCM, Change management, Content management, CMS",16-20 Yrs,3.4,37.0,,Work from office,2026-09-29,"Pune, India"
nk-290926504418,naukri,https://www.naukri.com/job-listings-senior-product-manager-rubiscape-pune-6-to-9-years-290926504418,,Senior Product Manager,Rubiscape,"Pune, India",2026-09-29,,,,,,,False,,,,,,,https://www.naukri.com/rubiscape-jobs-careers-123906971,https://img.naukimg.com/logo_images/groups/v1/7526437.gif,,,,,,"Translation, data science, Bfsi, SAAS, product life cycle, Healthcare, Presales, Engineering Design",6-9 Yrs,2.0,11.0,,Work from office,2026-09-29,"Pune, India"
nk-290926016895,naukri,https://www.naukri.com/job-listings-senior-product-manager-trellix-bengaluru-7-to-17-years-290926016895,,Senior Product Manager,Trellix,"Bengaluru, India",2026-09-29,,direct_data,yearly,3000000.0,5500000.0,INR,False,,,,,,,https://www.naukri.com/trellix-jobs-careers-6909657,https://img.naukimg.com/logo_images/groups/v1/7021493.gif,,,,,,"Cyber Security, Endpoint, Product Manager , Edr, Product Management, Product Roadmap, Product Life Cycle, Product Life Cycle Management",7-17 Yrs,3.2,197.0,,Work from office,2026-09-29,"Bengaluru, India"
in-affd5ff634586f93,indeed,https://in.indeed.com/viewjob?jk=affd5ff634586f93,https://southasiacareers.deloitte.com/job/Hyderabad-Deputy-Manager-Product-Manager-Hyderabad-Engineering-as-a-Service-Operate/60216144/,Deputy Manager | Product Manager | Hyderabad | Engineering as a Service/ Operate,Deloitte,"TS, IN",2026-09-29,,,,,,,False,,,,,"**About the Role**
==================

As a Senior Product Manager, you will be responsible for defining, delivering, and evolving digital products that create value for customers and the business. You will own product strategy, roadmap, and execution for one or more product areas, partnering closely with Engineering, Design, Data Science, Operations, and other cross-functional teams to deliver scalable, customer-centric solutions that drive exceptional customer experience while minimizing operating expense.

This role requires a strategic thinker who is equally comfortable driving long-term vision and executing day-to-day product delivery. You will use customer insights, business objectives, and data to prioritize investments, manage trade-offs, and continuously improve product performance.

As business priorities evolve, you will have the opportunity to work across multiple product domains and contribute wherever your product management expertise delivers the greatest impact.

**Key Responsibilities**
========================

* Define and communicate product vision, strategy, and roadmaps aligned with business objectives.

* Partner with Engineering, Design, Data Science, Operations, and other stakeholders to deliver high-quality product experiences.

* Lead the end-to-end product lifecycle from discovery through launch, measurement, and continuous improvement.

* Exercise sound product judgment by evaluating short-term and long-term opportunities, making thoughtful recommendations, and balancing customer needs, business objectives, technical considerations, and strategic priorities to guide product direction and investment decisions.

* Gather and prioritize customer, stakeholder, and business requirements.

* Develop product hypotheses and validate them through research, experimentation, and data analysis.

* Use customer insights, product analytics, and key performance metrics to inform prioritization and product decisions.

* Translate complex business problems into clear product requirements and actionable roadmaps.

* Coordinate cross-functional teams to deliver initiatives on time and with measurable outcomes.

* Drive adoption of modern technologies, including AI-enabled capabilities, automation, and data-driven decision making where appropriate.

**Qualifications**
==================

* Bachelor’s degree in Business, Engineering, Computer Science, Data Science, Mathematics, or a related discipline.

* MBA or advanced degree is a plus.

* 5+ years of product management experience owning digital products from strategy through execution.

* Demonstrated experience developing product roadmaps and delivering customer-focused software products.

* Strong analytical skills with the ability to leverage data to drive product decisions.

* Experience working closely with Engineering, Design, Data Science, and cross-functional business partners.

* Ability to influence stakeholders and build alignment across multiple teams.

* Excellent written and verbal communication skills.

* Strong problem-solving, prioritization, and decision-making capabilities.

* Comfortable working in fast-paced, evolving, and ambiguous environments.

**Preferred Experience**
========================

* Customer-facing digital products

* Enterprise software or operational platforms

* Artificial Intelligence and Machine Learning applications

* Automation and workflow optimization

* Data products and analytics

* Mobile applications

* Experimentation, A/B testing, or optimization

* Pricing, commerce, marketplace, or operational products

**Success in this Role**
========================

* Customer obsession and a strong product mindset.

* Ownership and accountability for product outcomes.

* Strategic thinking balanced with execution excellence.

* Data-driven decision making.

* Strong collaboration and influence across cross-functional teams.

Adaptability and ability to quickly learn new business domains.",,https://in.indeed.com/cmp/Deloitte,https://d2q79iu7y748jz.cloudfront.net/s/_squarelogo/256x256/30cd1378bfa8b1b15fd194651407a294,http://www.deloitte.com,"New York, NY","10,000+",more than $10B (USD),,,,,,,,2026-09-29,"TS, IN"
nk-290926937163,naukri,https://www.naukri.com/job-listings-senior-technical-product-manager-for-revenue-cycle-management-optum-global-solutions-india-private-limited-hyderabad-8-to-13-years-290926937163,,Senior Technical Product Manager For Revenue Cycle Management,Optum,"Hyderabad, India",2026-09-29,,,,,,,False,,,,,,,https://www.naukri.com/optum-jobs-careers-126573,https://img.naukimg.com/logo_images/groups/v1/4847169.gif,,,,,,"agile, data warehouse, data platforms, ai, databricks, data architecture, business intelligence, ehr",8-13 Yrs,4.0,8709.0,,Work from office,2026-09-29,"Hyderabad, India"
gd-1010276355287,glassdoor,https://www.glassdoor.co.in/job-listing/j?jl=1010276355287,,Product Manager Tools,Aditya Birla Group,,2026-09-29,,,,,,,True,,,organic,,,,https://www.glassdoor.co.in/Overview/W-EI_IE513778.htm,https://media.glassdoor.com/sql/513778/aditya-birla-group-squarelogo-1562299743743.png,,,,,,,,,,,,2026-09-29,India
nk-290926917417,naukri,https://www.naukri.com/job-listings-product-manager-techblocks-consulting-pvt-ltd-hyderabad-6-to-10-years-290926917417,,Product Manager,TechBlocks,"Hyderabad, India",2026-09-29,,,,,,,False,,,,,,,https://www.naukri.com/techblocks-jobs-careers-2864034,https://img.naukimg.com/logo_images/groups/v1/4633947.gif,,,,,,"Agile, Compliance, Cmmi, Architectural Patterns, Ai, Application Modernization, Design Thinking, Cloud Engineering",6-10 Yrs,3.2,168.0,,Work from office,2026-09-29,"Hyderabad, India"
nk-290926030056,naukri,https://www.naukri.com/job-listings-enterprise-product-manager-principal-product-manager-dmart-pune-chennai-bengaluru-15-to-24-years-290926030056,,"Enterprise Product Manager, principal product Manager",DMart,"Bengaluru, Pune, Chennai, India",2026-09-29,,,,,,,False,,,,,,,https://www.naukri.com/dmart-jobs-careers-30210,https://img.naukimg.com/logo_images/groups/v1/1547726.gif,,,,,,"Product Management, Enterprise, Management",15-24 Yrs,3.9,7037.0,,Work from office,2026-09-29,"Bengaluru, Pune, Chennai, India"
nk-290926917540,naukri,https://www.naukri.com/job-listings-senior-digital-product-manager-optum-global-solutions-india-private-limited-gurugram-4-to-9-years-290926917540,,Senior Digital Product Manager,Optum,"Gurugram, India",2026-09-29,,,,,,,False,,,,,,,https://www.naukri.com/optum-jobs-careers-126573,https://img.naukimg.com/logo_images/groups/v1/4847169.gif,,,,,,"Adobe Analytics, Automation, Compliance, Apis, Legal, Ai, Digital Strategy, Digital Solutions",4-9 Yrs,4.0,8709.0,,Work from office,2026-09-29,"Gurugram, India"
nk-290926500838,naukri,https://www.naukri.com/job-listings-product-manager-ss-supply-chain-solutions-pvt-ltd-gurugram-3-to-8-years-290926500838,,Product Manager,SS Supply Chain Solutions,"Gurugram, India",2026-09-29,,,,,,,False,,,,,,,https://www.naukri.com/ss-supply-chain-solutions-jobs-careers-4375176,https://img.naukimg.com/logo_images/groups/v1/3559494.gif,,,,,,"Product management, ERP, SAP, Competitive analysis, Financial planning, Business planning, Market research, Engineering Design",3-8 Yrs,3.4,319.0,,Work from office,2026-09-29,"Gurugram, India"
gd-1010276906382,glassdoor,https://www.glassdoor.co.in/job-listing/j?jl=1010276906382,,Product Manager - TPP| Mumbai,CSB Bank,Mumbai,2026-09-29,,direct_data,yearly,380000.0,432000.0,INR,False,,,organic,,,,https://www.glassdoor.co.in/Overview/W-EI_IE518870.htm,https://media.glassdoor.com/sql/518870/csb-bank-squareLogo-1764400393158.png,,,,,,,,,,,,2026-09-29,Mumbai
li-4452270710,linkedin,https://www.linkedin.com/jobs/view/4452270710,,Product Manager — Brand Platform,Purplle.com,Mumbai Metropolitan Region,2026-09-29,,,,,,,False,,,,,,,https://in.linkedin.com/company/purplle-com,,,,,,,,,,,,,2026-09-29,Mumbai Metropolitan Region
li-4472740400,linkedin,https://www.linkedin.com/jobs/view/4472740400,,Associate Product Manager 2,IDfy,Mumbai Metropolitan Region,2026-09-29,,,,,,,False,,,,,,,https://in.linkedin.com/company/idfy,,,,,,,,,,,,,2026-09-29,Mumbai Metropolitan Region
li-4473546407,linkedin,https://www.linkedin.com/jobs/view/4473546407,,Senior Technical Product Manager - Healthcare and AI,Optum India,"Noida, Uttar Pradesh, India",2026-09-29,,,,,,,False,,,,,,,https://www.linkedin.com/company/optumindia,,,,,,,,,,,,,2026-09-29,"Noida, Uttar Pradesh, India"
li-4471281661,linkedin,https://www.linkedin.com/jobs/view/4471281661,,Cloud Security Product Manager,airtel,"Gurugram, Haryana, India",2026-09-29,,,,,,,False,,,,,,,https://in.linkedin.com/company/airtel,,,,,,,,,,,,,2026-09-29,Gurugram
li-4473211690,linkedin,https://www.linkedin.com/jobs/view/4473211690,,Product Manager - Saathi(AI App),Bachatt,"Gurugram, Haryana, India",2026-09-29,,,,,,,False,,,,,,,https://in.linkedin.com/company/bachattapp,,,,,,,,,,,,,2026-09-29,Gurugram
li-4471941230,linkedin,https://www.linkedin.com/jobs/view/4471941230,,Senior Product Manager,Expedia Group,"Gurgaon, Haryana, India",2026-09-29,,,,,,,False,,,,,,,https://www.linkedin.com/company/expediagroup,,,,,,,,,,,,,2026-09-29,Gurgaon
li-4471919083,linkedin,https://www.linkedin.com/jobs/view/4471919083,,Senior Android SW Product Manager,Qualcomm,Greater Hyderabad Area,2026-09-29,,,,,,,False,,,,,,,https://www.linkedin.com/company/qualcomm,,,,,,,,,,,,,2026-09-29,Greater Hyderabad Area
nk-290926022117,naukri,https://www.naukri.com/job-listings-ai-product-manager-b2b-saas-info-edge-bengaluru-4-to-7-years-290926022117,,AI Product Manager - B2B SaaS,Info Edge,"Bengaluru, India",2026-09-29,,,,,,,False,,,,,,,https://www.naukri.com/info-edge-jobs-careers-1407,https://img.naukimg.com/logo_images/groups/v1/124792.gif,,,,,,"Agentic Ai, B2B, Product Management, SaaS, Management, Artificial Intelligence",4-7 Yrs,3.8,2512.0,2.0,Work from office,2026-09-29,"Bengaluru, India"
gd-1010276686492,glassdoor,https://www.glassdoor.co.in/job-listing/j?jl=1010276686492,,Product Manager -PPD,Maruti Suzuki India Ltd,,2026-09-29,,,,,,,True,,,organic,,,,https://www.glassdoor.co.in/Overview/W-EI_IE8038.htm,https://media.glassdoor.com/sql/8038/maruti-suzuki-squarelogo.png,,,,,,,,,,,,2026-09-29,India
nk-290926502175,naukri,https://www.naukri.com/job-listings-global-product-manager-antibody-solutions-thermo-fisher-scientific-india-pvt-ltd-bengaluru-7-to-10-years-290926502175,,"Global Product Manager, Antibody Solutions",Thermo Fisher Scientific,"Bengaluru, India",2026-09-29,,,,,,,False,,,,,,,https://www.naukri.com/thermo-fisher-scientific-jobs-careers-73658,https://img.naukimg.com/logo_images/groups/v1/526200.gif,,,,,,"Product management, Procurement, Pharma, Analytical, Market research, Life sciences, Business strategy, Forecasting",7-10 Yrs,3.8,1172.0,,Work from office,2026-09-29,"Bengaluru, India"
nk-290926918102,naukri,https://www.naukri.com/job-listings-tech-product-manager-luxoft-india-llp-mumbai-pune-chennai-12-to-17-years-290926918102,,Tech Product Manager,Luxoft,"Mumbai, Pune, Chennai, India",2026-09-29,,,,,,,False,,,,,,,https://www.naukri.com/luxoft-jobs-careers-210236,https://img.naukimg.com/logo_images/groups/v1/1744734.gif,,,,,,"Product Management, Product Strategy, Go-To-Market Strategy, Requirement Gathering, User Stories, Product Marketing, Product Planning, Business Analysis",12-17 Yrs,3.6,898.0,,Work from office,2026-09-29,"Mumbai, Pune, Chennai, India"
nk-290926016806,naukri,https://www.naukri.com/job-listings-product-manager-people-pro-consulting-bengaluru-8-to-12-years-290926016806,,Product Manager,People Pro Consulting,"Bengaluru, India",2026-09-29,,,,,,,False,,,,,,,https://www.naukri.com/people-pro-consulting-jobs-careers-3866362,https://img.naukimg.com/logo_images/groups/v1/442632.gif,,,,,,"B2B Sales, Battery technology knowledge, Technical Sales, Technical problem-solving, Technical presentations, Presentation, Technical Presentation, Technology",8-12 Yrs,,,,Work from office,2026-09-29,"Bengaluru, India"
nk-290926933573,naukri,https://www.naukri.com/job-listings-senior-lead-digital-product-manager-access-entitlements-platform-wells-fargo-international-solutions-private-ltd-bengaluru-7-to-12-years-290926933573,,Senior Lead Digital Product Manager Access & Entitlements Platform,Wells Fargo,"Bengaluru, India",2026-09-29,,,,,,,False,,,,,,,https://www.naukri.com/wells-fargo-jobs-careers-135571,https://img.naukimg.com/logo_images/groups/v1/5239022.gif,,,,,,"access management, data analytics, ai, analytical skills, cloud technologies, digital platforms, banking, analytics",7-12 Yrs,3.5,9491.0,,Work from office,2026-09-29,"Bengaluru, India"
nk-290926020480,naukri,https://www.naukri.com/job-listings-product-manager-anandrathi-mumbai-all-areas-8-to-12-years-290926020480,,Product Manager,AnandRathi,"Mumbai (All Areas)(Goregaon East), India",2026-09-29,,direct_data,yearly,1400000.0,2400000.0,INR,False,,,,,,,https://www.naukri.com/anandrathi-jobs-careers-69,https://img.naukimg.com/logo_images/groups/v1/147654.gif,,,,,,"Mutual Funds, Wealth Management, Product Management, Financial Services, Financial Products, Management, Finance",8-12 Yrs,3.4,324.0,,Work from office,2026-09-29,"Mumbai (All Areas)(Goregaon East), India"
nk-140726016688,naukri,https://www.naukri.com/job-listings-product-manager-current-account-yes-bank-mumbai-all-areas-10-to-15-years-140726016688,,Product  Manager- Current account,Yes Bank,"Mumbai (All Areas), India",2026-09-29,,,,,,,False,,,,,,,https://www.naukri.com/yes-bank-jobs-careers-25670,https://img.naukimg.com/logo_images/groups/v1/161414.gif,,,,,,"Product Management, Current Account, Product Launch, Product Life Cycle Management, Product Planning, Life Cycle Management, Launch, Product Life Cycle",10-15 Yrs,3.6,11161.0,,Work from office,2026-09-29,"Mumbai (All Areas), India"
gd-1010276567862,glassdoor,https://www.glassdoor.co.in/job-listing/j?jl=1010276567862,,"Senior Associate,Segment Product Manager,Consumer Banking Group",DBS Bank,Mumbai,2026-09-29,,direct_data,yearly,711111.0,1000000.0,INR,False,,,organic,,,,https://www.glassdoor.co.in/Overview/W-EI_IE611812.htm,https://media.glassdoor.com/sql/611812/dbs-bank-squarelogo.png,,,,,,,,,,,,2026-09-29,Mumbai
nk-290926503507,naukri,https://www.naukri.com/job-listings-senior-product-manager-veritas-software-technologies-india-private-limited-bengaluru-7-to-10-years-290926503507,,Senior Product Manager,Cohesity,"Bengaluru, India",2026-09-29,,,,,,,False,,,,,,,https://www.naukri.com/cohesity-jobs-careers-2260010,https://img.naukimg.com/logo_images/groups/v1/1720604.gif,,,,,,"Usage, Data management, Design review, GCP, data security, Packaging, System design, Data processing",7-10 Yrs,3.7,726.0,,Work from office,2026-09-29,"Bengaluru, India"
li-4472716066,linkedin,https://www.linkedin.com/jobs/view/4472716066,,Senior Product Manager — Trading & Derivative Products,INDmoney,"Gurugram, Haryana, India",2026-09-28,,,,,,,False,,,,,,,https://in.linkedin.com/company/indmoney,,,,,,,,,,,,,2026-09-28,Gurugram
li-4470861395,linkedin,https://www.linkedin.com/jobs/view/4470861395,,Product Manager - III (Growth & New Products),FlexiLoans,"Mumbai, Maharashtra, India",2026-09-28,,,,,,,False,,,,,,,https://in.linkedin.com/company/flexiloans,,,,,,,,,,,,,2026-09-28,Mumbai
nk-280926018030,naukri,https://www.naukri.com/job-listings-group-product-manager-olyx-global-hr-mumbai-all-areas-5-to-10-years-280926018030,,Group Product Manager,Olyx Global Hr,"Mumbai (All Areas), India",2026-09-28,,direct_data,yearly,1500000.0,2500000.0,INR,False,,,,,,,https://www.naukri.com/olyx-global-hr-jobs-careers-124075322,https://img.naukimg.com/logo_images/groups/v1/10263418.gif,,,,,,"Marketing Strategy, Brand Management, Pharma Marketing, Product Positioning, New Product Launch, Product Marketing, Pharmaceutical, Brand Strategy",5-10 Yrs,,,,Work from office,2026-09-28,"Mumbai (All Areas), India"
gd-1010275638584,glassdoor,https://www.glassdoor.co.in/job-listing/j?jl=1010275638584,,Senior Staff Product Manager - Data Protection,Teradata,Hyderābād,2026-09-28,,direct_data,yearly,200000.0,711723.0,INR,False,,,organic,,,,https://www.glassdoor.co.in/Overview/W-EI_IE14638.htm,https://media.glassdoor.com/sql/14638/teradata-squarelogo-1539106753877.png,,,,,,,,,,,,2026-09-28,Hyderābād
li-4472705209,linkedin,https://www.linkedin.com/jobs/view/4472705209,,Senior Product Manager - Clinical Data,athenahealth,"Bengaluru, Karnataka, India",2026-09-28,,,,,,,False,,,,,,,https://www.linkedin.com/company/athenahealth,,,,,,,,,,,,,2026-09-28,Bengaluru
li-4471360043,linkedin,https://www.linkedin.com/jobs/view/4471360043,,Senior Product Manager,Eloelo,"Bengaluru, Karnataka, India",2026-09-28,,,,,,,False,,,,,,,https://in.linkedin.com/company/eloeloapp,,,,,,,,,,,,,2026-09-28,Bengaluru
gd-1010275595691,glassdoor,https://www.glassdoor.co.in/job-listing/j?jl=1010275595691,,Product Manager-Government Business-TASC-Government Business-Product Manager,Kotak Securities,Mumbai,2026-09-28,,direct_data,yearly,637500.0,1000000.0,INR,False,,,organic,,,,https://www.glassdoor.co.in/Overview/W-EI_IE434136.htm,https://media.glassdoor.com/sql/434136/kotak-mahindra-bank-squareLogo-1697206529668.png,,,,,,,,,,,,2026-09-28,Mumbai
gd-1010275592223,glassdoor,https://www.glassdoor.co.in/job-listing/j?jl=1010275592223,,Product Manager-Business Loans-MIS - KMBL,Kotak Securities,Mumbai,2026-09-28,,,,,,,False,,,organic,,,,https://www.glassdoor.co.in/Overview/W-EI_IE434136.htm,https://media.glassdoor.com/sql/434136/kotak-mahindra-bank-squareLogo-1697206529668.png,,,,,,,,,,,,2026-09-28,Mumbai
nk-280926502970,naukri,https://www.naukri.com/job-listings-senior-product-manager-investments-derivatives-products-mudrex-bengaluru-4-to-6-years-280926502970,,"Senior Product Manager, Investments & Derivatives Products",Mudrex,"Bengaluru, India",2026-09-28,,,,,,,False,,,,,,,https://www.naukri.com/mudrex-jobs-careers-4129314,https://img.naukimg.com/logo_images/groups/v1/3341870.gif,,,,,,"Product management, Trade, TDS, Analytical, Reconciliation, Infrastructure, Instrumentation, Scrum",4-6 Yrs,4.2,14.0,,Work from office,2026-09-28,"Bengaluru, India"
nk-280926016339,naukri,https://www.naukri.com/job-listings-senior-product-manager-product-lead-managed-network-digital-connec-sify-chennai-bengaluru-8-to-13-years-280926016339,,Senior Product Manager / Product Lead Managed Network & Digital Connec,Sify,"Bengaluru, Chennai, India",2026-09-28,,,,,,,False,,,,,,,https://www.naukri.com/sify-jobs-careers-1067,https://img.naukimg.com/logo_images/groups/v1/252564.gif,,,,,,"product, Product Strategy, Product Management, Sdwan, Networking, Managed Services, Product Life Cycle, Product Life Cycle Management",8-13 Yrs,3.6,2395.0,,Work from office,2026-09-28,"Bengaluru, Chennai, India"
nk-110926003185,naukri,https://www.naukri.com/job-listings-tracxn-associate-product-manager-tracxn-bengaluru-0-to-3-years-110926003185,,Tracxn - Associate Product Manager,Tracxn,"Bengaluru, India",2026-09-28,,,,,,,False,,,,,,,https://www.naukri.com/tracxn-jobs-careers-2524780,https://img.naukimg.com/logo_images/groups/v1/1383834.gif,,,,,,"Product Management, Product Development, B2B, IT Product Management, New Product Design, It Product Development, Online Product Management, Startup",0-3 Yrs,2.5,585.0,,Work from office,2026-09-28,"Bengaluru, India"
li-4470874541,linkedin,https://www.linkedin.com/jobs/view/4470874541,,Product Manager,Procter & Gamble,Mumbai Metropolitan Region,2026-09-28,,,,,,,False,,,,,,,https://www.linkedin.com/company/procter-and-gamble,,,,,,,,,,,,,2026-09-28,Mumbai Metropolitan Region
li-4472703555,linkedin,https://www.linkedin.com/jobs/view/4472703555,,Senior Product Manager,PW (PhysicsWallah),"Noida, Uttar Pradesh, India",2026-09-28,,,,,,,False,,,,,,,https://in.linkedin.com/company/physicswallah,,,,,,,,,,,,,2026-09-28,"Noida, Uttar Pradesh, India"
in-5a3f533190adb142,indeed,https://in.indeed.com/viewjob?jk=5a3f533190adb142,https://jsv3.recruitics.com/redirect?rx_cid=3493&rx_jobId=59685&rx_url=https%3A%2F%2Fcareers.bcg.com%2Fglobal%2Fen%2Fjob%2FBCG1US59685EXTERNALENGLOBAL%2FGlobal-Product-Manager%3Frx_a%3D0%26rx_c%3D%26rx_ch%3Djobp4p%26rx_group%3D129838%26rx_id%3Da1511c35-bc22-11f1-bd91-752dad65020d%26rx_job%3D59685%26rx_medium%3Dcpc%26rx_r%3Dnone%26rx_source%3Dindeed%26rx_ts%3D20261003T060414Z%26rx_vp%3Dcpc%26utm_campaign%3Dglobal_other-jobs%26utm_medium%3Dglobal_organic%26utm_source%3Djobboard_indeed,Global Product Manager,Boston Consulting Group,"HR, IN",2026-09-28,fulltime,,,,,,False,,,,,"Who We Are

Boston Consulting Group partners with leaders in business and society to tackle their most important challenges and capture their greatest opportunities. BCG was the pioneer in business strategy when it was founded in 1963. Today, we help clients with total transformation-inspiring complex change, enabling organizations to grow, building competitive advantage, and driving bottom-line impact.  
  
To succeed, organizations must blend digital and human capabilities. Our diverse, global teams bring deep industry and functional expertise and a range of perspectives to spark change. BCG delivers solutions through leading-edge management consulting along with technology and design, corporate and digital ventures—and business purpose. We work in a uniquely collaborative model across the firm and throughout all levels of the client organization, generating results that allow our clients to thrive.

What You'll Do

The HR Digital Product Portfolio is one of the largest and most dynamic portfolios within BCG’s Digital Products Organization, enabling technology across BCG’s HR and People functions. Within the Talent Acquisition Product Team, the Candidate Selection squad supports the products and capabilities that underpin how BCG assesses and selects candidates.

As a Senior Product Analyst, you will work closely with the Product Owner, business teams, technology teams, QA, and external vendors to shape effective product solutions. You will independently explore business needs, challenge assumptions, and translate complex requirements into clear, actionable solutions, with the Product Owner providing direction and final sign-off where appropriate.

  

* Lead and facilitate requirements discussions with business and technology teams to understand problems, user needs, business value, and the wider impact of proposed changes.
* Document clear product requirements in Jira, translating business needs into user stories, acceptance criteria, process flows, functional requirements, use cases, and solution options.
* Challenge requests constructively, identifying assumptions, dependencies, risks, unintended consequences, and alternative approaches before solutions are agreed.
* Co-create solutions with business, technology, QA, and vendor teams, helping bridge functional and technical considerations and supporting the Product Owner with prioritization and delivery readiness.
* Build deep product knowledge and take accountability for changes from requirements through test-scenario definition, validation, deployment readiness, and rollout.
* Prioritize and investigate assigned production issues, identify likely root causes, and bring the right squad, vendor, or technology expertise together to drive effective resolution.
* Support successful adoption of new functionality by preparing release notes and partnering with Learning and Development and Process Enablement colleagues on user guidance and learning materials where needed.
* Contribute to cross-functional initiatives and broader Talent Acquisition Product Team priorities as opportunities and business needs evolve.
* Build adjacent product and technical skills, including taking on straightforward SaaS configuration and functional enhancement activities where appropriate.

What You'll Bring

* 6+ years of relevant experience in product analysis, business analysis, technology, operations, or a related field.
* Strong analytical and critical-thinking skills, with confidence to challenge assumptions, identify downstream impacts, and recommend practical solutions.
* Experience eliciting, translating, and documenting business needs into user stories, acceptance criteria, process flows, functional requirements, and use cases.
* Experience partnering with developers and engineers to bridge functional and technical requirements and translate business intent into implementation-ready specifications.
* Experience partnering with QA teams to define test scenarios, validate system behaviour, investigate issues, and manage feedback through delivery.
* Experience working with SaaS products and external vendors, with an interest in developing hands-on configuration and product administration capabilities.
* Strong working knowledge of Jira and Confluence; Talent Acquisition or HR technology experience is strongly preferred, while exposure to ServiceNow, APIs, integrations, MuleSoft, production support, system troubleshooting, or change management is beneficial.

Who You'll Work With

You’ll be part of the Candidate Selection squad within BCG’s global Talent Acquisition Product Team.

You’ll collaborate closely with Product Owners, engineers, developers, QA, Scrum Leads, SaaS Engineers, Talent Acquisition teams, and external vendors. Depending on the product or change, you may also partner with Legal, Data Protection, and Responsible AI teams.

The team works through close business and technology co-creation, combining BCG-built solutions with integrated SaaS platforms and strong vendor partnerships across a global network.

Additional info

At BCG, our people and relationships are at the heart of everything we do. We believe that in-person collaboration plays an important role in our culture, mentorship, and professional development.

For this role, you will generally be expected to work from a BCG office or in person with clients on a regular basis (typically around 50% of working time), depending on business needs and in line with local policies and practices.

We aim to provide a dynamic and collaborative environment that fosters connection and teamwork.

Boston Consulting Group is an Equal Opportunity Employer. All qualified applicants will receive consideration for employment without regard to race, color, age, religion, sex, sexual orientation, gender identity / expression, national origin, disability, protected veteran status, or any other characteristic protected under national, provincial, or local law, where applicable, and those with criminal histories will be considered in a manner consistent with applicable state and local laws.",,https://in.indeed.com/cmp/Boston-Consulting-Group,https://d2q79iu7y748jz.cloudfront.net/s/_squarelogo/256x256/3288c00628b61c03619f52ba9230fa71,https://on.bcg.com/glassdoor?,"Boston, MA","10,000+",more than $10B (USD),"Boston Consulting Group (BCG) is a global management consulting firm with 100+ offices around the world. Our diverse, global teams are passionate about unlocking potential and making change happen.",,,,,,,2026-09-28,"HR, IN"
in-682d3d2018bd2b85,indeed,https://in.indeed.com/viewjob?jk=682d3d2018bd2b85,https://dbs.wd3.myworkdayjobs.com/en-US/DBS_Careers/job/Mumbai/Senior-Associate-Segment-Product-Manager-Consumer-Banking-Group_WD89095,"Senior Associate,Segment Product Manager,Consumer Banking Group",DBS Bank,"MH, IN",2026-09-28,fulltime,,,,,,False,,,,,"**Role Overview**

The Segment Manager for DBS Treasures plays a pivotal role in driving the growth, profitability, and service excellence of the affluent client segment. This position requires a strategic thinker who is adept at managing complex financial metrics, driving frontline productivity, and implementing data-driven insights to enhance channel efficiency and client experience.

**Key Responsibilities**

* **Driving RM Productivity:** Lead initiatives to optimize Relationship Manager (RM) performance across key sales and service metrics. Monitor and analyze performance data to identify areas for improvement and implement targeted coaching or process enhancements.
* **P&L Management:** Oversee and manage P&L metrics for the Treasures segment, ensuring business targets are met through effective resource allocation and strategic planning.
* **Frontline Engagement:** Act as a key liaison between management and the frontline team. Proactively engage with RMs and service staff to communicate strategy, address operational challenges, and ensure alignment on key performance indicators.
* **Strategic Segmentation:** Manage the end-to-end customer segmentation process, including the strategic execution of upgrades and downgrades to ensure the client base is appropriately serviced and aligned with segment value propositions.
* **Channel Efficiency:** Utilize data analytics to create actionable insights that drive overall channel efficiency. Develop and execute strategies to streamline operations and enhance the delivery of the Treasures service model.

**Requirements**

* **Domain Expertise:** Deep understanding of the affluent banking segment, including client needs, investment products, and service expectations.
* **Analytical Rigor:** Proven ability to analyze complex financial data, generate actionable insights, and translate them into strategic business decisions.
* **Stakeholder Management:** Excellent communication and interpersonal skills, with a track record of effectively influencing and collaborating with frontline teams and senior leadership.
* **Operational Excellence:** Strong project management skills, with the ability to manage multiple priorities in a fast-paced, formal banking environment.
* **Education:** A degree in Finance, Business, Economics, or a related field. Professional certifications (e.g., CFA, CFP) are highly advantageous.

**Location:**

Mumbai

**Job:**

Product Management

**Schedule:**

Regular

**Employee Status:**

Full time",Banks And Financial Services,https://in.indeed.com/cmp/Dbs-Bank,https://d2q79iu7y748jz.cloudfront.net/s/_squarelogo/256x256/6283a730e7503ff0ff4445c706f90c5a,https://www.dbs.com/careers/default.page,Singapore,"10,000+",$5B to $10B (USD),"Established in Singapore in 1968, DBS Bank Ltd today has over 100 branches in Hong Kong and is South East Asia's biggest bank by assets.",,,,,,,2026-09-28,"MH, IN"
in-b75ebdd2d4d740ab,indeed,https://in.indeed.com/viewjob?jk=b75ebdd2d4d740ab,https://uhg.taleo.net/careersection/10780/jobdetail.ftl?job=2391204&lang=en,Senior Technical Product Manager - Healthcare and AI,Optum,"UP, IN",2026-09-28,fulltime,,,,,,False,,,,,"Optum is a global organization that delivers care, aided by technology to help millions of people live healthier lives. The work you do with our team will directly improve health outcomes by connecting people with the care, pharmacy benefits, data and resources they need to feel their best. Here, you will find a culture guided by inclusion, talented peers, comprehensive benefits and career development opportunities. Come make an impact on the communities we serve as you help us advance health optimization on a global scale. Join us to start **Caring. Connecting. Growing together.**

We are seeking an experienced and execution-focused AI Product Manager to lead the end-to-end delivery of Agentic AI solutions from strategy through implementation. This role sits at the intersection of Product, Engineering, Program Management, and Business stakeholders, driving the successful development and deployment of AI-powered agents and intelligent automation platforms.

The ideal candidate combines strong product management skills with a technical understanding of AI/ML technologies, agentic architecture, orchestration frameworks, and enterprise software delivery. You will own the product roadmap, PI planning, delivery execution, dependency management, and cross-functional alignment to ensure successful realization of strategic AI initiatives.

**Primary Responsibilities:**

* Product Strategy & Roadmap
  + Define and own the Agentic AI roadmap, and execution plans
  + Translate business objectives into scalable AI product capabilities and technical requirements
  + Drive prioritization of features, capabilities, and technical investments across multiple workstreams
  + Partners with leadership teams to identify opportunities to leverage Agentic AI for productivity, automation, and business transformation
  + Establish product success metrics, KPIs, and adoption measures
* End-to-End Agentic AI Delivery
  + Lead end-to-end implementation of Agentic AI solutions, from ideation and planning through deployment and operationalization
  + Drive execution across AI, engineering, platform, infrastructure, security, and business teams
  + Manage delivery milestones, implementation schedules, and release plans
  + Ensure alignment between business requirements, technical architecture, and execution priorities
  + Oversee solution readiness, launch planning, and adoption strategies
* Engineering Collaboration
  + Partner closely with Engineering, Data Science, Architecture, and Platform teams to execute product roadmaps
  + Translate complex technical concepts into actionable product requirements and user stories
  + Support design and implementation of AI agents, orchestration workflows, integrations, and automation capabilities
  + Participate in architecture reviews, technical planning, and solution design discussions
  + Drive trade-off decisions balancing customer needs, technical feasibility, timelines, and risks
* Program & Release Management
  + Lead Program Increment (PI) Planning and cross-team execution activities
  + Coordinate with Project and Program Managers to build detailed project plans, track milestones, and manage dependencies
  + Establish governance mechanisms to monitor delivery progress and stakeholder commitments
  + Identify, escalate, and resolve cross-functional blockers and risks
  + Drive executive-level reporting and communication on roadmap progress and delivery status
* Stakeholder Management
  + Collaborate with Product, Engineering, Operations, Security, Compliance, Business, and Executive Stakeholders
  + Facilitate alignment across multiple teams and organizations
  + Serve as the primary point of contact for AI product delivery initiatives
  + Present roadmap updates, implementation status, and strategic recommendations to senior leadership
* AI Innovation & Governance
  + Stay current with emerging Agentic AI technologies, frameworks, and industry trends
  + Evaluate and recommend AI platforms, LLMs, orchestration frameworks, and tooling
  + Ensure adherence to responsible AI, security, privacy, and governance standards
  + Support AI adoption and change management initiatives across the organization
  
* Comply with all applicable Company policies, procedures, and business directives, changes including those relating to work location, team assignments, work schedules, and flexible work arrangements

**Required Qualifications:**

* Bachelor's degree in engineering, Computer Science, Information Technology, or related technical discipline
* 8+ years of Product Management, Technical Product Management, or related experience
* Experience leading enterprise-scale technology implementations
* Experience managing cross-functional delivery across Product, Engineering, and Business teams
* Experience owning product roadmaps, release planning, and execution governance
* Hands-on exposure to AI/ML products, Generative AI, or Agentic AI solutions

**Preferred Qualification:**

* MBA or master's degree

*At UnitedHealth Group, our mission is to help people live healthier lives and make the health system work better for everyone. We believe everyone-of every race, gender, sexuality, age, location and income-deserves the opportunity to live their healthiest life. Today, however, there are still far too many barriers to good health which are disproportionately experienced by people of color, historically marginalized groups and those with lower incomes. We are committed to mitigating our impact on the environment and enabling and delivering equitable care that addresses health disparities and improves health outcomes - an enterprise priority reflected in our mission.*",,https://in.indeed.com/cmp/Optum,https://d2q79iu7y748jz.cloudfront.net/s/_squarelogo/256x256/fda00a1dbb2aaebea6d386695d0294c2,https://www.optum.com,"Eden Prairie, MN","10,000+",more than $10B (USD),,,,,,,,2026-09-28,"UP, IN"
li-4427171528,linkedin,https://www.linkedin.com/jobs/view/4427171528,,Technical Product Manager — AI Commerce Platform,JD.COM,"Indore, Madhya Pradesh, India",2026-09-28,,,,,,,False,,,,,,,https://cn.linkedin.com/company/jd.com,,,,,,,,,,,,,2026-09-28,"Indore, Madhya Pradesh, India"
nk-280926500976,naukri,https://www.naukri.com/job-listings-product-manager-vendor-buyer-finance-tata-capital-ltd-mumbai-3-to-8-years-280926500976,,Product Manager - Vendor & Buyer Finance,Tata Capital,"Mumbai, India",2026-09-28,,,,,,,False,,,,,,,https://www.naukri.com/tata-capital-jobs-careers-246425,https://img.naukimg.com/logo_images/groups/v1/172058.gif,,,,,,"Market analysis, Competitive analysis, Product innovation, Product life cycle management, Market research, Corporate finance, Budget management, Customer engagement",3-8 Yrs,4.0,6311.0,,Work from office,2026-09-28,"Mumbai, India"
nk-280926920089,naukri,https://www.naukri.com/job-listings-ai-product-manager-capgemini-technology-services-india-limited-mumbai-hyderabad-bengaluru-1-to-6-years-280926920089,,AI Product Manager,Capgemini,"Mumbai, Hyderabad, Bengaluru, India",2026-09-28,,,,,,,False,,,,,,,https://www.naukri.com/capgemini-jobs-careers-649,https://img.naukimg.com/logo_images/groups/v1/1288.gif,,,,,,"Product Manager, Generative Ai, Compliance, Architecture, Ai Solutions, Product Roadmap, Ai, Llm",1-6 Yrs,3.6,58041.0,,Work from office,2026-09-28,"Mumbai, Hyderabad, Bengaluru, India"
nk-280926502194,naukri,https://www.naukri.com/job-listings-sr-business-analyst-product-manager-us-healthcare-gebbs-healthcare-solutions-pvt-ltd-mumbai-7-to-12-years-280926502194,,Sr. Business Analyst / Product Manager - US Healthcare,Gebbs Healthcare Solutions,"Mumbai, India",2026-09-28,,,,,,,False,,,,,,,https://www.naukri.com/gebbs-healthcare-solutions-jobs-careers-6058,https://img.naukimg.com/logo_images/groups/v1/948366.gif,,,,,,"Product management, Business analysis, Analytical, Process improvement, Test scenarios, Workflow, Visio, JIRA",7-12 Yrs,3.8,3523.0,,Work from office,2026-09-28,"Mumbai, India"
nk-280926504286,naukri,https://www.naukri.com/job-listings-product-manager-two-wheeler-au-financiers-india-limited-mumbai-5-to-7-years-280926504286,,Product Manager Two Wheeler,AU Small Finance Bank,"Mumbai, India",2026-09-28,,,,,,,False,,,,,,,https://www.naukri.com/au-small-finance-bank-jobs-careers-213142,https://img.naukimg.com/logo_images/groups/v1/2965830.gif,,,,,,"emerging technologies, data analysis, administration, customer service, analytical skills, customer acquisition, banking, customer segmentation",5-7 Yrs,3.8,15547.0,,Work from office,2026-09-28,"Mumbai, India"
nk-280926501277,naukri,https://www.naukri.com/job-listings-product-manager-gold-loan-au-financiers-india-limited-mumbai-3-to-12-years-280926501277,,Product Manager Gold Loan,AU Small Finance Bank,"Mumbai, India",2026-09-28,,,,,,,False,,,,,,,https://www.naukri.com/au-small-finance-bank-jobs-careers-213142,https://img.naukimg.com/logo_images/groups/v1/2965830.gif,,,,,,"personal loans, administration, customer service, team handling, business development, banking operations, sales, branch management",3-12 Yrs,3.8,15547.0,,Work from office,2026-09-28,"Mumbai, India"
li-4471373313,linkedin,https://www.linkedin.com/jobs/view/4471373313,,Product Manager,Schneider Electric,"Gurgaon, Haryana, India",2026-09-28,,,,,,,False,,,,,,,https://fr.linkedin.com/company/schneider-electric,,,,,,,,,,,,,2026-09-28,Gurgaon
li-4473015764,linkedin,https://www.linkedin.com/jobs/view/4473015764,,Senior Digital Product Manager,Optum India,"Gurgaon, Haryana, India",2026-09-28,,,,,,,False,,,,,,,https://www.linkedin.com/company/optumindia,,,,,,,,,,,,,2026-09-28,Gurgaon
nk-280926502657,naukri,https://www.naukri.com/job-listings-associate-product-manager-zenergize-power-tech-pvt-ltd-gurugram-4-to-9-years-280926502657,,Associate Product Manager,Zenergize Power Tech,"Gurugram, India",2026-09-28,,,,,,,False,,,,,,,https://www.naukri.com/zenergize-power-tech-jobs-careers-125853973,https://img.naukimg.com/logo_images/groups/v1/12533331.gif,,,,,,"PLM, Supply chain, ERP, Prototype, Version control, Test reporting, Project management, Electronics",4-9 Yrs,4.3,5.0,,Work from office,2026-09-28,"Gurugram, India"
nk-150926019409,naukri,https://www.naukri.com/job-listings-product-manager-agri-msme-lending-axis-bank-mumbai-all-areas-7-to-10-years-150926019409,,Product Manager (Agri & MSME Lending),Axis Bank,"Mumbai (All Areas)(Prabhadevi), India",2026-09-28,,direct_data,yearly,2000000.0,2500000.0,INR,False,,,,,,,https://www.naukri.com/axis-bank-jobs-careers-16357,https://img.naukimg.com/logo_images/groups/v1/215060.gif,,,,,,"Product Strategy, Product Management, PSL Compliance, Phygital Journeys, Portfolio Health, Lending, Compliance, Management",7-10 Yrs,3.6,36619.0,,Work from office,2026-09-28,"Mumbai (All Areas)(Prabhadevi), India"
li-4429967609,linkedin,https://www.linkedin.com/jobs/view/4429967609,,Product Manager (Core Platform and Infrastructure),Sibros,"Pune Division, Maharashtra, India",2026-09-28,,,,,,,False,,,,,,,https://www.linkedin.com/company/sibros,,,,,,,,,,,,,2026-09-28,Pune Division
li-4453703001,linkedin,https://www.linkedin.com/jobs/view/4453703001,,Senior Product Manager (Integrations),Cvent,"Gurugram, Haryana, India",2026-09-28,,,,,,,False,,,,,,,https://www.linkedin.com/company/cvent,,,,,,,,,,,,,2026-09-28,Gurugram
nk-280926503993,naukri,https://www.naukri.com/job-listings-senior-product-manager-funnel-growth-pluang-gurugram-4-to-9-years-280926503993,,Senior Product Manager- Funnel & Growth,Pluang,"Gurugram, India",2026-09-28,,,,,,,False,,,,,,,https://www.naukri.com/pluang-jobs-careers-6452528,https://img.naukimg.com/logo_images/groups/v1/5823568.gif,,,,,,"operating system, ai, downstream, anomaly detection, fintech, cadence, analytics, marketing",4-9 Yrs,2.7,9.0,,Work from office,2026-09-28,"Gurugram, India"
li-4472708016,linkedin,https://www.linkedin.com/jobs/view/4472708016,,"Senior Product Manager, Patient Messaging",athenahealth,"Bengaluru, Karnataka, India",2026-09-28,,,,,,,False,,,,,,,https://www.linkedin.com/company/athenahealth,,,,,,,,,,,,,2026-09-28,Bengaluru
nk-280926503198,naukri,https://www.naukri.com/job-listings-technical-product-manager-wsaudiology-hyderabad-7-to-11-years-280926503198,,Technical Product Manager,Wsaudiology,"Hyderabad, India",2026-09-28,,,,,,,False,,,,,,,https://www.naukri.com/wsaudiology-jobs-careers-5817824,https://img.naukimg.com/logo_images/groups/v1/5240514.gif,,,,,,"product strategy, product life cycle management, business development, market research, user stories, research, sales, product management",7-11 Yrs,3.2,51.0,,Work from office,2026-09-28,"Hyderabad, India"
nk-280926009881,naukri,https://www.naukri.com/job-listings-product-manager-qss-global-jaipur-bengaluru-2-to-8-years-280926009881,,Product Manager,QSS Global Jaipur,"Bengaluru, India",2026-09-28,,direct_data,yearly,1500000.0,4000000.0,INR,False,,,,,,,https://www.naukri.com/qss-global-jaipur-jobs-careers-3725438,https://img.naukimg.com/logo_images/groups/v1/12291764.gif,,,,,,"product manager, Profit and Loss, growth,  Prescription, App Growth, Revenue Growth,  AOV,  Repeat Purchase",2-8 Yrs,,,,Work from office,2026-09-28,"Bengaluru, India"
nk-280926027089,naukri,https://www.naukri.com/job-listings-product-manager-rak-ceramics-bengaluru-8-to-13-years-280926027089,,Product Manager,RAK Ceramics,"Bengaluru, India",2026-09-28,,direct_data,yearly,3500000.0,4500000.0,INR,False,,,,,,,https://www.naukri.com/rak-ceramics-jobs-careers-16281,https://img.naukimg.com/logo_images/groups/v1/18622.gif,,,,,,"New Product Development, Product Life Cycle Management, Product Management, NPD, Product Life Cycle, Life cycle, Life Cycle Management, New product",8-13 Yrs,3.6,598.0,,Work from office,2026-09-28,"Bengaluru, India"
li-4471375883,linkedin,https://www.linkedin.com/jobs/view/4471375883,,Product Manager,"Prudent Technologies and Consulting, Inc.","Hyderabad, Telangana, India",2026-09-28,,,,,,,False,,,,,,,https://www.linkedin.com/company/prudent-technologies-and-consulting-inc,,,,,,,,,,,,,2026-09-28,Hyderabad
li-4464330578,linkedin,https://www.linkedin.com/jobs/view/4464330578,,Senior Product Manager,Cornerstone OnDemand,"Hyderabad, Telangana, India",2026-09-28,,,,,,,False,,,,,,,https://www.linkedin.com/company/cornerstoneondemand,,,,,,,,,,,,,2026-09-28,Hyderabad
gd-1010275864767,glassdoor,https://www.glassdoor.co.in/job-listing/j?jl=1010275864767,,Senior Digital Product Manager,Optum,Gurgaon,2026-09-28,,direct_data,yearly,862500.0,1050000.0,INR,False,,,organic,,,,https://www.glassdoor.co.in/Overview/W-EI_IE2409113.htm,https://media.glassdoor.com/sql/2409113/optum-squareLogo-1752691189920.png,,,,,,,,,,,,2026-09-28,Gurgaon
nk-280926929176,naukri,https://www.naukri.com/job-listings-product-manager-product-management-data-science-optum-global-solutions-india-private-limited-hyderabad-6-to-11-years-280926929176,,"Product Manager - Product Management, Data Science",Optum,"Hyderabad, India",2026-09-28,,,,,,,False,,,,,,,https://www.naukri.com/optum-jobs-careers-126573,https://img.naukimg.com/logo_images/groups/v1/4847169.gif,,,,,,"Administration, Azure, Architecture, Artificial Intelligence, Ai, Ai Tools, Machine Learning, Analytics",6-11 Yrs,4.0,8709.0,,Work from office,2026-09-28,"Hyderabad, India"
li-4472723098,linkedin,https://www.linkedin.com/jobs/view/4472723098,,Senior Product Manager,Meesho,"Bengaluru, Karnataka, India",2026-09-28,,,,,,,False,,,,,,,https://in.linkedin.com/company/meesho,,,,,,,,,,,,,2026-09-28,Bengaluru
li-4472731361,linkedin,https://www.linkedin.com/jobs/view/4472731361,,AI Product Manager,SMC Group,"Delhi, India",2026-09-28,,,,,,,False,,,,,,,https://in.linkedin.com/company/smc-group,,,,,,,,,,,,,2026-09-28,"Delhi, India"
li-4470827764,linkedin,https://www.linkedin.com/jobs/view/4470827764,,Product Manager,Dcluttr,"Gurugram, Haryana, India",2026-09-28,,,,,,,False,,,,,,,https://www.linkedin.com/company/dcluttr,,,,,,,,,,,,,2026-09-28,Gurugram
nk-280926903729,naukri,https://www.naukri.com/job-listings-senior-product-manager-optum-global-solutions-india-private-limited-hyderabad-11-to-16-years-280926903729,,Senior Product Manager,Optum,"Hyderabad, India",2026-09-28,,,,,,,False,,,,,,,https://www.naukri.com/optum-jobs-careers-126573,https://img.naukimg.com/logo_images/groups/v1/4847169.gif,,,,,,"Agile, Enterprise Applications, Automation, Azure, Backlog Refinement, Enterprise Systems, Architecture, Compliance",11-16 Yrs,4.0,8709.0,,Work from office,2026-09-28,"Hyderabad, India"
li-4455280294,linkedin,https://www.linkedin.com/jobs/view/4455280294,,Senior Product Manager,Microsoft,"Bengaluru, Karnataka, India",2026-09-28,,,,,,,False,,,,,,,https://www.linkedin.com/company/microsoft,,,,,,,,,,,,,2026-09-28,Bengaluru
li-4472752698,linkedin,https://www.linkedin.com/jobs/view/4472752698,,Product Manager - Credit Data,CredHive,"Delhi, India",2026-09-28,,,,,,,False,,,,,,,https://www.linkedin.com/company/credhive-fintech,,,,,,,,,,,,,2026-09-28,"Delhi, India"
li-4460252461,linkedin,https://www.linkedin.com/jobs/view/4460252461,,Senior Product Manager,TBO.COM,"Gurugram, Haryana, India",2026-09-28,,,,,,,False,,,,,,,https://in.linkedin.com/company/tbo-com,,,,,,,,,,,,,2026-09-28,Gurugram
nk-250826012352,naukri,https://www.naukri.com/job-listings-senior-product-manager-futurecom-technologies-noida-5-to-10-years-250826012352,,Senior Product Manager,Futurecom Technologies,"Noida, India",2026-09-28,,,,,,,False,,,,,,,https://www.naukri.com/futurecom-technologies-jobs-careers-125750502,https://img.naukimg.com/logo_images/groups/v1/12471326.gif,,,,,,"Product Strategy, Product Management, Product Roadmap, Product Planning, Product Portfolio, Product Portfolio Management, Product Pricing, Product Life Cycle Management",5-10 Yrs,4.0,2.0,,Work from office,2026-09-28,"Noida, India"
nk-280926501066,naukri,https://www.naukri.com/job-listings-senior-product-manager-informa-connect-bengaluru-5-to-9-years-280926501066,,Senior Product Manager,Informa Connect,"Bengaluru, India",2026-09-28,,,,,,,False,,,,,,,https://www.naukri.com/informa-connect-jobs-careers-124543888,https://img.naukimg.com/logo_images/groups/v1/6171597.gif,,,,,,"Product management, Qualitative research, Focus, Market intelligence, product life cycle, Research, Individual Contributor, Portfolio management",5-9 Yrs,,,,Work from office,2026-09-28,"Bengaluru, India"
nk-280926501050,naukri,https://www.naukri.com/job-listings-senior-product-manager-taylor-and-francis-group-bengaluru-11-to-14-years-280926501050,,Senior Product Manager,Taylor & Francis,"Bengaluru, India",2026-09-28,,,,,,,False,,,,,,,https://www.naukri.com/taylor-francis-jobs-careers-736577,https://img.naukimg.com/logo_images/groups/v1/4672005.gif,,,,,,"Product management, Qualitative research, Focus, Market intelligence, product life cycle, Research, Individual Contributor, Portfolio management",11-14 Yrs,3.2,65.0,,Work from office,2026-09-28,"Bengaluru, India"
nk-280926501614,naukri,https://www.naukri.com/job-listings-product-manager-sun-pharma-industries-mumbai-2-to-6-years-280926501614,,Product Manager,Sun Pharma,"Mumbai, India",2026-09-28,,,,,,,False,,,,,,,https://www.naukri.com/sun-pharma-jobs-careers-29809,https://img.naukimg.com/logo_images/groups/v1/241236.gif,,,,,,"Sales, Networking, Primary research, Brand strategy, Pharma, Analytical, Market intelligence, Operations",2-6 Yrs,4.0,8290.0,,Work from office,2026-09-28,"Mumbai, India"
nk-280926025783,naukri,https://www.naukri.com/job-listings-product-manager-simplilearn-bengaluru-5-to-9-years-280926025783,,Product Manager,Simplilearn,"Bengaluru(HSR Layout), India",2026-09-28,,,,,,,False,,,,,,,https://www.naukri.com/simplilearn-jobs-careers-737939,https://img.naukimg.com/logo_images/groups/v1/472974.gif,,,,,,"Product Growth, Category Management, Positioning, PNL Management, Growth Strategy, Market Research, Product management, Marketing",5-9 Yrs,3.7,967.0,,Work from office,2026-09-28,"Bengaluru(HSR Layout), India"
nk-280926007003,naukri,https://www.naukri.com/job-listings-product-manager-cognizant-hyderabad-ahmedabad-bengaluru-5-to-9-years-280926007003,,Product Manager,Cognizant,"Hyderabad, Ahmedabad, Bengaluru, India",2026-09-28,,direct_data,yearly,1500000.0,2000000.0,INR,False,,,,,,,https://www.naukri.com/cognizant-jobs-careers-2114,https://img.naukimg.com/logo_images/groups/v1/4156.gif,,,,,,"Product Management, Product Vision, Prototype, Product Roadmap, Management, Roadmap, Vision",5-9 Yrs,3.7,66047.0,,Work from office,2026-09-28,"Hyderabad, Ahmedabad, Bengaluru, India"
nk-280926001184,naukri,https://www.naukri.com/job-listings-product-manager-globocom-mumbai-goregaon-4-to-8-years-280926001184,,Product Manager,GLOBOCOM,"Mumbai, Goregaon, India",2026-09-28,,direct_data,yearly,850000.0,1500000.0,INR,False,,,,,,,https://www.naukri.com/globocom-jobs-careers-4202248,https://img.naukimg.com/logo_images/groups/v1/4598327.gif,,,,,,"Product Management, Digital Media, Subscription, Mobile App, Product Strategy, Monetization, Product Development, B2C",4-8 Yrs,2.8,34.0,,Work from office,2026-09-28,"Mumbai, Goregaon, India"
nk-280926502887,naukri,https://www.naukri.com/job-listings-product-manager-apps-for-bharat-bengaluru-3-to-5-years-280926502887,,Product Manager,Apps For Bharat,"Bengaluru, India",2026-09-28,,,,,,,False,,,,,,,https://www.naukri.com/apps-for-bharat-jobs-careers-124546174,https://img.naukimg.com/logo_images/groups/v1/6988635.gif,,,,,,"Product management, Analytical skills, Design engineering, PDF, B2C, Focus, product life cycle, Stakeholder management",3-5 Yrs,4.3,95.0,,Work from office,2026-09-28,"Bengaluru, India"
nk-280926929175,naukri,https://www.naukri.com/job-listings-senior-product-manager-lead-product-manager-data-science-optum-global-solutions-india-private-limited-hyderabad-9-to-14-years-280926929175,,Senior Product Manager/Lead Product Manager - Data Science,Optum,"Hyderabad, India",2026-09-28,,,,,,,False,,,,,,,https://www.naukri.com/optum-jobs-careers-126573,https://img.naukimg.com/logo_images/groups/v1/4847169.gif,,,,,,"Administration, Architecture, Compliance, Agile Methodologies, Analytical Skills, Financial Processes, Ai, Ai Tools",9-14 Yrs,4.0,8709.0,,Work from office,2026-09-28,"Hyderabad, India"
li-4472485663,linkedin,https://www.linkedin.com/jobs/view/4472485663,,Senior Product Manager,Cohesity,"Bangalore Rural, Karnataka, India",2026-09-28,,,,,,,False,,,,,,,https://www.linkedin.com/company/cohesity,,,,,,,,,,,,,2026-09-28,Bangalore Rural
li-4455310918,linkedin,https://www.linkedin.com/jobs/view/4455310918,,Senior Product Manager – MCP/API Platform,Payoneer,"Gurugram, Haryana, India",2026-09-28,,,,,,,False,,,,,,,https://www.linkedin.com/company/payoneer,,,,,,,,,,,,,2026-09-28,Gurugram
li-4467549563,linkedin,https://www.linkedin.com/jobs/view/4467549563,,Senior Product Manager (Hospitality),Cvent,"Gurugram, Haryana, India",2026-09-28,,,,,,,False,,,,,,,https://www.linkedin.com/company/cvent,,,,,,,,,,,,,2026-09-28,Gurugram
nk-240726023309,naukri,https://www.naukri.com/job-listings-product-owner-product-manager-spectraforce-hyderabad-3-to-8-years-240726023309,,Product Owner / Product Manager,SPECTRAFORCE ,"Hyderabad, India",2026-09-28,,direct_data,yearly,800000.0,1800000.0,INR,False,,,,,,,https://www.naukri.com/spectraforce-jobs-careers-53084,https://img.naukimg.com/logo_images/groups/v1/2369880.gif,,,,,,"Cross Functional Coordination, Product Owner, User Stories, Product Life Cycle, Product Launch, Product Strategy, Product Manager, Product Vision",3-8 Yrs,2.8,293.0,,Work from office,2026-09-28,"Hyderabad, India"
nk-280926501463,naukri,https://www.naukri.com/job-listings-product-manager-ss-supply-chain-solutions-pvt-ltd-gurugram-6-to-11-years-280926501463,,Product Manager,SS Supply Chain Solutions,"Gurugram, India",2026-09-28,,,,,,,False,,,,,,,https://www.naukri.com/ss-supply-chain-solutions-jobs-careers-4375176,https://img.naukimg.com/logo_images/groups/v1/3559494.gif,,,,,,"Supply chain, Market analysis, Prototype, Demand planning, Project management, Analytical, Product life cycle management, SDK",6-11 Yrs,3.4,319.0,,Work from office,2026-09-28,"Gurugram, India"
li-4472705896,linkedin,https://www.linkedin.com/jobs/view/4472705896,,Senior Product Manager - Data & Analytics Platform,Meesho,"Bengaluru, Karnataka, India",2026-09-28,,,,,,,False,,,,,,,https://in.linkedin.com/company/meesho,,,,,,,,,,,,,2026-09-28,Bengaluru
nk-280926012149,naukri,https://www.naukri.com/job-listings-product-manager-apptad-pune-bengaluru-mumbai-all-areas-7-to-12-years-280926012149,,Product Manager,Apptad,"Bengaluru, Pune, Mumbai (All Areas), India",2026-09-28,,direct_data,yearly,3500000.0,5000000.0,INR,False,,,,,,,https://www.naukri.com/apptad-jobs-careers-2036660,https://img.naukimg.com/logo_images/groups/v1/4580509.gif,,,,,,"AI Product Manager, Product management, Management, Artificial Intelligence",7-12 Yrs,4.2,116.0,,Work from office,2026-09-28,"Bengaluru, Pune, Mumbai (All Areas), India"
in-2fbe180a95d51ef0,indeed,https://in.indeed.com/viewjob?jk=2fbe180a95d51ef0,https://jsv3.recruitics.com/redirect?rx_cid=3264&rx_jobId=220563&rx_url=https%3A%2F%2Fcareers.teradata.com%2Fjobs%2F220563%2Fsenior-staff-product-manager-data-protection%3Frx_a%3D0%26rx_c%3D%26rx_ch%3Djobp4p%26rx_group%3D116278%26rx_id%3D05150ee8-ba3c-11f1-95b1-b71739cf1271%26rx_job%3D220563%26rx_medium%3Dcpc%26rx_r%3Dnone%26rx_source%3Dindeed%26rx_ts%3D20261003T060401Z%26rx_vp%3Dcpc%26sid%3D602,Senior Staff Product Manager - Data Protection,Teradata,"TS, IN",2026-09-27,fulltime,,,,,,False,,,,,"**Our Company**

At Teradata, we believe that people thrive when empowered with better information. Teradata Autonomous Knowledge Platform activates enterprise intelligence by unifying data, knowledge and business context to achieve tangible outcomes. With Teradata, organizations can provide agents with full context for impact when it matters. Our solution lets businesses connect and scale on premises, in the cloud, or through a hybrid approach. Teradata delivers real business value with AI.

**What You’ll Do**

In this role, you will serve as a product leader driving Teradata’s data protection product management strategy and execution across our global portfolio. You will define and influence how Teradata delivers resilient data protection for the world’s most sensitive enterprise data; spanning backup and recovery, replication, disaster recovery, business continuity, and cyber resilience.

Your impact will be shaping how customers meet aggressive RTO and RPO targets at Petabyte scale ensuring reliable backup, rapid recovery, and continuous data availability across hybrid and multi-cloud environments. You will accelerate the delivery of the Enterprise data protection and resilience roadmap, balancing innovation with performance, reliability, and compliance.

Success in this role will be measured by delivering enterprise-grade data protection and resilience solutions for hybrid and multi-cloud deployments, differentiating Teradata and unlocking measurable customer value while preserving scalability, reliability, and cost-efficiency.

**Who you will work with**

On our team, we collaborate with customers, engineering, cloud infrastructure, security operations, governance, field teams, and UX functions to bring next-generation data protection and resilience capabilities into Teradata’s enterprise ecosystem. We are responsible for the product vision, roadmap, and execution of backup, recovery, and resilience initiatives, ensuring they meet both business and technical objectives.

**What makes you a qualified candidate**

* Bachelor’s or master’s degree in computer science, engineering, or related field.

* 12+ years of product management experience, including 6+ years leading data protection, backup and recovery, or disaster recovery products at enterprise scale, including Managed Service Providers

* Deep technical expertise across the data protection stack: backup software and storage platforms, deduplication and compression, snapshot management, replication topologies, immutable and air-gapped storage, ransomware recovery, DR orchestration, and RPO/RTO optimization across on-premises, cloud, and hybrid environments.

* Proven success embedding backup, recovery, and resilience capabilities into enterprise data platforms at petabyte scale, with measurable improvements to customer SLA attainment and recovery confidence.

* Demonstrated knowledge of hybrid and multi-cloud architectures and their impact on backup strategy, data residency, sovereignty, storage tiering, and cost optimization.

* Exceptional communication skills with the ability to articulate data protection product strategy to both technical and executive audiences.

* Track record of customer engagement, market analysis, and competitive benchmarking against leading backup and data protection vendors and native cloud provider capabilities.

**What you will bring**

* Expertise architecting enterprise backup topologies, cyber resiliency and Agentic AI data protection strategies across on-premises, cloud, and hybrid environments, with a focus on minimizing recovery time

* Hands-on knowledge of leading backup and recovery platforms (e.g., Rubrik, Veeam, Cohesity, Commvault, Zerto, NetBackup) and cloud-native backup services (AWS Backup, Azure Backup, Google Cloud Backup and DR).

* Ability to connect backup and recovery strategy to modern AI/ML and analytics workloads, including protecting training datasets, model checkpoints, feature stores, and data pipelines against corruption, accidental deletion, and ransomware.

* A strong understanding of backup retention policy design, covering lifecycle management, legal hold, eDiscovery readiness, and compliance-driven retention schedules for regulated data classes (PII, PHI, PCI) across tiered and archival storage.

* Vision to anticipate industry trends, next-generation backup architectures, AI-driven anomaly detection for data corruption, and data sovereignty mandates and position Teradata’s data protection offerings as differentiated and enterprise-ready.

#LI-PG1",Internet And Software,https://in.indeed.com/cmp/Teradata,https://d2q79iu7y748jz.cloudfront.net/s/_squarelogo/256x256/f120b540cedd86010c917b9d8fab0909,https://careers.teradata.com,"17095 Via del Campo 
San Diego, CA 92127","10,000+",$1B to $5B (USD),We're changing how the world uses data to achieve better outcomes.,,,,,,,2026-09-27,"TS, IN"
li-4471078897,linkedin,https://www.linkedin.com/jobs/view/4471078897,,Senior Staff Product Manager - Data Protection,Teradata,"Hyderabad, Telangana, India",2026-09-27,,,,,,,False,,,,,,,https://www.linkedin.com/company/teradata,,,,,,,,,,,,,2026-09-27,Hyderabad
li-4471090364,linkedin,https://www.linkedin.com/jobs/view/4471090364,,Senior Product Manager,MAI Labs,"Noida, Uttar Pradesh, India",2026-09-27,,,,,,,False,,,,,,,https://in.linkedin.com/company/mai-labs,,,,,,,,,,,,,2026-09-27,"Noida, Uttar Pradesh, India"
gd-1010275197921,glassdoor,https://www.glassdoor.co.in/job-listing/j?jl=1010275197921,,Associate Product Manager,Finlite Technologies,Noida,2026-09-27,,direct_data,yearly,360000.0,725000.0,INR,False,,,organic,,,,https://www.glassdoor.co.in/Overview/W-EI_IE2190347.htm,https://media.glassdoor.com/sql/2190347/finlite-technologies-squarelogo-1578547746688.png,,,,,,,,,,,,2026-09-27,Noida
li-4414630641,linkedin,https://www.linkedin.com/jobs/view/4414630641,,Senior Platform Product Manager,Guidewire Software,"Bengaluru, Karnataka, India",2026-09-27,,,,,,,False,,,,,,,https://www.linkedin.com/company/guidewire-software,,,,,,,,,,,,,2026-09-27,Bengaluru
gd-1009478778990,glassdoor,https://www.glassdoor.co.in/job-listing/j?jl=1009478778990,,Product Manager,[x]cube LABS,Hyderābād,2026-09-27,,direct_data,yearly,400000.0,900000.0,INR,False,,,organic,,,,https://www.glassdoor.co.in/Overview/W-EI_IE503362.htm,https://media.glassdoor.com/sql/503362/-x-cube-labs-squarelogo-1497443027333.png,,,,,,,,,,,,2026-09-27,Hyderābād
in-5ccb3040c98b08a0,indeed,https://in.indeed.com/viewjob?jk=5ccb3040c98b08a0,https://uhg.taleo.net/careersection/10780/jobdetail.ftl?job=2391781&lang=en,Senior Digital Product Manager,Optum,"HR, IN",2026-09-27,fulltime,,,,,,False,,,,,"Optum is a global organization that delivers care, aided by technology to help millions of people live healthier lives. The work you do with our team will directly improve health outcomes by connecting people with the care, pharmacy benefits, data and resources they need to feel their best. Here, you will find a culture guided by inclusion, talented peers, comprehensive benefits and career development opportunities. Come make an impact on the communities we serve as you help us advance health optimization on a global scale. Join us to start **Caring. Connecting. Growing together.**

**Primary Responsibilities:**

* Cross-Functional Leadership
  + Build solid partnerships across business, technology, design, analytics, operations, legal, privacy, compliance, and other stakeholder groups
  + Facilitate alignment on priorities, scope, dependencies, risks, and delivery timelines
  + Communicate product vision, priorities, decisions, and progress to stakeholders at all levels of the organization
  + Support governance, operational readiness, and scalable delivery practices
* Comply with all applicable Company policies, procedures, and business directives, changes including those relating to work location, team assignments, work schedules, and flexible work arrangements

**Required Qualifications:**

* 4+ years of experience in Product Management, Product Ownership, Digital Strategy, or related roles
* Experience in Agile product delivery, managing product roadmaps, backlogs, and prioritization activities
* Experience using data and metrics to inform product decisions
* Experience managing multiple initiatives and balancing competing priorities
* Demonstrated ability to translate business needs and customer insights into actionable product requirements
* Demonstrated solid analytical, problem-solving, and decision-making skills
* Demonstrated solid communication, facilitation, stakeholder management, and presentation skills
* Demonstrated ability to influence cross-functional teams in a highly matrixed environment

**Preferred Qualifications:**

* Experience supporting digital self-service, web, mobile, contact center, or customer engagement experiences
* Experience with AI-enabled products, conversational AI, chatbots, virtual assistants, automation, or emerging technologies
* Experience working with enterprise platforms, APIs, integrations, shared services, or scalable digital solutions
* Experience supporting analytics, reporting, measurement, or value realization initiatives
* Experience using tools such as Aha!, Jira, Rally, Power BI, Tableau, Adobe Analytics, or similar platforms
* Healthcare or regulated industry experience
* Familiarity with governance, operational processes, workflow management, or regulatory considerations

**Why Join Us**

UnitedHealth Group, a Fortune 5 organization, is committed to improving healthcare experiences through innovation and scale. As a Product Manager, you'll play a hands-on role in building digital solutions that make healthcare finances easier, clearer, and more accessible for millions of consumers.

**Commitment to Diversity**

We build workplaces that welcome diversity, inclusion, and the strength of underrepresented voices. Every innovation sparks from diversity in perspective

*At UnitedHealth Group, our mission is to help people live healthier lives and make the health system work better for everyone. We believe everyone-of every race, gender, sexuality, age, location and income-deserves the opportunity to live their healthiest life. Today, however, there are still far too many barriers to good health which are disproportionately experienced by people of color, historically marginalized groups and those with lower incomes. We are committed to mitigating our impact on the environment and enabling and delivering equitable care that addresses health disparities and improves health outcomes - an enterprise priority reflected in our mission.*",,https://in.indeed.com/cmp/Optum,https://d2q79iu7y748jz.cloudfront.net/s/_squarelogo/256x256/fda00a1dbb2aaebea6d386695d0294c2,https://www.optum.com,"Eden Prairie, MN","10,000+",more than $10B (USD),,,,,,,,2026-09-27,"HR, IN"
li-4426129243,linkedin,https://www.linkedin.com/jobs/view/4426129243,,Product Manager,Ingram Micro,Mumbai Metropolitan Region,2026-09-26,,,,,,,False,,,,,,,https://www.linkedin.com/company/ingram-micro,,,,,,,,,,,,,2026-09-26,Mumbai Metropolitan Region
li-4443878376,linkedin,https://www.linkedin.com/jobs/view/4443878376,,Senior Product Manager,Clearwater Analytics,"Noida, Uttar Pradesh, India",2026-09-26,,,,,,,False,,,,,,,https://www.linkedin.com/company/clearwateranalytics,,,,,,,,,,,,,2026-09-26,"Noida, Uttar Pradesh, India"
nk-260926004281,naukri,https://www.naukri.com/job-listings-product-manager-wonderchef-mumbai-3-to-5-years-260926004281,,Product Manager,Wonderchef,"Mumbai(Hiranandani Gardens Powai), India",2026-09-26,,,,,,,False,,,,,,,https://www.naukri.com/wonderchef-jobs-careers-647297,https://img.naukimg.com/logo_images/groups/v1/4640715.gif,,,,,,"Product Strategy, Product Management, Product Roadmap, Product Planning, Product Life Cycle, Product Life Cycle Management, Planning, Roadmap",3-5 Yrs,4.0,187.0,,Work from office,2026-09-26,"Mumbai(Hiranandani Gardens Powai), India"
li-4436108417,linkedin,https://www.linkedin.com/jobs/view/4436108417,,Product Lead,YES BANK,Mumbai Metropolitan Region,2026-09-26,,,,,,,False,,,,,,,https://in.linkedin.com/company/yes-bank,,,,,,,,,,,,,2026-09-26,Mumbai Metropolitan Region
li-4451232052,linkedin,https://www.linkedin.com/jobs/view/4451232052,,Group Product Manager - GI Ortho (Solitra),SUN PHARMA,Mumbai Metropolitan Region,2026-09-26,,,,,,,False,,,,,,,https://in.linkedin.com/company/sun-pharma,,,,,,,,,,,,,2026-09-26,Mumbai Metropolitan Region
li-4472259796,linkedin,https://www.linkedin.com/jobs/view/4472259796,,Product Manager,Wonderchef Home Appliances Pvt Ltd.,"Mumbai, Maharashtra, India",2026-09-26,,,,,,,False,,,,,,,https://in.linkedin.com/company/wondercheflife,,,,,,,,,,,,,2026-09-26,Mumbai
li-4471066227,linkedin,https://www.linkedin.com/jobs/view/4471066227,,Product Manager Two Wheeler,AU SMALL FINANCE BANK,Mumbai Metropolitan Region,2026-09-26,,,,,,,False,,,,,,,https://in.linkedin.com/company/aubank,,,,,,,,,,,,,2026-09-26,Mumbai Metropolitan Region
li-4434213195,linkedin,https://www.linkedin.com/jobs/view/4434213195,,"Software Product Manager, ClusterWareAI",Penguin Solutions,"Bengaluru, Karnataka, India",2026-09-26,,,,,,,False,,,,,,,https://www.linkedin.com/company/penguinsolutions,,,,,,,,,,,,,2026-09-26,Bengaluru
li-4440555733,linkedin,https://www.linkedin.com/jobs/view/4440555733,,"Sr Product Manager, Tech - Product",Uber,"Bengaluru, Karnataka, India",2026-09-26,,,,,,,False,,,,,,,https://www.linkedin.com/company/uber-com,,,,,,,,,,,,,2026-09-26,Bengaluru
li-4435215843,linkedin,https://www.linkedin.com/jobs/view/4435215843,,Senior Product Manager - Aurora Exposure Management ASM,Arctic Wolf,"Bengaluru, Karnataka, India",2026-09-26,,,,,,,False,,,,,,,https://www.linkedin.com/company/arcticwolf,,,,,,,,,,,,,2026-09-26,Bengaluru
li-4458944453,linkedin,https://www.linkedin.com/jobs/view/4458944453,,Product Manager,Zippee,"Gurugram, Haryana, India",2026-09-26,,,,,,,False,,,,,,,https://in.linkedin.com/company/zippee,,,,,,,,,,,,,2026-09-26,Gurugram
in-a84118a35b032f56,indeed,https://in.indeed.com/viewjob?jk=a84118a35b032f56,https://www.amazon.jobs/jobs/10566206/sr-technical-product-manager-trust-cx-innovations?cmpid=DA_INAD200785B,"Sr. Technical Product Manager, Trust CX Innovations",Amazon.com,"KA, IN",2026-09-24,fulltime,,,,,,False,,,,,"**DESCRIPTION**
---------------

Trust depends on two things being true at once: that every piece of customer data is governed, controlled, and provably compliant, and that the organization can move fast enough to keep up as products become agentic and ambient. TCI's AI Enablement & Data Governance charter owns both. On the data side, we make data classification, handling, and retention enforceable and provable rather than asserted. On the enablement side, we build the AI-driven automation and internal products that take operational load off the whole organization, so builders spend their time creating trust instead of maintaining it by hand.  
  
We are looking for a Senior Product Manager - Technical to own the product vision and roadmap for this work. You will define the internal products, paved paths, and automation that make data governance provable and that measurably reduce operational burden across every charter. You will translate a broad, ambiguous mandate into a clear product strategy, decide what to build and in what order, and turn it into shipped capabilities that other teams adopt because they are genuinely better and faster. This is a technical product role: you will operate close to data systems, enforcement mechanisms, and AI automation, and you will be expected to reason about the architecture and trade-offs, not just the surface. You will work across engineering, science, product, privacy, and legal, and you will influence teams beyond your own to adopt the standards you set.  
  
Key job responsibilities  

* Own the product vision, strategy, and multi-year roadmap for the charter's data governance and AI enablement products.
* Define the internal products and paved paths that make data classification, handling enforcement, and retention provable, and make adopting them the easy default for other teams.
* Own the product direction for AI-driven automation that reduces operational burden across charters, and define how its impact on capacity is measured.
* Write the narratives and requirements that align leadership and partner teams, and represent the charter in cross-organization reviews.
* Partner with engineering and science to make build-versus-adopt and automation trade-offs, and to hold governance and compliance guarantees as product requirements rather than afterthoughts.
* Prioritize ruthlessly across a broad surface, balancing compliance obligations, operational-efficiency gains, and partner-team needs.
* Define and track the metrics that prove governance is enforceable and that automation is actually returning capacity, and use them to steer the roadmap.
* Partner with privacy and legal to translate obligations into product requirements that builders can adopt by configuration.
* Influence and align teams beyond your own to build to the standards and paved paths you define.

  
About the team  
Who We Are:  
Trust CX Innovations is a strategic innovation team within Amazon Devices & Services that focuses on advancing AI technology while prioritizing customer trust and experience. Our team operates at the intersection of artificial intelligence, privacy engineering, and customer-centric design.  
  
Our Mission:  
To pioneer trustworthy AI innovations that delight customers while setting new standards for privacy and responsible technology development. We aim to transform how Amazon builds AI products by creating solutions that balance innovation with customer trust.

**BASIC QUALIFICATIONS**
------------------------

* Bachelor's degree
* 5+ years of end to end product delivery experience
* Experience contributing to engineering discussions around technology decisions and strategy related to a product
* Experience in representing and advocating for a variety of critical customers and stakeholders during executive-level prioritization and planning
* Experience owning/driving roadmap strategy and definition
* Experience in regulatory frameworks and policy analysis methodologies
* Experience delivering large, cross-functional, customer facing products
* Experience with explainable machine learning and artificial intelligence methodologies and tools
* Experience analyzing data to make business decisions

**PREFERRED QUALIFICATIONS**
----------------------------

* Master's degree in Computer Science, Computer Engineering, or related fields
* Advanced knowledge of AI/ML systems, AI model evaluation frameworks, and responsible AI implementation
* Deep understanding of privacy technologies (differential privacy, federated learning, etc.)
* Experience with accessibility technologies and standards (WCAG, Section 508, ADA compliance)
* Knowledge of global privacy regulations (GDPR, CCPA, etc.) and accessibility compliance requirements
* Experience with large-scale distributed systems and their privacy/accessibility implications

  
Our inclusive culture empowers Amazonians to deliver the best results for our customers. If you have a disability and need a workplace accommodation or adjustment during the application and hiring process, including support for the interview or onboarding process, please visit https://amazon.jobs/content/en/how-we-hire/accommodations for more information. If the country/region you’re applying in isn’t listed, please contact your Recruiting Partner.",Internet And Software,https://in.indeed.com/cmp/Amazon.com,https://d2q79iu7y748jz.cloudfront.net/s/_squarelogo/256x256/3e9d43f5c277de169808abdcaf49ba2c,https://www.amazon.jobs,"440 Terry Ave N, Seattle, WA, United States, Washington","10,000+",more than $10B (USD),Our mission is to be Earth's most customer-centric company.,,,,,,,2026-09-24,"KA, IN"
