post_url,posted_at,scraped_at,company,role,location,email,contact_method,author,author_title,quality_score,status,query_id,seniority_fit,has_email,job_description
https://www.linkedin.com/search/results/content/?keywords=%22Associate%20Product%20Manager%22%20Kissht%20hiring&sortBy=%22date_posted%22,2 hours ago,2026-10-05 12:03 UTC,Kissht Fintech,Product Manager,"Mumbai, India",pm-hiring@kissht.com,email,Malay Krishna,Head of Product Recruiting @ Kissht,100,Fresh,q_wide_01,0-2y,True,"Kissht is hiring an Associate Product Manager (0-3 years exp)! Location: Mumbai, India. Focus on fintech credit risk products, UPI checkout, and growth loops. Send CV directly to pm-hiring@kissht.com"
https://www.linkedin.com/search/results/content/?keywords=%22Associate%20Product%20Manager%22%20Lokal%20App%20hiring&sortBy=%22date_posted%22,4 hours ago,2026-10-05 12:03 UTC,Lokal App,Product Manager,Remote (India),careers@getlokalapp.com,email,Mohammed Mubarak,Lead Product Manager @ Lokal App,100,Fresh,q_wide_01,0-2y,True,Lokal App is hiring an Associate Product Manager (APM) for Vernacular Social & Commerce platform! 1-2 years experience required. Remote (India) / Bengaluru. Email resume to careers@getlokalapp.com
https://in.indeed.com/viewjob?jk=80b0e8668bedfa95,2026-10-05,,Kwalee Ltd,Lead Product Manager,"KA, IN",,DM,,,90,Fresh,q_apm_01,0-2y,False,"**Level Up Your Career!**

At Kwalee, you’ll join a gaming powerhouse that boasts a mobile empire with 1.5 billion+ downloads alongside a thriving PC & Console division that has achieved numerous global chart-topping releases across Steam, Consoles, and Amazon, driving millions of Wishlists. Most recently publishing breakout hits such as The Precinct and Town to City. It’s a unique chance to bring your expertise to a global studio that dominates both the mobile, and the indie PC and Console space.

At Kwalee, as well as a competitive salary we also offer; Private Medical Insurance, door-to-door transport scheme, free food & drinks, free game codes & merch, LinkedIn Learning, 20 annual leave days + bank holidays, and 1 day extra day for each year of service capped at 5.

**Join the team!**  

Kwalee’s Product & Growth team is looking for a Lead Product Manager to shape what comes next in our live games: what we change, why, and what it will earn.

You’ll team up with our Executive Producers: they lead how we build, you lead what we build and why, and together you make our games better and better.

We’ll match the title to your experience. This role is for you if you’re a product leader who loves living in player data, forming bold hypotheses about retention, engagement, and monetisation, running clean experiments, and turning results into confident decisions.

This role is based in our Bangalore studio, working onsite 5 days per week, where our daily in-office collaboration fuels creativity and innovation.

### **What You’ll Do:**

* **Understand the games inside out.** Know the key numbers for each game, find the biggest opportunities in retention, engagement, economy, and monetisation, and size them.
* **Start with a hypothesis.** Turn every opportunity into a clear hypothesis with a success metric, so every feature ships with a purpose.
* **Run experiments that decide.** Design A/B tests with our product analysts, read them with an open mind, and decide together with the producer what ships next.
* **Shape the roadmap.** Build and prioritise the game roadmap with the Executive Producer, ranked by the value it will create.
* **Connect growth and product.** Bring what UA and creative learn about our players into the games, and work with monetisation on the best player experience.
* **Grow the product craft.** Guide our product analysts and help set how we do product across the portfolio.
* **Spot tomorrow’s hits.** Bring a product view to our most promising new games as they grow.

### **What You’ll Own:**

Great product decisions and the extra player value that they will create in our biggest games.

You’ll be the champion who ensures every big player opportunity gets a smart hypothesis, a clear experiment, and a place on the roadmap.

**How we’ll celebrate your success:**

* Growth in LTV and profit from product changes
* Retention, engagement, and monetisation in your games
* Experiments launched, learned from, and shipped
* Clear, well-reasoned roadmap decisions

### **What We’re Looking For:**

**Essential**

* Senior product management experience in F2P mobile games, with live games you’ve measurably improved.
* Strong analytical skills: at home with cohorts, funnels, and experiment design; A great understanding of game economies, progression, LiveOps, and hybrid monetisation.
* A hypothesis-driven mindset: you know what you expect to happen, why, and what you’ll do if you’re wrong.
* Experience partnering closely with producers or game leads
* A clear, warm communicator who makes the case in players and pounds.

**Desirable**

* SQL experience.
* Experience guiding or mentoring analysts.
* Puzzle or hybrid-casual mobile game experience

### **Why Kwalee?**

* **Generous Holiday:** Start with 20 days of annual leave, plus bank holidays. You'll also earn an extra day for every year of service, up to 5 years!
* **Flexible Working:** We offer core hours that allow you to work flexibly around your life, and a bank of 'Work From Home' days to use when you need them.
* **Health Cover:** Private Medical Insurance covering you and your family
* **Free Food & Drink:** Fuel your day with unlimited free snacks and drinks.
* **Gaming Goodies:** Receive Steam codes for all our game releases!
* **Transport:** Save on your commute with our budget-friendly, door-to-door transport facility.
* **Office Location:** Work from our Bangalore office immersing yourself in the dynamic heart of India's Silicon Valley, where explosive career opportunities seamlessly blend with a vibrant, cosmopolitan lifestyle and fantastic year-round weather.
* **Professional Development:** Take advantage of our corporate LinkedIn Learning subscription to enhance your skill set
* **Merch & Events:** Get exclusive Kwalee merch, enjoy fun seasonal events, and stay informed with regular town halls.

### **Our Commitment to Diversity & Inclusion**

At Kwalee, we take pride in being an equal opportunity employer, where we believe that diversity and inclusion are essential to driving creativity. We are committed to creating a safe, welcoming, and supportive environment where everyone can thrive.

Our culture is built on celebrating the diverse voices of our team members, fuelling innovation and strengthening our connection to our players. We are dedicated to advancing equity, diversity, and inclusion across all areas of life, including age, disability, gender identity, marriage and civil partnership, pregnancy and maternity, race, religion or belief, sex, and sexual orientation.

We recognise the importance of self-development, career progression, and well-being in retaining our talented team. At Kwalee, we celebrate individuality and encourage everyone to bring their authentic selves to work.

We may use artificial intelligence (AI) tools to support parts of the hiring process, such as reviewing applications, analyzing resumes, or assessing responses. These tools assist our recruitment team but do not replace human judgment. Final hiring decisions are ultimately made by humans. If you would like more information about how your data is processed, please contact us."
https://in.indeed.com/viewjob?jk=3d2ec0e22c41a4e1,2026-10-05,,NielsenIQ,Senior Product Manager – Activate Promotion Effectiveness & Planning,"TN, IN",,DM,,,90,Fresh,q_apm_01,0-2y,False,"**Job Description**

NIQ Activate is a single platform bringing together powerful retail capabilities — insights, analytics, and supplier collaboration tools. As we evolve our Promotion Effectiveness and Planning modules, we are looking for a Senior Product Manager to enable data-driven promotion strategy, optimization, and performance measurement.

**Key responsibilities**

* Product Requirements & Prioritization: Create and maintain a well‑defined, prioritized product backlog aligned with business and product objectives.
* PI Planning and Execution: Coordinate delivery through PI planning, execution, and review cycles to ensure alignment and timely delivery.
* Collaboration with Data Science: Partner with data science to identify models, validate outputs, and ensure analytical robustness.
* Technical Collaboration & Architecture Alignment: Work closely with Engineering to ensure scalable, efficient, and feasible solutions aligned to platform architecture.
* Market Research and Analysis: Leverage market trends, competitive insights, and customer needs to inform roadmap and prioritization.
* User Experience: Collaborate with UX to design intuitive workflows and ensure clear product documentation (Figma, acceptance criteria).
* Product Advocacy & Enablement: Support commercial teams and translate analytical outputs into clear business value.
* Cross‑Functional Collaboration: Build strong partnerships across Product, Engineering, Data Science, Sales, and Customer Success.
* Lead a cross-functional product pod, driving alignment across Engineering, Data Science, UX, and business stakeholders to deliver measurable customer and business outcomes.
* Own end-to-end delivery of product initiatives, proactively managing risks, dependencies, trade-offs, and execution progress.
* Partner with Engineering leadership to support capacity planning, release readiness, and successful product delivery.
* Own roadmap for promotion planning, forecasting, optimization, scenario planning, and post-event effectiveness measurement.
* Define capabilities for uplift modeling, cannibalization analysis, promotion optimization, and scenario simulation.
* Drive development of planning workflows and decision-support tools for pricing and promotions.
* Ensure alignment with category management and revenue management processes.
* Continuously improve models based on real-world performance and feedback loops.
* Define and track product, adoption, operational, and business KPIs to continuously improve product performance, customer value realization, and revenue outcomes.

  
**Qualifications**  

* Analytical skills: Strong problem-solving skills with high data literacy and ability to interpret models and outputs.
* Experience: 6+ years in Product Management building data-driven or analytical products at scale.
* Experience leading cross-functional product teams and driving execution across Engineering, Data Science, UX, and business stakeholders.
* Organizational skills: Ability to manage multiple priorities and drive execution focus.
* Education: Bachelor’s degree in Computer Science, Data Science, Engineering, Business or equivalent.
* Communication: Strong written and verbal communication; ability to explain complex concepts clearly.
* Experience presenting product strategy, roadmap decisions, and delivery status to senior leadership and executive stakeholders.
* Tools: Experience with Excel, PowerPoint, Jira, Confluence, Figma; familiarity with agile methodologies.
* Experience defining success metrics, measuring product adoption, and driving business outcomes through data-driven decision making.
* Domain expertise in promotion planning, trade promotion management, revenue growth management, category management, pricing, forecasting, or related retail optimization solutions.
* Experience working with AI/ML-driven products, optimization models, forecasting solutions, simulation engines, or advanced decision-support systems.

  
**Additional Information**

**Our Benefits**

* Flexible working environment
* Volunteer time off
* LinkedIn Learning
* Employee-Assistance-Program (EAP)

NIQ may utilize artificial intelligence (AI) tools at various stages of the recruitment process, including résumé screening, candidate assessments, interview scheduling, job matching, communication support, and certain administrative tasks that help streamline workflows. These tools are intended to improve efficiency and support fair and consistent evaluation based on job-related criteria. All use of AI is governed by NIQ’s principles of fairness, transparency, human oversight, and inclusion. Final hiring decisions are made exclusively by humans. NIQ regularly reviews its AI tools to help mitigate bias and ensure compliance with applicable laws and regulations. If you have questions, require accommodations, or wish to request human review were permitted by law, please contact your local HR representative. For more information, please visit NIQ’s AI Safety Policies and Guiding Principles: https://nielseniq.com/global/en/info/niqs-ai-safety-policies/

**About NIQ**

NIQ is the world’s leading consumer intelligence company, delivering the most complete understanding of consumer buying behavior and revealing new pathways to growth. In 2023, NIQ combined with GfK, bringing together the two industry leaders with unparalleled global reach. With a holistic retail read and the most comprehensive consumer insights—delivered with advanced analytics through state-of-the-art platforms—NIQ delivers the Full View™. NIQ is an Advent International portfolio company with operations in 100+ markets, covering more than 90% of the world’s population.

For more information, visit NIQ.com

Want to keep up with our latest updates?

Follow us on: LinkedIn | Instagram | Twitter | Facebook

**Our commitment to Diversity, Equity, and Inclusion**

At NIQ, we are steadfast in our commitment to fostering an inclusive workplace that mirrors the rich diversity of the communities and markets we serve. We believe that embracing a wide range of perspectives drives innovation and excellence. All employment decisions at NIQ are made without regard to race, color, religion, sex (including pregnancy, sexual orientation, or gender identity), national origin, age, disability, genetic information, marital status, veteran status, or any other characteristic protected by applicable laws. We invite individuals who share our dedication to inclusivity and equity to join us in making a meaningful impact. To learn more about our ongoing efforts in diversity and inclusion, please visit the https://nielseniq.com/global/en/news-center/diversity-inclusion"
https://in.indeed.com/viewjob?jk=14d210470f233632,2026-10-02,,Wood Mackenzie,Senior Product Manager,"HR, IN",,DM,,,90,Fresh,q_apm_01,0-2y,False,"Wood Mackenzie is the global leader in analytics, insights and proprietary data across the entire energy and natural resources landscape.

For over 50 years our work has guided the decisions of the world’s most influential energy producers, utilities companies, financial institutions and governments.

Now, with the world’s energy system more complex and interconnected than ever before, sector-specific views are no longer enough. That’s why we’ve redefined what’s possible with Intelligence Connected.

By fusing our unparalleled proprietary data with the sharpest analytical minds, all supercharged by Synoptic AI, we deliver a clear, interconnected view of the entire value chain. Our trusted team of 2,700 experts across 30 countries breaks siloes and connects industries, markets and regions across the globe.

This empowers our customers to identify risk sooner, spot opportunities faster and recalibrate strategy with confidence – whether planning days, weeks, months or decades ahead.

Wood Mackenzie  
Intelligence Connected

**WoodMac.com**

**Wood Mackenzie Brand Video**

**Wood Mackenzie Values**

* Inclusive – we succeed together
* Trusting – we choose to trust each other
* Customer committed – we put customers at the heart of our decisions
* Future Focused – we accelerate change
* Curious – we turn knowledge into action

**Job Description**

To support the development of our Lens data analytics platform, we are looking for a dynamic Senior Product Manager to be an integral part of our Commodities Product team covering Gas & LNG, Oils & Chemicals and Metals & Mining.

*Knowledge & experience*

* Experienced Product Manager, or Analyst looking to expand their role into the Product Management space
* Experience with the product development cycle including agile software development (Scrum/Kanban), design process, and instrumenting analytics.
* Basic industry knowledge and strong interest on one or multiple sectors covered in our portfolio (Gas & LNG, Oils & Chemicals, Metals & Mining), understanding of the major players, market conditions, and industry standards. Intellectual curiosity for industry is a must.
* Experience working on data migrations projects, and using AI in product development is a strong plus.
* Good oral and written communication skills
* Key tools that we use are JIRA, Productboard and Amplitude. Our tech stack is mainly on AWS and Snowflake.

*Impact on the team*

* Act as the day-to-day point person for the cross-functional team, providing a seamless bridge between Research Analysts, Data teams, UX, and Engineering to identify solutions that work within a set of defined constraints and align to the broader business strategy and achieve customer-focused results.
* Align understanding by defining user requirements with clear acceptance criteria across multiple features
* Assist in documentation and testing of given solutions to ensure fit for customers
* Collaborate with the Senior Product Manager to help communicate product value and priorities to internal teams, including sales and marketing
Foster healthy culture, support and collaboration for a distributed team  

*Stakeholder & client relationships*

* Translate requirements from customers and defining the product functionality according to wider customer needs
* Inform senior stakeholders on progress and raise risks to the appropriate level
* Engage frequently with users to gather feedback from relevant customers and internal stakeholders.
* Collaborate with Marketing and Sales to enable go-to-market effort

**Equal Opportunities**

We are an equal opportunities employer. This means we are committed to recruiting the best people regardless of their race, colour, religion, age, sex (including pregnancy, sexual orientation, and gender identity), national origin, disability or protected veteran status. You can find out more about your rights under the law at www.eeoc.gov"
https://in.indeed.com/viewjob?jk=12e26cd96ef8e5e9,2026-10-02,,Tala,"Senior Product Manager, Fraud & Risk","Remote, IN",,DM,,,90,Fresh,q_apm_01,0-2y,False,"**About Tala**

Tala is the AI-native credit infrastructure that connects global capital to the global majority. We combine proprietary risk intelligence with an expanding network of capital and distribution partners to power credit access at scale. To date, Tala has distributed more than $9 billion in capital to more than 14 million customers across Africa, Latin America, and Asia, building the definitive contextual dataset on thin-file borrowers in emerging markets. Tala is now converting that foundation into shared infrastructure that partners, capital providers, and ecosystems can build on.
  
  
The company has been named to the Fortune Impact 20 list, CNBC’s World’s Top Fintech Companies twice, CNBC Disruptor 50 for five years, and Forbes’ Fintech 50 list for ten years running.

Given the global nature of our team, we operate on a remote-first approach with office hubs in Santa Monica, CA (HQ); Nairobi, Kenya; Mexico City, Mexico; Manila, the Philippines; and Bangalore, India.

Most Talazens join us because they connect with our mission. If you are energized by the impact you can make at Tala, we’d love to hear from you!

### **The Role**

Tala is on a mission to unleash the economic power of the global majority. We’re building financial services that give people greater access, control, and agency over their financial lives.

As Tala continues to scale, protecting our customers while creating a seamless experience is more important than ever. We’re looking for aSenior Product Manager, Fraud & Authentication to lead the strategy and execution of the systems that keep our customers and platform safe.

As the Senior Product Manager, Fraud & Authentication, you’ll own Tala’s product strategy for fraud prevention, customer authentication, and identity-related experiences across the customer journey.

You’ll tackle complex problems at the intersection of fraud, risk, machine learning, data, engineering, and customer experience.

Your goal will be to help Tala identify and prevent fraudulent activity while minimizing unnecessary friction for legitimate customers.

You’ll work closely with Engineering, Data Science, Analytics, Lending, Finance, Customer Care, Marketing, Legal, and other global teams to turn complex fraud patterns and ambiguous problems into scalable products and systems.

This is a highly cross-functional role for someone who enjoys solving difficult problems with data, moving quickly, and building products that have a measurable impact on both customers and the business.

### **What You'll Do**

### **Own Fraud & Authentication Product Strategy**

* Define and own Tala’s multi-year product strategy and roadmap for fraud prevention, customer authentication, identity, and related risk capabilities.
* Identify opportunities to improve fraud prevention across signup, login, account management, and other high-risk customer actions.
* Balance fraud prevention with customer experience by reducing fraud losses and false positives while minimizing unnecessary friction.
* Translate complex fraud patterns, emerging attack vectors, and business needs into clear product strategies and priorities.

### **Build Data-Driven Fraud Products**

* Partner closely with Data Science and Analytics to define model objectives, evaluate model and feature performance, and identify opportunities to improve detection.
* Help determine appropriate fraud decision thresholds and rules based on data and business objectives.
* Establish and monitor key metrics such as fraud loss rates, detection accuracy, false-positive rates, customer conversion, and authentication success.
* Identify data gaps and work with technical teams to improve the data and infrastructure needed to make effective fraud decisions.
* Collaborate on fraud detection models, rules, feature infrastructure, and decisioning systems.

### **Lead Product Execution**

* Translate ambiguous fraud and authentication problems into clear product requirements that Engineering teams can execute against.
* Lead a cross-functional team of engineers and partners to deliver the roadmap.
* Prioritize initiatives based on customer impact, fraud exposure, business value, technical complexity, and data.
* Partner with Engineering to understand Tala’s fraud and authentication infrastructure and identify opportunities to improve scalability and reliability.
* Drive initiatives from strategy and discovery through launch, measurement, and iteration.

### **Manage Fraud & Risk Events**

* Partner with Data Science, Analytics, Engineering, and Operations to investigate fraud incidents and emerging fraud patterns.
* Turn lessons from fraud events into proactive product and system improvements.
* Develop approaches that allow Tala to respond quickly as fraud patterns and attack vectors evolve.

### **Collaborate Across Tala**

* Build strong partnerships across Product, Engineering, Data Science, Analytics, Lending, Finance, Customer Care, Marketing, and Legal.
* Communicate complex fraud and risk concepts clearly to both technical and non-technical stakeholders.
* Manage relationships with external vendors and technology partners supporting fraud, authentication, identity, or risk capabilities.
* Create alignment across distributed global teams and drive decisions in an environment where information may be incomplete or ambiguous.

### **What You'll Need**

* 5+ years of Product Management experience, with experience owning complex technical products or platforms.
* Proven experience building or managing products related to fraud, risk, authentication, identity, KYC, account security, payments, lending, or financial crime.
* Experience partnering closely with Engineering and Data Science to build fraud detection, risk decisioning, authentication, or identity solutions.
* Experience using data and metrics to make product decisions and measure outcomes.
* Experience managing fraud incidents, emerging fraud patterns, or other high-impact risk events.
* Ability to translate complex and ambiguous problems into clear product requirements and actionable roadmaps.
* Experience managing external vendors or technology partners.
* Strong cross-functional leadership and communication skills.
* Comfort operating in a fast-paced, distributed, and highly collaborative environment.

Our vision is to build a new financial ecosystem where everyone can participate on equal footing and access the tools they need to be financially healthy. We strongly believe that inclusion fosters innovation and we’re proud to have a diverse global team that represents a multitude of backgrounds, cultures, and experience. We hire talented people regardless of race, religion, color, national origin, gender, gender expression, sexual orientation, age, marital status, veteran status, or disability status.

We may use artificial intelligence (AI) tools to support parts of the hiring process, such as reviewing applications, analyzing resumes, or assessing responses and identifying potential inconsistencies or verification signals in application materials based on available information. These tools assist our recruitment team but do not replace human judgment. Final hiring decisions are ultimately made by humans. If you would like more information about how your data is processed, please contact us."
https://in.indeed.com/viewjob?jk=d0ef1fb31deb9c57,2026-10-01,,NationsBenefits,Senior Product Manager,"TS, IN",,DM,,,90,Fresh,q_apm_01,0-2y,False,"**About NationsBenefits:**

At NationsBenefits, we are leading the transformation of the insurance industry by developing innovative benefits management solutions. We focus on modernizing complex back-office systems to create scalable, secure, and high-performing platforms that streamline operations for our clients. As part of our strategic growth, we are focused on platform modernization — transitioning legacy systems to modern, cloud-native architectures that support the scalability, reliability, and high performance of core backoffice functions in the insurance domain.

**About Role:**

We are seeking an experienced **Senior Product Manager** to own and drive the strategic direction of our Nations Vision product ecosystem — a multi-tool platform supporting hundreds of clients across the vision benefits landscape. The ideal candidate brings deep analytical rigor, unwavering attention to detail, and a relentless commitment to product quality and accuracy. This is a hands-on leadership role requiring someone who can navigate complex, interconnected systems — fee schedules, provider networks, plan configurations, and claims processing — while maintaining the trust of hundreds of clients who depend on flawless execution.

**Key Responsibilities:**

**Product Ownership & Strategy**

* Own the end-to-end product roadmap for the Nations Vision platform, balancing client needs, business priorities, and technical constraints

* Translate complex business requirements into clear, actionable product specifications.

**Core System Management:**

* **Provider-Facing Claims Portal:** Drive continuous enhancement of the provider portal, delivering new features that improve speed and accuracy for end users

* **Fee Schedule Design & Configuration:** Oversee the accuracy, configuration, and maintainability of fee schedules across the platform; champion self-service configuration tools that empower Operations teams

* **Provider Network Mapping:** Manage the configuration and integrity of provider network data, ensuring accurate mapping across geographies and specialties

* **Plan Access Restrictions:** Direct the setup and validation of plan-level access rules, benefit tiers, and eligibility parameters

* **Claims Processing Engine:** Partner with engineering to optimize claims adjudication logic, troubleshoot processing issues, and ensure accurate, timely claim outcomes.

**Quality & Accuracy Focus**

* Establish and monitor quality benchmarks across all product tools and workflows

* Proactively identify data integrity issues, configuration errors, and process gaps before they impact clients

* Drive continuous improvement initiatives to reduce errors, increase automation, and enhance system reliability

* Conduct regular audits and root-cause analyses, implementing preventive measures when issues arise.

**Cross-Functional Collaboration**

* Serve as the primary product liaison between engineering, operations, client services, and leadership

* Communicate product updates, risks, and roadmap changes clearly to both technical and non-technical stakeholders

* Partner with client-facing teams to understand pain points and translate feedback into product enhancements

* Collaborate with QA to define testing protocols that ensure system accuracy at scale.

**Client & Stakeholder Management**

* Support hundreds of client configurations, ensuring the platform scales without sacrificing accuracy.

* Address escalations related to fee schedules, network mapping, or claims discrepancies with urgency and precision.

* Gather and prioritize feedback from client-facing teams to inform the product backlog.

**Required Qualifications**

* 5+ years of product management experience, preferably in healthcare, benefits administration, or insurance technology.

* Demonstrated experience managing complex, multi-component systems or platforms.

* Working knowledge of database systems, with ability to write moderately complex SQL queries.

* Strong analytical skills, with the ability to interpret data, identify trends, and make data driven decisions.

* Exceptional attention to detail, particularly in high-stakes, accuracy-critical environments.

* Excellent written and verbal communication skills, with the ability to translate technical concepts for varied audiences.

* Experience with claims processing systems, provider network data, or fee schedule management strongly preferred.

* Proven track record managing products that serve a large, diverse client base.

* Bachelor's degree in Computer Science, or a related field (MBA a plus).

**Why Join Us?**

* Lead a pioneering FinTech initiative with cutting-edge technologies and scalable architecture.

* Career growth opportunities in a fast-growing, innovative-driven environment.

* Impact the financial ecosystem by building secure, high-performance applications.

* Contribute to cutting-edge products that enhance member engagement in healthcare."
https://in.indeed.com/viewjob?jk=1069220492c33b54,2026-09-30,,Cvent,Senior Product Manager (Integrations),"HR, IN",recruitingindia@cvent.com,email,,,90,Fresh,q_apm_01,0-2y,True,"Overview:

Cvent is a leading meetings, events, and hospitality technology provider with more than 5,000+ employees and 24,000+ customers worldwide, including 60% of the Fortune 500. Founded in 1999, Cvent delivers a comprehensive event marketing and management platform for marketers and event professionals and offers software solutions to hotels, special event venues and destinations to help them grow their group/MICE and corporate travel business. Our technology brings millions of people together at events around the world. In short, we’re transforming the meetings and events industry through innovative technology that powers the human connection.

Cvent's strength lies in its people, fostering a culture where everyone is encouraged to think like entrepreneurs, taking risks and making decisions confidently. We value diverse perspectives and celebrate differences, working together with colleagues and clients to build strong connections.

**AI at Cvent: Leading the Future**

Are you ready to shape the future of work at the intersection of human expertise and AI innovation? At Cvent, we’re committed to continuous learning and adaptation—AI isn’t just a tool for us, it’s part of our DNA. We’re looking for candidates who are eager to evolve alongside technology. If you love to experiment boldly, share your discoveries, and help define best practices for AI-augmented work, you’ll thrive here. Our team values professionals who thoughtfully integrate AI into their daily work, delivering exceptional results while relying on the human judgment and creativity that drive real innovation.

Throughout our interview process, you’ll have the chance to demonstrate how you use AI to learn, iterate, and amplify your impact. If you’re excited to be part of a team that’s leading the way in AI-powered collaboration, we’d love to meet you.

***Recruitment Scam Notice:*** *Beware of recruitment scams. Legitimate Cvent recruiting communications will come from accounts formatted as “name@cvent.com” email address. Cvent will never request payment or ask for sensitive personal or financial information through chat or social media platforms. Cvent is not responsible for losses or damages arising from communications, payments, or disclosures made to third parties impersonating Cvent.*

*If you believe a communication may be fraudulent, we strongly recommend that you don't respond and report the incident at recruitingindia@cvent.com.*

*For more information, visit Cvent’s Recruitment Fraud Notice.* *https://www.cvent.com/en/notice-recruitment-fraud**.*

In This Role, You Will::

* Develop an in-depth understanding of the business, products, including its goals and challenges, as well as a comprehensive knowledge of the customers and users of the platform. This involves analyzing their needs, behaviors, and pain points to ensure the product aligns with their expectations and delivers meaningful value.
* Collaborate regularly with product managers on the future roadmap, including integration initiatives and the SFDC roadmap. Brainstorm new ideas and prioritize features to ensure the backlog remains healthy, well-organized, and aligned with business goals.
* Become a subject matter expert in your product domain, possessing in-depth knowledge and insights that make you the primary point of contact for internal teams seeking guidance and collaboration.
* Develop detailed product specifications that begin by clearly articulating the “why” - the core purpose and value behind the product, feature, or enhancements. These specifications should be thorough in addressing all necessary aspects yet written in a clear and concise manner to ensure they are easily understood by all stakeholders.
* Write comprehensive user stories with detailed acceptance criteria that address all functional and non-functional aspects of the product, including security, data compliance, and other essential requirements.
* Work closely with engineering, design (UX/UI), and other stakeholders to define product requirements and user stories.
* Lead end-to-end product development process, from concept and design to development, testing, launch and ensuring timely and high-quality delivery.
* Lead PI (Program Increment) planning and actively participate in key SCRUM ceremonies, including daily standups, backlog refinement, sprint planning, and product demos.
* Should possess a solid grasp of technology platforms, integrations, and system design to collaborate effectively with engineering partners.
* Leverage the power of analytics and data-driven intelligence to assess product performance, user behavior analysis, gather customer feedback, and insights from multiple channels, and make data-informed decisions which enables you to drive excellence through iteration, improvement, and refinement.
* Monitor and analyze key performance indicators (KPIs) and metrics to gauge the effectiveness, adoption, and product outcome.
* Share and present regular updates on the product roadmap and progress to leaders and stakeholders. Clearly highlight any potential risks and outline a plan to address them, ensuring everyone is informed and aligned on the path forward.
* Contribute to a culture of creativity and innovation within the product management team, think outside the box, explore new ideas, and identify opportunities to make our products stand out in the market.

Here's What You Need::

* Minimum 10-15 years of career experience with at least 7 years of product management (PO/PM) experience in technology products.
* Strong product sense with an ability to articulate problems and envision solution
* Strong understanding of technology and software development processes, with the ability to communicate effectively with technical teams.
* Inquisitive mindset with excellent analytical, problem-solving, and decision-making skills.
* Experience defining, launching, and evolving APIs and integrations at scale; clear understanding of API fundamentals (e.g., REST/GraphQL, authentication/authorization, versioning, pagination, idempotency, error handling, and rate limiting).
* Advocate and embed an AI-first mindset, integrating AI capabilities where they create strategic advantage, improve efficiency, or unlock new customer value.
* Proven ability to work hands-on with engineering and architecture teams; comfortable reading API specs, discussing system design, and making tradeoffs across performance, scalability, and cost.
* Ability to manage competing and evolving priorities in a fast-paced environment.
* Ability to handle complex situations, conversations and navigate ambiguity.
* Exceptional interpersonal skills, with the ability to influence, partner and build relationships across all levels of the organization.
* Strong written and verbal communication skills with an ability to communicate directly and clearly.
* Demonstrated experience working on at least one integration project, from discovery through delivery and measurement.

LinkedIn Remote Type: #LI-Hybrid Indeed Remote Type: N/A"
https://in.indeed.com/viewjob?jk=1ad69a3fca5bfa9c,2026-09-29,,Expedia Group,Senior Product Manager,"HR, IN",,DM,,,90,Fresh,q_apm_01,0-2y,False,"At Expedia Group, we help travelers explore the world, one journey at a time. As a global travel company powered by passionate people, trusted partnerships, and leading technology, we connect travelers, partners, and advertisers through our consumer brands, B2B network, and travel advertising business.

  

Here, you'll do meaningful work that helps millions of people discover, book, and experience travel with more ease, confidence, and joy. Our five Behaviors-Traveler First, Think Big, Operate with Excellence, Ownership Mindset, and Succeed Together-help foster a supportive environment where people can grow their careers and have the flexibility, benefits, and support to do their best work. Join us and build for travelers everywhere.

**Senior Product Manager, Orders & Reservations**

**About the Team**  
Orders & Reservations sits at the center of Expedia Group's commerce platform — the system of record for every booking and the servicing backbone from purchase through cancellation, change, or refund. The platform supports global B2C travelers, B2B partners, and internal finance and analytics consumers across every line of business and brand.
  
  
**What You Will Do (Roles & Responsibilities)**

As a Senior Product Manager, you will help improve the Book-to-Serve journey by optimizing purchase, booking, and payment success while reducing Failed Customer Interactions through better validation, orchestration, retry, guidance, and intelligent routing. Specifically, you will:

  

* Own the end-to-end product vision, strategy, and roadmap for order management and reservations, translating business and technical goals into measurable outcomes for a highly scalable, business-critical platform
* Partner closely with engineering and architecture teams to design and evolve APIs, distributed systems, and cloud-based integrations that improve orchestration, retry logic, and intelligent routing across the transaction lifecycle
* Drive down Failed Customer Interactions by leading incident learnings, root-cause analysis, defect reduction, and monitoring/alerting improvements in partnership with operations and support teams
* Lead cross-functional delivery across product, engineering, design, analytics, finance, and risk — writing clear PRDs, prioritization frameworks, and delivery plans, and building alignment through executive updates and trade-off discussions
* Explore and apply AI/ML, LLMs, and intelligent automation (e.g., anomaly detection, synthetic monitoring, agent-assisted operations) to proactively catch and prevent booking, payment, and servicing failures
Use data, dashboards, and experimentation to continuously track purchase, booking, and payment success rates, identifying friction points across the Shop-to-Book-to-Serve journey and prioritizing fixes accordingly  

**Minimum Qualifications**

  

* Min 7+ years of product management experience owning complex, platform-oriented products across booking, orders, reservations, payments, servicing, or transaction lifecycle
* Strong understanding of commerce/booking journeys — supply, payment authorization, fraud, confirmation, cancellations, refunds, and post-booking servicing
* Proven ability to define product vision, strategy, and roadmaps that drive measurable improvements in success, reliability, and cost metrics for large-scale systems
* Strong technical fluency (APIs, distributed systems, data platforms, cloud architectures) and ability to partner effectively with engineering
* Demonstrated cross-functional leadership and stakeholder communication skills, including executive updates and influence without direct authority
Strong analytical rigor — using data, experimentation, and root-cause analysis to guide decisions and reduce Failed Customer Interactions  

**Preferred Qualifications**

  

* Experience with order management systems, reservation platforms, travel/hospitality commerce, marketplaces, or other high-volume transactional products
* Familiarity with booking and servicing metrics — Purchase Success Rate, Booking Success Rate, Payment Success Rate, authorization success, cancellation rates, refund completion, contact/failure rates
* Experience integrating with suppliers, payment providers, fraud systems, customer-support tools, finance platforms, or external B2B partners
* Experience building or scaling self-service servicing capabilities for cancellations, changes, refunds, and trip management
* Experience driving platform cost optimization, telemetry efficiency, cloud economics, or governance programs
* Software engineering, systems architecture, or computer science background, with ability to engage deeply in technical design discussions
* Experience operating products globally across multiple brands, lines of business, markets, currencies, regulatory environments, or customer segments
* MBA or equivalent business education; technical degree or equivalent technical experience
Experience in a fast-paced environment balancing customer value, commercial outcomes, platform health, and delivery constraints  

  

**Accommodation requests**

Expedia Group is committed to providing an inclusive and accessible recruiting experience. If you need an accommodation or adjustment due to a disability during the application or recruiting process, please submit a request at https://expedia.service-now.com/askeg?id=job\_accommodation .

  

**About Expedia Group**

Expedia Group includes three flagship consumer brands - Expedia, Hotels.com, and Vrbo - along with a leading B2B travel business and travel advertising offerings. Across our brands and business, we help travelers explore the world with confidence and ease.

  

**Important notice**

Employment opportunities and job offers at Expedia Group will always come from Expedia Group's Talent Acquisition and hiring teams. Never share sensitive personal information unless you are confident of the recipient. Expedia Group does not extend job offers via email or messaging tools to individuals with whom we have not made prior contact. Our email domain is @expediagroup.com. The official place to find and apply for roles is https://careers.expediagroup.com/jobs/ .

  

**Equal Opportunity**

Expedia is committed to creating an inclusive work environment with a diverse workforce. All qualified applicants will receive consideration for employment without regard to race, religion, gender, sexual orientation, national origin, disability or age."
https://in.indeed.com/viewjob?jk=b75ebdd2d4d740ab,2026-09-28,,Optum,Senior Technical Product Manager - Healthcare and AI,"UP, IN",,DM,,,90,Archived,q_apm_01,0-2y,False,"Optum is a global organization that delivers care, aided by technology to help millions of people live healthier lives. The work you do with our team will directly improve health outcomes by connecting people with the care, pharmacy benefits, data and resources they need to feel their best. Here, you will find a culture guided by inclusion, talented peers, comprehensive benefits and career development opportunities. Come make an impact on the communities we serve as you help us advance health optimization on a global scale. Join us to start **Caring. Connecting. Growing together.**

We are seeking an experienced and execution-focused AI Product Manager to lead the end-to-end delivery of Agentic AI solutions from strategy through implementation. This role sits at the intersection of Product, Engineering, Program Management, and Business stakeholders, driving the successful development and deployment of AI-powered agents and intelligent automation platforms.

The ideal candidate combines strong product management skills with a technical understanding of AI/ML technologies, agentic architecture, orchestration frameworks, and enterprise software delivery. You will own the product roadmap, PI planning, delivery execution, dependency management, and cross-functional alignment to ensure successful realization of strategic AI initiatives.

**Primary Responsibilities:**

* Product Strategy & Roadmap
  + Define and own the Agentic AI roadmap, and execution plans
  + Translate business objectives into scalable AI product capabilities and technical requirements
  + Drive prioritization of features, capabilities, and technical investments across multiple workstreams
  + Partners with leadership teams to identify opportunities to leverage Agentic AI for productivity, automation, and business transformation
  + Establish product success metrics, KPIs, and adoption measures
* End-to-End Agentic AI Delivery
  + Lead end-to-end implementation of Agentic AI solutions, from ideation and planning through deployment and operationalization
  + Drive execution across AI, engineering, platform, infrastructure, security, and business teams
  + Manage delivery milestones, implementation schedules, and release plans
  + Ensure alignment between business requirements, technical architecture, and execution priorities
  + Oversee solution readiness, launch planning, and adoption strategies
* Engineering Collaboration
  + Partner closely with Engineering, Data Science, Architecture, and Platform teams to execute product roadmaps
  + Translate complex technical concepts into actionable product requirements and user stories
  + Support design and implementation of AI agents, orchestration workflows, integrations, and automation capabilities
  + Participate in architecture reviews, technical planning, and solution design discussions
  + Drive trade-off decisions balancing customer needs, technical feasibility, timelines, and risks
* Program & Release Management
  + Lead Program Increment (PI) Planning and cross-team execution activities
  + Coordinate with Project and Program Managers to build detailed project plans, track milestones, and manage dependencies
  + Establish governance mechanisms to monitor delivery progress and stakeholder commitments
  + Identify, escalate, and resolve cross-functional blockers and risks
  + Drive executive-level reporting and communication on roadmap progress and delivery status
* Stakeholder Management
  + Collaborate with Product, Engineering, Operations, Security, Compliance, Business, and Executive Stakeholders
  + Facilitate alignment across multiple teams and organizations
  + Serve as the primary point of contact for AI product delivery initiatives
  + Present roadmap updates, implementation status, and strategic recommendations to senior leadership
* AI Innovation & Governance
  + Stay current with emerging Agentic AI technologies, frameworks, and industry trends
  + Evaluate and recommend AI platforms, LLMs, orchestration frameworks, and tooling
  + Ensure adherence to responsible AI, security, privacy, and governance standards
  + Support AI adoption and change management initiatives across the organization
  
* Comply with all applicable Company policies, procedures, and business directives, changes including those relating to work location, team assignments, work schedules, and flexible work arrangements

**Required Qualifications:**

* Bachelor's degree in engineering, Computer Science, Information Technology, or related technical discipline
* 8+ years of Product Management, Technical Product Management, or related experience
* Experience leading enterprise-scale technology implementations
* Experience managing cross-functional delivery across Product, Engineering, and Business teams
* Experience owning product roadmaps, release planning, and execution governance
* Hands-on exposure to AI/ML products, Generative AI, or Agentic AI solutions

**Preferred Qualification:**

* MBA or master's degree

*At UnitedHealth Group, our mission is to help people live healthier lives and make the health system work better for everyone. We believe everyone-of every race, gender, sexuality, age, location and income-deserves the opportunity to live their healthiest life. Today, however, there are still far too many barriers to good health which are disproportionately experienced by people of color, historically marginalized groups and those with lower incomes. We are committed to mitigating our impact on the environment and enabling and delivering equitable care that addresses health disparities and improves health outcomes - an enterprise priority reflected in our mission.*"
https://in.indeed.com/viewjob?jk=682d3d2018bd2b85,2026-09-28,,DBS Bank,"Senior Associate,Segment Product Manager,Consumer Banking Group","MH, IN",,link,,,90,Archived,q_apm_01,0-2y,False,"**Role Overview**

The Segment Manager for DBS Treasures plays a pivotal role in driving the growth, profitability, and service excellence of the affluent client segment. This position requires a strategic thinker who is adept at managing complex financial metrics, driving frontline productivity, and implementing data-driven insights to enhance channel efficiency and client experience.

**Key Responsibilities**

* **Driving RM Productivity:** Lead initiatives to optimize Relationship Manager (RM) performance across key sales and service metrics. Monitor and analyze performance data to identify areas for improvement and implement targeted coaching or process enhancements.
* **P&L Management:** Oversee and manage P&L metrics for the Treasures segment, ensuring business targets are met through effective resource allocation and strategic planning.
* **Frontline Engagement:** Act as a key liaison between management and the frontline team. Proactively engage with RMs and service staff to communicate strategy, address operational challenges, and ensure alignment on key performance indicators.
* **Strategic Segmentation:** Manage the end-to-end customer segmentation process, including the strategic execution of upgrades and downgrades to ensure the client base is appropriately serviced and aligned with segment value propositions.
* **Channel Efficiency:** Utilize data analytics to create actionable insights that drive overall channel efficiency. Develop and execute strategies to streamline operations and enhance the delivery of the Treasures service model.

**Requirements**

* **Domain Expertise:** Deep understanding of the affluent banking segment, including client needs, investment products, and service expectations.
* **Analytical Rigor:** Proven ability to analyze complex financial data, generate actionable insights, and translate them into strategic business decisions.
* **Stakeholder Management:** Excellent communication and interpersonal skills, with a track record of effectively influencing and collaborating with frontline teams and senior leadership.
* **Operational Excellence:** Strong project management skills, with the ability to manage multiple priorities in a fast-paced, formal banking environment.
* **Education:** A degree in Finance, Business, Economics, or a related field. Professional certifications (e.g., CFA, CFP) are highly advantageous.

**Location:**

Mumbai

**Job:**

Product Management

**Schedule:**

Regular

**Employee Status:**

Full time"
https://in.indeed.com/viewjob?jk=ab51d4d27225926d,2026-10-01,,Broadridge,Product Lead - AI,"KA, IN",,DM,,,90,Fresh,q_apm_01,0-2y,False,"At Broadridge, we've built a culture where the highest goal is to empower others to accomplish more. If you’re passionate about developing your career, while helping others along the way, come join the Broadridge team.

**Key Responsibilities**

* **Oversight** **& Best Practices:** Optimize product management processes, employing AI where possible and proactively identify areas for standardization and improved efficiency (e.g. Service Descriptions), document and implement.
* **Roadmap Support**: Oversee process for product managers in developing and managing roadmaps; coordinating feedback for process improvements, and preparing client and senior management-ready roadmap views near on-demand.
* **Governance Coordination**: Support execution of annual **Wealth Investment Governance Board** by defining and coordinating PM driven templates, supporting content creation, execute logistics and run of show and following up on actions.
* **Strategic Support**: Opportunity to contribute to ad hoc strategic client or internal projects and initiatives as directed by Senior Management, such as documentation and coordination across product for Strat Planning, Growth Day and Client Sales Opportunities.
* **AI:** Assist teams in utilizing BR AI tools to capture valuable product insights that support their strategies and client adoption. Contributing to and supporting the Wealth AI task force, and ideating on new innovations to support the COE and managing reporting and metrics.

**What Success Looks Like:**

  

* Implemented Service Description workflow and attestation process, including coordinated legal updates and tracking of common elements.
* Ability to produce on-demand roadmaps by product or Wealth overall as required both from clients and internally
* Efficiently executed internal events that impact and advance our strategic Wealth initiatives, providing clear actions and follow ups with stakeholders and clients.
* Become a Go-To Product COE expert in support of our Product teams, ensuring their success in delivering high quality roadmaps, ideas and processes.
* Delivery of well documented processes and best practices available to all associates, maintained and updated consistently
* AI driven process ideation and implementation of our product management process, creating efficiencies and best practices adopted across the COE.

We are dedicated to fostering a collaborative, engaging, and inclusive environment and are committed to providing a workplace that empowers associates to be authentic and bring their best to work. We believe that associates do their best when they feel safe, understood, and valued, and we work diligently and collaboratively to ensure Broadridge is a company—and ultimately a community—that recognizes and celebrates everyone’s unique perspective.

**Use of AI in Hiring**

As part of the recruiting process, Broadridge may use technology, including artificial intelligence (AI)-based tools, to help review and evaluate applications. These tools are used only to support our recruiters and hiring managers, and all employment decisions include human review to ensure fairness, accuracy, and compliance with applicable laws. Please note that honesty and transparency are critical to our hiring process. Any attempt to falsify, misrepresent, or disguise information in an application, resume, assessment, or interview will result in disqualification from consideration."
https://in.indeed.com/viewjob?jk=c5998d44d1adf1ce,2026-09-30,,nan,"Senior Product Owner, Workday HCM & Onboarding","KA, IN",TalentAcquisitionIndia@revantage.com,email,,,90,Fresh,q_apm_01,0-2y,True,"**Position Overview**  
  
The **Senior Product Owner** is an experienced, functionally deep Workday professional who owns one or more Workday modules end-to-end on behalf of Revantage and its PortCos. This is not a passive coordination role — it is an active, hands-on domain mastery role. You are the subject-matter expert, the decision-maker, the stakeholder champion, and the product strategist for your assigned module(s). You will work across a complex multi-PortCo environment, running user forums, managing the release roadmap, driving adoption, and continuously finding ways to extract more value from the platform.  
  
This role is specifically focused on Core HCM, Onboarding & Security. Additional module expertise is a plus. This role has a defined growth path: as the team matures, the Product Owner will take on line management responsibility for an Associate Product Owner, growing into a player-manager who both delivers and develops.  
  
**Key Responsibilities**  
  
**Domain Ownership & Functional Mastery**

  

* Own your assigned Workday module(s): Core HCM, Security and Onbaording end-to-end — from strategy and design through configuration, testing, deployment, and ongoing optimization.
* Develop and maintain deep functional expertise in your domain(s), staying current with Workday product updates, roadmap changes, and community best practices.
* Serve as the primary point of contact and escalation resource for your module area across all PortCos.
* Maintain comprehensive knowledge of how your module(s) interact with upstream and downstream systems and processes — and design solutions with those dependencies in mind.
* Think beyond Workday: identify complementary or supplementary technologies that could enhance capability in your domain — whether that is AI-powered tools, third-party integrations, or adjacent platforms.

**PortCo Engagement & Stakeholder Management**

  

* Build and maintain strong relationships with HR leaders, operations teams, and business stakeholders across multiple PortCos.
* Act as a trusted advisor — understanding each PortCo's unique workforce model, business context, and HR priorities.
* Run structured Product Owner forums, working groups, and user communities to surface requirements, share updates, and drive alignment.
* Manage competing priorities across PortCos with transparency — communicating trade-offs, timelines, and decisions clearly to all stakeholders.
* Facilitate requirements workshops and design sessions, translating business needs into clear, actionable Workday solutions.

**Roadmap & Release Ownership**

  

* Own and maintain the product roadmap for your module(s) — balancing strategic enhancements, PortCo-driven requirements, bug fixes, and Workday release adoption.
* Evaluate every Workday bi-annual release for impact and opportunity within your domain — leading opt-in decisions, testing, and rollout planning.
* Prioritize the backlog in collaboration with stakeholders, the Functional Architect, and People Technology leadership.
* Ensure all enhancements are delivered with appropriate change management, training, and communications to end users and HR teams.
* Track and report on the delivery and benefit realization of roadmap initiatives.

**Hands-On Delivery**

  

* Remain hands-on with Workday configuration in your module area — able to review, validate, and contribute to configuration work alongside the Associate Product Owner.
* Lead user acceptance testing (UAT) for enhancements and releases within your domain.
* Review and approve design documents, configuration specifications, and test plans before deployment.
* Support the Associate Product Owner(s) in day-to-day delivery, providing guidance, review, and quality oversight.

**Ecosystem & Innovation Thinking**

  

* Continuously evaluate the HR technology landscape for innovations relevant to your module area — e.g., AI in recruiting, manager effectiveness tools, payroll analytics.
* Propose and build the business case for technology enhancements or new tool adoption where Workday alone does not fully meet business needs.
* Collaborate with vendors (Workday, Paradox, HiredScore, Peakon, etc.) to stay ahead of product developments and advocate for Revantage's priorities.

**Team Development**

  

* In the near term, work closely with and provide functional guidance to the Associate Product Owner(s) aligned to your module area.
* As the team grows, take on formal line management responsibility for your Associate Product Owner — supporting their development, performance, and career growth.

**Required Qualifications**

  

* 5+ years of Workday functional experience with deep, hands-on expertise in at least two Workday modules.
* Demonstrated experience owning a Workday module in a production environment — including enhancements, releases, stakeholder management, and roadmap ownership.
* Experience working in a multi-entity, multi-PortCo, or shared-services HR technology model.
* Strong understanding of Workday business process configuration, security roles, reporting, and calculated fields.
* Proven ability to engage and influence senior HR stakeholders without direct authority.
* Experience running forums, steering committees, or user communities across a distributed stakeholder base.
* Global Workday implementation or support experience — able to navigate multi-jurisdiction complexity.
* Excellent written and verbal communication skills — able to translate technical concepts for business audiences and vice versa.

**Module-specific Experience (by Role)**  
  
Depending on the specific Product Owner role, candidates should bring deep expertise in one or more of the following clusters:

  

* Core HCM, Onboarding & Workday Help: Org design, job architecture, business process configuration, worker data, Workday Help case management.
* Compensation & Advanced Compensation: Salary structures, merit and bonus plans, compensation cycles, equity, allowances, and global pay practices.
* Recruiting, Paradox & HiredScore: Recruiting business processes, offer management, candidate experience, AI screening tools, and sourcing integrations.
* Talent & Learning: Performance reviews, goal management, succession planning, learning campaigns, content management, and skills framework.
* US Benefits & US Payroll: Open enrollment, benefit plans, ACA compliance, payroll processing, tax configuration, and off-cycle runs.
* People Analytics & Peakon: Workday Prism Analytics, dashboards, engagement survey design, action planning, and People Analytics storytelling.

**Preferred Qualifications**

  

* Workday Pro certification in one or more relevant modules.
* Experience with third-party HR technology integrations and vendor management.
* Exposure to change management methodologies and communication planning.
* Prior experience in private equity, financial services, or multi-company real estate environments.
* Familiarity with Agile or product management frameworks (backlog management, sprint planning, road mapping tools).

**About Revantage**  
  
Revantage is a Blackstone portfolio company and a leading provider of corporate services across Blackstone's Real Estate portfolio. Headquartered in Chicago, Revantage supports a diverse and complex ecosystem of portfolio companies (PortCos) spanning residential, commercial, logistics, hospitality, and life-sciences real estate globally — across North America, Europe, and Asia-Pacific.  
  
Our People Technology team sits at the centre of this multi-entity, multi-jurisdictional operating model. We run a single Workday tenant that serves a federated landscape of PortCos, each with its own workforce, HR policies, compensation structures, payroll requirements, and compliance obligations. This complexity demands technology professionals who thrive in ambiguity, operate with an enterprise mindset, and can design solutions that scale across legal entities, geographies, and business models.

*Job Applicant Privacy Notice*

***EEO Statement***

*The Company is an equal opportunity employer. In accordance with applicable law, we prohibit discrimination against any applicant, employee, or other covered person based on any legally recognized basis, including, but not limited to: veteran status, uniformed servicemember status, race, color, caste, immigration status, religion, religious creed (including religious dress and grooming practices), sex, gender, gender expression, gender identity, marital status, sexual orientation, pregnancy (including childbirth, lactation or related medical conditions), age, national origin or ancestry, citizenship, physical or mental disability, genetic information (including testing and characteristics), protected leave status, domestic violence victim status, or any other consideration protected by federal, state or local law. We are committed to providing reasonable accommodations, if you need an accommodation to complete the application process, please email* *TalentAcquisitionIndia@revantage.com*"
https://in.indeed.com/viewjob?jk=42e1f330897c59ef,2026-09-28,,Meesho,Senior Product Manager - Data & Analytics Platform,"KA, IN",,DM,,,90,Archived,q_apm_01,0-2y,False,"**About the Team**
------------------

Product Management in Meesho closely resembles our rocketship growth. Because we obsess over understanding customer behaviour, we’ve been able to carve out an e-commerce niche in Tier 2/3/4 towns in Bharat. Our business growth is testimony to a singular focus on how we think of ‘product’ for our unique customers - ones that have barely shopped online, but are now able to because of Meesho.

Fun fact: Nearly 7% of India’s households shop with us.

We are driven by a ‘user-first’ mindset. We have a strong bias for action. Above all, our team is driven by impact, not features. We drive ‘problem discovery’ & delivery - not only obsess over “what to build”, but execute with rigour to create impact.

But there’s more – we love to have fun as much as we love to work hard. From movie buffs, to sportspersons, we have a super cool team. So, if a game of badminton after a day of brainstorming at work sounds like something you would love to do, then join us!

**About the Role**
------------------

We are looking for a Senior Product Manager who is passionate about solving high impact problems in a fast paced start-up environment with a high degree of autonomy. This is inherently a cross-functional leadership role where you will work closely with teams such as analytics, data engineering, business and product management, etc to solve complex problems for the organization.

### **What you will do**

* Market & Customer Understanding: Understand the domain and technology landscape deeply through landscape analysis, user interviews/research, competition analysis and other qualitative/quantitative techniques.
* Problem Identification & Prioritization: Adopt a structured approach to identify what problems need to be solved and break them down into smaller chunks. Prioritize what problems need to be solved now vs. later.
* Vision: Ability to set forward looking vision and roadmap for the charter aligned with company’s goals
* Solution Discovery: Facilitate a process to come up with the best technology-led ideas to solve the prioritized problems. Harness the creativity of not just yourself but of other teams such as design, engg., business, etc. Be willing to experiment with multiple solution ideas and test them using MVPs, prototypes, etc.
* Product Delivery: Define detailed product requirements and work collaboratively with a cross-functional team (analytics, engineering, business, etc.) to bring a product to life. Ensure high product quality through processes such as user acceptance testing, etc.
* Go-to-Market Planning: Create a go-to-market plan working with business/marketing stakeholders to maximize product adoption and success.
* Adoption & Metrics: Define product metrics for your area, and track them continuously. Identify usage patterns and come up with action plans to move metrics in the right direction.
* Team Leadership: Manage a small team of product analysts and associate product managers, and guide them towards product execution.

### **What you will need**

* Overall experience of 7+ yrs with at least 4+ yrs in product management in a tech-led company with experience in data, analytics, engineering etc.
* Exceptional problem solving skills based on first principles thinking
* Good understanding of technology and data landscape, and comfort with product management processes such as writing product requirement documents, managing product backlogs, and creating roadmaps

### **About us**

Welcome to Meesho, where every story begins with a spark of inspiration and a dash of entrepreneurial spirit. We're not just a platform; we're your partner in turning dreams into realities.

**Curious about life at Meesho? Explore our Glassdoor - our people have a lot to say and they've helped us become a loved workplace in India.**

### **Our Mission**

Democratising internet commerce for everyone — Meesho (Meri Shop) started with a single idea in mind: to be an e-commerce destination for Indian consumers and to enable small businesses to succeed online.

We provide our sellers with benefits such as zero commission and affordable shipping solutions in the market. Today, sellers nationwide are growing their businesses by tapping into Meesho’s large and diverse customer base, state-of-the-art tech infrastructure, and pan-India logistics network through trusted third-party partners.

Affordable, relatable merchandise that mirrors local markets has helped us connect with internet users and serve customers across urban, semi-urban, and rural India. Our unique business model and continuous innovation have established us as a part of India’s e-commerce ecosystem.

### **Culture and Total Rewards**

Our focus is on cultivating a dynamic workplace characterized by high impact and performance excellence. We prioritize a people-centric culture, dedicated to hiring and developing exceptional talent.

Total rewards at Meesho comprise a comprehensive set of elements — monetary, non-monetary, tangible, and intangible. Our 9 guiding principles, or ""Mantras,"" are the backbone of how we operate, influencing everything from recognition and evaluation to growth discussions. Daily rituals and processes like “Problem First Mindset,” “Listen or Die,” our Internal Mobility Program, Talent Reviews, and Continuous Performance Management embody these principles.

We offer competitive compensation — both cash and equity-based — tailored to job roles, individual experience, and skill, along with employee-centric benefits and a supportive work environment. Our holistic wellness program, MeeCare, includes benefits across physical, mental, financial, and social wellness. This includes extensive medical insurance for employees and their families, wellness initiatives like telehealth, wellness events, and fitness-related perks.

To support work-life balance, we offer generous leave policies, parental support, retirement benefits, and learning and development assistance. Through personalized recognition, gratitude for stretched work, and engaging activities, we promote employee delight at the workplace. Additional benefits such as salary advance support, relocation assistance, and flexible benefit plans further enrich the Meesho experience.

At Meesho, we are committed to creating an inclusive and accessible workplace where every individual can thrive. In compliance with the **Rights of Persons with Disabilities Act, 2016**, we uphold the following principles:

* **Equal Opportunity**: We ensure that employment opportunities are never denied on the grounds of disability if the candidate is otherwise competent to perform the job.
* **Accessible Workplace**: Our facilities are designed to be fully accessible, with amenities and assistive devices provided to support differently abled individuals in their work.
* **Inclusive Hiring Process**: We adopt a transparent and non-discriminatory selection process, including providing application forms in alternate formats and offering reasonable accommodations during interviews upon request.
* **Career Growth**: We provide adequate training post-recruitment and pre-promotion, with training materials available in accessible formats to enable equal career progression.
* **Support & Confidentiality**: A dedicated liaison officer/committee addresses concerns and grievances, while maintaining strict confidentiality of disability-related information.
* **Awareness & Inclusion**: We conduct awareness programs to promote a culture of inclusivity across the organization.

Meesho welcomes applicants and employees of all abilities and is dedicated to fostering an environment where differently abled persons can achieve their full potential.

Know more about Meesho here : https://www.meesho.io/"
https://in.indeed.com/viewjob?jk=9368a6df7516ce04,2026-09-28,,Meesho,Senior Product Manager,"KA, IN",,DM,,,90,Archived,q_apm_01,0-2y,False,"**About the Team**

Product Management in Meesho closely resembles our rocketship growth. Because we obsess over understanding customer behaviour, we’ve been able to carve out an e-commerce niche in Tier 2/3/4 towns in Bharat. Our business growth is testimony to a singular focus on how we think of ‘product’ for our unique customers - ones that have barely shopped online, but are now able to because of Meesho.

Fun fact: Nearly 7% of India’s households shop with us.

We are driven by a ‘user-first’ mindset. We have a strong bias for action. Above all, our team is driven by impact, not features. We drive ‘problem discovery’ & delivery - not only obsess over “what to build”, but execute with rigour to create impact.

But there’s more – we love to have fun as much as we love to work hard. From movie buffs, to sportspersons, we have a super cool team. So, if a game of badminton after a day of brainstorming at work sounds like something you would love to do, then join us!

**About the Role**

We are looking for a Senior Product Manager who is passionate about solving high impact problems in a fast paced start-up environment with a high degree of autonomy. This is inherently a cross-functional leadership role where you will work closely with teams such as software engineering, UX design, category mgmt., marketing, operations, finance, etc to bring a new product to life.

### **What will you do**

* Market & Customer Understanding: Understand the e-commerce market and needs of customers/sellers deeply through landscape analysis, customer interviews, user research, competition analysis and other qualitative/quantitative techniques.
* Problem Identification & Prioritization: Adopt a structured approach to identify what problems need to be solved and break them down into smaller chunks. Prioritize what problems need to be solved now vs. later.
* Solution Discovery: Facilitate a process to come up with the best technology-led ideas to solve the prioritized problems. Harness the creativity of not just yourself but of other teams such as design, engg., business, etc. Be willing to experiment with multiple solution ideas and test them using MVPs, prototypes, etc.
* Product Delivery: Define detailed product requirements and work collaboratively with a cross-functional team (design, engineering, business, analytics, etc.) to bring a product to life. Ensure high product quality through processes such as user acceptance testing, dogfooding, etc.
* Go-to-Market Planning: Create a go-to-market plan working with business/marketing stakeholders to maximize product adoption and success.
* Adoption & Metrics: Define product metrics for your area, and track them continuously. Identify usage patterns and come up with action plans to move metrics in the right direction.
* Roadmap Creation: Create a product roadmap for your area that has at least a 3-month forward looking view of key customer/business problems to be solved.
* Team Leadership: Manage a small team of product analysts and associate product managers, and guide them towards product execution.

### **What you will need**

* Overall experience of 7+ yrs with atleast 4+ yrs in product management in a tech-led company (consumer internet space is preferred)
* Exceptional problem solving skills based on first principles thinking
* Good understanding of technology, and comfort with product management processes such as A/B experimentation, writing product requirement documents, managing product backlogs, and creating roadmaps

### **About us**

Welcome to Meesho, where every story begins with a spark of inspiration and a dash of entrepreneurial spirit. We're not just a platform; we're your partner in turning dreams into realities.

**Curious about life at Meesho? Explore our Glassdoor - our people have a lot to say and they've helped us become a loved workplace in India.**

### **Our Mission**

Democratising internet commerce for everyone — Meesho (Meri Shop) started with a single idea in mind: to be an e-commerce destination for Indian consumers and to enable small businesses to succeed online.

We provide our sellers with benefits such as zero commission and affordable shipping solutions in the market. Today, sellers nationwide are growing their businesses by tapping into Meesho’s large and diverse customer base, state-of-the-art tech infrastructure, and pan-India logistics network through trusted third-party partners.

Affordable, relatable merchandise that mirrors local markets has helped us connect with internet users and serve customers across urban, semi-urban, and rural India. Our unique business model and continuous innovation have established us as a part of India’s e-commerce ecosystem.

### **Culture and Total Rewards**

Our focus is on cultivating a dynamic workplace characterized by high impact and performance excellence. We prioritize a people-centric culture, dedicated to hiring and developing exceptional talent.

Total rewards at Meesho comprise a comprehensive set of elements — monetary, non-monetary, tangible, and intangible. Our 9 guiding principles, or ""Mantras,"" are the backbone of how we operate, influencing everything from recognition and evaluation to growth discussions. Daily rituals and processes like “Problem First Mindset,” “Listen or Die,” our Internal Mobility Program, Talent Reviews, and Continuous Performance Management embody these principles.

We offer competitive compensation — both cash and equity-based — tailored to job roles, individual experience, and skill, along with employee-centric benefits and a supportive work environment. Our holistic wellness program, MeeCare, includes benefits across physical, mental, financial, and social wellness. This includes extensive medical insurance for employees and their families, wellness initiatives like telehealth, wellness events, and fitness-related perks.

To support work-life balance, we offer generous leave policies, parental support, retirement benefits, and learning and development assistance. Through personalized recognition, gratitude for stretched work, and engaging activities, we promote employee delight at the workplace. Additional benefits such as salary advance support, relocation assistance, and flexible benefit plans further enrich the Meesho experience.

At Meesho, we are committed to creating an inclusive and accessible workplace where every individual can thrive. In compliance with the **Rights of Persons with Disabilities Act, 2016**, we uphold the following principles:

* **Equal Opportunity**: We ensure that employment opportunities are never denied on the grounds of disability if the candidate is otherwise competent to perform the job.
* **Accessible Workplace**: Our facilities are designed to be fully accessible, with amenities and assistive devices provided to support differently abled individuals in their work.
* **Inclusive Hiring Process**: We adopt a transparent and non-discriminatory selection process, including providing application forms in alternate formats and offering reasonable accommodations during interviews upon request.
* **Career Growth**: We provide adequate training post-recruitment and pre-promotion, with training materials available in accessible formats to enable equal career progression.
* **Support & Confidentiality**: A dedicated liaison officer/committee addresses concerns and grievances, while maintaining strict confidentiality of disability-related information.
* **Awareness & Inclusion**: We conduct awareness programs to promote a culture of inclusivity across the organization.

Meesho welcomes applicants and employees of all abilities and is dedicated to fostering an environment where differently abled persons can achieve their full potential.

Know more about Meesho here : https://www.meesho.io/"
https://www.glassdoor.co.in/job-listing/j?jl=1010283444076,2026-10-03,,Optum,Senior Product Manager -US Healthcare IT product,Hyderābād,,link,Hiring Manager,Product Recruiter,90,Fresh,q_wide_01,Senior / All,False,Senior Product Manager -US Healthcare IT product opening at Optum (Hyderābād). Direct application link: https://www.glassdoor.co.in/job-listing/j?jl=1010283444076
https://in.indeed.com/viewjob?jk=80b0e8668bedfa95,2026-10-05,,Kwalee Ltd,Lead Product Manager,"KA, IN",,DM,Hiring Manager,Product Recruiter,90,Fresh,q_wide_01,Senior / All,False,"**Level Up Your Career!**

At Kwalee, you’ll join a gaming powerhouse that boasts a mobile empire with 1.5 billion+ downloads alongside a thriving PC & Console division that has achieved numerous global chart-topping releases across Steam, Consoles, and Amazon, driving millions of Wishlists. Most recently publishing breakout hits such as The Precinct and Town to City. It’s a unique chance to bring your expertise to a global studio that dominates both the mobile, and the indie PC and Console space.

At Kwalee, as well as a competitive salary we also offer; Private Medical Insurance, door-to-door transport scheme, free food & drinks, free game codes & merch, LinkedIn Learning, 20 annual leave days + bank holidays, and 1 day extra day for each year of service capped at 5.

**Join the team!**  

Kwalee’s Product & Growth team is looking for a Lead Product Manager to shape what comes next in our live games: what we change, why, and what it will earn.

You’ll team up with our Executive Producers: they lead how we build, you lead what we build and why, and together you make our games better and better.

We’ll match the title to your experience. This role is for you if you’re a product leader who loves living in player data, forming bold hypotheses about retention, engagement, and monetisation, running clean experiments, and turning results into confident decisions.

This role is based in our Bangalore studio, working onsite 5 days per week, where our daily in-office collaboration fuels creativity and innovation.

### **What You’ll Do:**

* **Understand the games inside out.** Know the key numbers for each game, find the biggest opportunities in retention, engagement, economy, and monetisation, and size them.
* **Start with a hypothesis.** Turn every opportunity into a clear hypothesis with a success metric, so every feature ships with a purpose.
* **Run experiments that decide.** Design A/B tests with our product analysts, read them with an open mind, and decide together with the producer what ships next.
* **Shape the roadmap.** Build and prioritise the game roadmap with the Executive Producer, ranked by the value it will create.
* **Connect growth and product.** Bring what UA and creative learn about our players into the games, and work with monetisation on the best player experience.
* **Grow the product craft.** Guide our product analysts and help set how we do product across the portfolio.
* **Spot tomorrow’s hits.** Bring a product view to our most promising new games as they grow.

### **What You’ll Own:**

Great product decisions and the extra player value that they will create in our biggest games.

You’ll be the champion who ensures every big player opportunity gets a smart hypothesis, a clear experiment, and a place on the roadmap.

**How we’ll celebrate your success:**

* Growth in LTV and profit from product changes
* Retention, engagement, and monetisation in your games
* Experiments launched, learned from, and shipped
* Clear, well-reasoned roadmap decisions

### **What We’re Looking For:**

**Essential**

* Senior product management experience in F2P mobile games, with live games you’ve measurably improved.
* Strong analytical skills: at home with cohorts, funnels, and experiment design; A great understanding of game economies, progression, LiveOps, and hybrid monetisation.
* A hypothesis-driven mindset: you know what you expect to happen, why, and what you’ll do if you’re wrong.
* Experience partnering closely with producers or game leads
* A clear, warm communicator who makes the case in players and pounds.

**Desirable**

* SQL experience.
* Experience guiding or mentoring analysts.
* Puzzle or hybrid-casual mobile game experience

### **Why Kwalee?**

* **Generous Holiday:** Start with 20 days of annual leave, plus bank holidays. You'll also earn an extra day for every year of service, up to 5 years!
* **Flexible Working:** We offer core hours that allow you to work flexibly around your life, and a bank of 'Work From Home' days to use when you need them.
* **Health Cover:** Private Medical Insurance covering you and your family
* **Free Food & Drink:** Fuel your day with unlimited free snacks and drinks.
* **Gaming Goodies:** Receive Steam codes for all our game releases!
* **Transport:** Save on your commute with our budget-friendly, door-to-door transport facility.
* **Office Location:** Work from our Bangalore office immersing yourself in the dynamic heart of India's Silicon Valley, where explosive career opportunities seamlessly blend with a vibrant, cosmopolitan lifestyle and fantastic year-round weather.
* **Professional Development:** Take advantage of our corporate LinkedIn Learning subscription to enhance your skill set
* **Merch & Events:** Get exclusive Kwalee merch, enjoy fun seasonal events, and stay informed with regular town halls.

### **Our Commitment to Diversity & Inclusion**

At Kwalee, we take pride in being an equal opportunity employer, where we believe that diversity and inclusion are essential to driving creativity. We are committed to creating a safe, welcoming, and supportive environment where everyone can thrive.

Our culture is built on celebrating the diverse voices of our team members, fuelling innovation and strengthening our connection to our players. We are dedicated to advancing equity, diversity, and inclusion across all areas of life, including age, disability, gender identity, marriage and civil partnership, pregnancy and maternity, race, religion or belief, sex, and sexual orientation.

We recognise the importance of self-development, career progression, and well-being in retaining our talented team. At Kwalee, we celebrate individuality and encourage everyone to bring their authentic selves to work.

We may use artificial intelligence (AI) tools to support parts of the hiring process, such as reviewing applications, analyzing resumes, or assessing responses. These tools assist our recruitment team but do not replace human judgment. Final hiring decisions are ultimately made by humans. If you would like more information about how your data is processed, please contact us."
https://www.linkedin.com/jobs/view/4473842995,2026-10-03,,Scapia,Senior Product Manager,Bengaluru,,link,Hiring Manager,Product Recruiter,90,Fresh,q_wide_01,Senior / All,False,Senior Product Manager opening at Scapia (Bengaluru). Direct application link: https://www.linkedin.com/jobs/view/4473842995
https://www.linkedin.com/jobs/view/4462790198,2026-10-03,,Pepper,Senior Product Manager (AI),Mumbai,,link,Hiring Manager,Product Recruiter,90,Fresh,q_wide_01,Senior / All,False,Senior Product Manager (AI) opening at Pepper (Mumbai). Direct application link: https://www.linkedin.com/jobs/view/4462790198
https://www.linkedin.com/jobs/view/4428032508,2026-10-02,,Wolters Kluwer,Lead Technical Product Manager - (IIT/IIM Preferred) - Product Management,Pune/Pimpri-Chinchwad Area,,link,Hiring Manager,Product Recruiter,90,Fresh,q_wide_01,Senior / All,False,Lead Technical Product Manager - (IIT/IIM Preferred) - Product Management opening at Wolters Kluwer (Pune/Pimpri-Chinchwad Area). Direct application link: https://www.linkedin.com/jobs/view/4428032508
https://www.linkedin.com/jobs/view/4474533375,2026-10-01,,Optum India,Senior Product Manager -US Healthcare IT product,Hyderabad,,link,Hiring Manager,Product Recruiter,90,Fresh,q_wide_01,Senior / All,False,Senior Product Manager -US Healthcare IT product opening at Optum India (Hyderabad). Direct application link: https://www.linkedin.com/jobs/view/4474533375
https://www.linkedin.com/jobs/view/4473704863,2026-09-30,,The Sleep Company,Senior Product Manager,Mumbai Metropolitan Region,,link,Hiring Manager,Product Recruiter,90,Fresh,q_wide_01,Senior / All,False,Senior Product Manager opening at The Sleep Company (Mumbai Metropolitan Region). Direct application link: https://www.linkedin.com/jobs/view/4473704863
https://www.linkedin.com/jobs/view/4473792586,2026-09-30,,Uplers,Senior Product Manager,Bengaluru,,link,Hiring Manager,Product Recruiter,90,Fresh,q_wide_01,Senior / All,False,Senior Product Manager opening at Uplers (Bengaluru). Direct application link: https://www.linkedin.com/jobs/view/4473792586
https://www.linkedin.com/jobs/view/4472716066,2026-09-28,,INDmoney,Senior Product Manager — Trading & Derivative Products,Gurugram,,DM,Hiring Manager,Product Recruiter,90,Archived,q_wide_01,Senior / All,False,Senior Product Manager — Trading & Derivative Products opening at INDmoney (Gurugram). Direct application link: https://www.linkedin.com/jobs/view/4472716066
https://www.linkedin.com/jobs/view/4473015764,2026-09-28,,Optum India,Senior Digital Product Manager,Gurgaon,,link,Hiring Manager,Product Recruiter,90,Archived,q_wide_01,Senior / All,False,Senior Digital Product Manager opening at Optum India (Gurgaon). Direct application link: https://www.linkedin.com/jobs/view/4473015764
https://www.glassdoor.co.in/job-listing/j?jl=1010281842842,2026-10-02,,Target,Senior Product Manager - Core Data & Decision Intelligence,Bengaluru,,link,Hiring Manager,Product Recruiter,90,Fresh,q_wide_01,Senior / All,False,Senior Product Manager - Core Data & Decision Intelligence opening at Target (Bengaluru). Direct application link: https://www.glassdoor.co.in/job-listing/j?jl=1010281842842
https://www.glassdoor.co.in/job-listing/j?jl=1010282116263,2026-10-02,,Wells Fargo,Senior Product Manager,Bengaluru,,link,Hiring Manager,Product Recruiter,90,Fresh,q_wide_01,Senior / All,False,Senior Product Manager opening at Wells Fargo (Bengaluru). Direct application link: https://www.glassdoor.co.in/job-listing/j?jl=1010282116263
https://www.glassdoor.co.in/job-listing/j?jl=1010276245879,2026-09-29,,Meesho,Senior Product Manager,Bengaluru,,link,Hiring Manager,Product Recruiter,90,Fresh,q_wide_01,Senior / All,False,Senior Product Manager opening at Meesho (Bengaluru). Direct application link: https://www.glassdoor.co.in/job-listing/j?jl=1010276245879
https://www.glassdoor.co.in/job-listing/j?jl=1010276246701,2026-09-29,,Meesho,Senior Product Manager - Data & Analytics Platform,Bengaluru,,link,Hiring Manager,Product Recruiter,90,Fresh,q_wide_01,Senior / All,False,Senior Product Manager - Data & Analytics Platform opening at Meesho (Bengaluru). Direct application link: https://www.glassdoor.co.in/job-listing/j?jl=1010276246701
https://www.linkedin.com/jobs/view/4464879109,2026-10-02,,Arctic Wolf,Senior Product Manager - Exposure Management,Bengaluru,,link,Hiring Manager,Product Recruiter,90,Fresh,q_wide_01,Senior / All,False,Senior Product Manager - Exposure Management opening at Arctic Wolf (Bengaluru). Direct application link: https://www.linkedin.com/jobs/view/4464879109
https://www.linkedin.com/jobs/view/4455913458,2026-10-01,,Amazon,"Senior Product Manager, Amazon Now",Bengaluru,,link,Hiring Manager,Product Recruiter,90,Fresh,q_wide_01,Senior / All,False,"Senior Product Manager, Amazon Now opening at Amazon (Bengaluru). Direct application link: https://www.linkedin.com/jobs/view/4455913458"
https://www.linkedin.com/jobs/view/4472902830,2026-10-01,,Refold AI,Senior Product Manager (B2B),Bengaluru,,link,Hiring Manager,Product Recruiter,90,Fresh,q_wide_01,Senior / All,False,Senior Product Manager (B2B) opening at Refold AI (Bengaluru). Direct application link: https://www.linkedin.com/jobs/view/4472902830
https://www.linkedin.com/jobs/view/4473244022,2026-09-29,,Snapmint,Senior Product Manager - Search,Bengaluru,,link,Hiring Manager,Product Recruiter,90,Fresh,q_wide_01,Senior / All,False,Senior Product Manager - Search opening at Snapmint (Bengaluru). Direct application link: https://www.linkedin.com/jobs/view/4473244022
https://www.linkedin.com/jobs/view/4471267788,2026-09-29,,Delhivery,Senior Product Manager,Bengaluru,,link,Hiring Manager,Product Recruiter,90,Fresh,q_wide_01,Senior / All,False,Senior Product Manager opening at Delhivery (Bengaluru). Direct application link: https://www.linkedin.com/jobs/view/4471267788
https://www.linkedin.com/jobs/view/4462281973,2026-09-29,,PhonePe,Senior Product Manager,Bengaluru,,link,Hiring Manager,Product Recruiter,90,Fresh,q_wide_01,Senior / All,False,Senior Product Manager opening at PhonePe (Bengaluru). Direct application link: https://www.linkedin.com/jobs/view/4462281973
https://www.linkedin.com/jobs/view/4472705896,2026-09-28,,Meesho,Senior Product Manager - Data & Analytics Platform,Bengaluru,,link,Hiring Manager,Product Recruiter,90,Archived,q_wide_01,Senior / All,False,Senior Product Manager - Data & Analytics Platform opening at Meesho (Bengaluru). Direct application link: https://www.linkedin.com/jobs/view/4472705896
https://www.linkedin.com/jobs/view/4455280294,2026-09-28,,Microsoft,Senior Product Manager,Bengaluru,,link,Hiring Manager,Product Recruiter,90,Archived,q_wide_01,Senior / All,False,Senior Product Manager opening at Microsoft (Bengaluru). Direct application link: https://www.linkedin.com/jobs/view/4455280294
https://www.linkedin.com/jobs/view/4472723098,2026-09-28,,Meesho,Senior Product Manager,Bengaluru,,link,Hiring Manager,Product Recruiter,90,Archived,q_wide_01,Senior / All,False,Senior Product Manager opening at Meesho (Bengaluru). Direct application link: https://www.linkedin.com/jobs/view/4472723098
https://www.naukri.com/job-listings-senior-product-manager-tata-consultancy-services-bengaluru-8-to-12-years-060326013805,2026-10-01,,Tata Consultancy Services,Senior Product Manager,"Bengaluru, India",,link,Hiring Manager,Product Recruiter,90,Fresh,q_wide_01,Senior / All,False,"Senior Product Manager opening at Tata Consultancy Services (Bengaluru, India). Direct application link: https://www.naukri.com/job-listings-senior-product-manager-tata-consultancy-services-bengaluru-8-to-12-years-060326013805"
https://www.naukri.com/job-listings-senior-product-manager-salesforce-integration-cvent-bengaluru-delhi-ncr-12-to-16-years-011026024175,2026-10-01,,Cvent,Senior Product Manager (Salesforce Integration),"Bengaluru, Delhi / NCR, India",,link,Hiring Manager,Product Recruiter,90,Fresh,q_wide_01,Senior / All,False,"Senior Product Manager (Salesforce Integration) opening at Cvent (Bengaluru, Delhi / NCR, India). Direct application link: https://www.naukri.com/job-listings-senior-product-manager-salesforce-integration-cvent-bengaluru-delhi-ncr-12-to-16-years-011026024175"
https://www.naukri.com/job-listings-senior-product-manager-salesforce-integration-cvent-bengaluru-delhi-ncr-12-to-16-years-300926015942,2026-09-30,,Cvent,Senior Product Manager (Salesforce Integration),"Bengaluru, Delhi / NCR, India",,link,Hiring Manager,Product Recruiter,90,Fresh,q_wide_01,Senior / All,False,"Senior Product Manager (Salesforce Integration) opening at Cvent (Bengaluru, Delhi / NCR, India). Direct application link: https://www.naukri.com/job-listings-senior-product-manager-salesforce-integration-cvent-bengaluru-delhi-ncr-12-to-16-years-300926015942"
https://www.naukri.com/job-listings-senior-lead-digital-product-manager-access-entitlements-platform-wells-fargo-international-solutions-private-ltd-bengaluru-7-to-12-years-290926933573,2026-09-29,,Wells Fargo,Senior Lead Digital Product Manager Access & Entitlements Platform,"Bengaluru, India",,link,Hiring Manager,Product Recruiter,90,Fresh,q_wide_01,Senior / All,False,"Senior Lead Digital Product Manager Access & Entitlements Platform opening at Wells Fargo (Bengaluru, India). Direct application link: https://www.naukri.com/job-listings-senior-lead-digital-product-manager-access-entitlements-platform-wells-fargo-international-solutions-private-ltd-bengaluru-7-to-12-years-290926933573"
https://www.naukri.com/job-listings-senior-product-manager-veritas-software-technologies-india-private-limited-bengaluru-7-to-10-years-290926503507,2026-09-29,,Cohesity,Senior Product Manager,"Bengaluru, India",,link,Hiring Manager,Product Recruiter,90,Fresh,q_wide_01,Senior / All,False,"Senior Product Manager opening at Cohesity (Bengaluru, India). Direct application link: https://www.naukri.com/job-listings-senior-product-manager-veritas-software-technologies-india-private-limited-bengaluru-7-to-10-years-290926503507"
https://www.naukri.com/job-listings-senior-product-manager-integrations-cvent-india-pvt-ltd-gurugram-10-to-15-years-011026503305,2026-10-01,,Cvent,Senior Product Manager (Integrations),"Gurugram, India",,link,Hiring Manager,Product Recruiter,90,Fresh,q_wide_01,Senior / All,False,"Senior Product Manager (Integrations) opening at Cvent (Gurugram, India). Direct application link: https://www.naukri.com/job-listings-senior-product-manager-integrations-cvent-india-pvt-ltd-gurugram-10-to-15-years-011026503305"
https://www.naukri.com/job-listings-senior-product-manager-expedia-group-gurugram-7-to-12-years-300926503003,2026-09-30,,Expedia,Senior Product Manager,"Gurugram, India",,link,Hiring Manager,Product Recruiter,90,Fresh,q_wide_01,Senior / All,False,"Senior Product Manager opening at Expedia (Gurugram, India). Direct application link: https://www.naukri.com/job-listings-senior-product-manager-expedia-group-gurugram-7-to-12-years-300926503003"
https://www.naukri.com/job-listings-senior-product-manager-current-account-bean-hr-consulting-gurugram-5-to-10-years-300926030780,2026-09-30,,Bean Hr Consulting,Senior Product Manager-Current Account,"Gurugram, India",,link,Hiring Manager,Product Recruiter,90,Fresh,q_wide_01,Senior / All,False,"Senior Product Manager-Current Account opening at Bean Hr Consulting (Gurugram, India). Direct application link: https://www.naukri.com/job-listings-senior-product-manager-current-account-bean-hr-consulting-gurugram-5-to-10-years-300926030780"
https://www.naukri.com/job-listings-senior-digital-product-manager-optum-global-solutions-india-private-limited-gurugram-4-to-9-years-290926917540,2026-09-29,,Optum,Senior Digital Product Manager,"Gurugram, India",,link,Hiring Manager,Product Recruiter,90,Fresh,q_wide_01,Senior / All,False,"Senior Digital Product Manager opening at Optum (Gurugram, India). Direct application link: https://www.naukri.com/job-listings-senior-digital-product-manager-optum-global-solutions-india-private-limited-gurugram-4-to-9-years-290926917540"
https://www.naukri.com/job-listings-senior-product-manager-funnel-growth-pluang-gurugram-4-to-9-years-280926503993,2026-09-28,,Pluang,Senior Product Manager- Funnel & Growth,"Gurugram, India",,link,Hiring Manager,Product Recruiter,90,Archived,q_wide_01,Senior / All,False,"Senior Product Manager- Funnel & Growth opening at Pluang (Gurugram, India). Direct application link: https://www.naukri.com/job-listings-senior-product-manager-funnel-growth-pluang-gurugram-4-to-9-years-280926503993"
https://www.glassdoor.co.in/job-listing/j?jl=1010276567862,2026-09-29,,DBS Bank,"Senior Associate,Segment Product Manager,Consumer Banking Group",Mumbai,,link,Hiring Manager,Product Recruiter,90,Fresh,q_wide_01,0-2y,False,"Senior Associate,Segment Product Manager,Consumer Banking Group opening at DBS Bank (Mumbai). Direct application link: https://www.glassdoor.co.in/job-listing/j?jl=1010276567862"
https://www.linkedin.com/jobs/view/4465027680,2026-10-05,,Snapmint,Senior Product Manager – Payments (E-com / Quick Com),Mumbai Metropolitan Region,,link,Hiring Manager,Product Recruiter,90,Fresh,q_wide_01,Senior / All,False,Senior Product Manager – Payments (E-com / Quick Com) opening at Snapmint (Mumbai Metropolitan Region). Direct application link: https://www.linkedin.com/jobs/view/4465027680
https://www.linkedin.com/jobs/view/4474262149,2026-10-05,,Michael Page,Product Lead,Mumbai Metropolitan Region,,link,Hiring Manager,Product Recruiter,90,Fresh,q_wide_01,Senior / All,False,Product Lead opening at Michael Page (Mumbai Metropolitan Region). Direct application link: https://www.linkedin.com/jobs/view/4474262149
https://www.linkedin.com/jobs/view/4463985535,2026-10-03,,Clearwater Analytics,Senior Product Manager,Mumbai Metropolitan Region,,link,Hiring Manager,Product Recruiter,90,Fresh,q_wide_01,Senior / All,False,Senior Product Manager opening at Clearwater Analytics (Mumbai Metropolitan Region). Direct application link: https://www.linkedin.com/jobs/view/4463985535
https://www.linkedin.com/jobs/view/4472699789,2026-10-01,,Traya,Senior Product Manager,Mumbai,,link,Hiring Manager,Product Recruiter,90,Fresh,q_wide_01,Senior / All,False,Senior Product Manager opening at Traya (Mumbai). Direct application link: https://www.linkedin.com/jobs/view/4472699789
https://www.naukri.com/job-listings-senior-product-manager-cns-neurology-mumbai-hrd-house-mumbai-suburban-mumbai-all-areas-6-to-8-years-011026014016,2026-10-01,,HRD House,Senior Product Manager - CNS/Neurology - Mumbai.,"Mumbai Suburban, Mumbai (All Areas), India",,link,Hiring Manager,Product Recruiter,90,Fresh,q_wide_01,Senior / All,False,"Senior Product Manager - CNS/Neurology - Mumbai. opening at HRD House (Mumbai Suburban, Mumbai (All Areas), India). Direct application link: https://www.naukri.com/job-listings-senior-product-manager-cns-neurology-mumbai-hrd-house-mumbai-suburban-mumbai-all-areas-6-to-8-years-011026014016"
https://www.glassdoor.co.in/job-listing/j?jl=1010285178263,2026-10-05,,NielsenIQ,Senior Product Manager – Activate Promotion Effectiveness & Planning,Chennai,,link,Hiring Manager,Product Recruiter,90,Fresh,q_wide_01,Senior / All,False,Senior Product Manager – Activate Promotion Effectiveness & Planning opening at NielsenIQ (Chennai). Direct application link: https://www.glassdoor.co.in/job-listing/j?jl=1010285178263
https://www.glassdoor.co.in/job-listing/j?jl=1010283321070,2026-10-03,,Wood Mackenzie Asia Pacific Pte Ltd,Senior Product Manager,Gurgaon,,link,Hiring Manager,Product Recruiter,90,Fresh,q_wide_01,Senior / All,False,Senior Product Manager opening at Wood Mackenzie Asia Pacific Pte Ltd (Gurgaon). Direct application link: https://www.glassdoor.co.in/job-listing/j?jl=1010283321070
https://www.glassdoor.co.in/job-listing/j?jl=1010283069526,2026-10-02,,Tala,"Senior Product Manager, Fraud & Risk",India,,link,Hiring Manager,Product Recruiter,90,Fresh,q_wide_01,Senior / All,False,"Senior Product Manager, Fraud & Risk opening at Tala (India). Direct application link: https://www.glassdoor.co.in/job-listing/j?jl=1010283069526"
https://www.glassdoor.co.in/job-listing/j?jl=1010280838582,2026-10-01,,Amgen,Senior Digital Product Manager (AI),Hyderābād,,link,Hiring Manager,Product Recruiter,90,Fresh,q_wide_01,Senior / All,False,Senior Digital Product Manager (AI) opening at Amgen (Hyderābād). Direct application link: https://www.glassdoor.co.in/job-listing/j?jl=1010280838582
https://www.glassdoor.co.in/job-listing/j?jl=1010280626184,2026-10-01,,Cvent,Senior Product Manager (Integrations),Gurgaon,,link,Hiring Manager,Product Recruiter,90,Fresh,q_wide_01,Senior / All,False,Senior Product Manager (Integrations) opening at Cvent (Gurgaon). Direct application link: https://www.glassdoor.co.in/job-listing/j?jl=1010280626184
https://www.glassdoor.co.in/job-listing/j?jl=1010278097573,2026-09-30,,Expedia,Senior Product Manager,Gurgaon,,link,Hiring Manager,Product Recruiter,90,Fresh,q_wide_01,Senior / All,False,Senior Product Manager opening at Expedia (Gurgaon). Direct application link: https://www.glassdoor.co.in/job-listing/j?jl=1010278097573
https://www.glassdoor.co.in/job-listing/j?jl=1010276944511,2026-09-29,,Optum,Senior Technical Product Manager - Healthcare and AI,Noida,,link,Hiring Manager,Product Recruiter,90,Fresh,q_wide_01,Senior / All,False,Senior Technical Product Manager - Healthcare and AI opening at Optum (Noida). Direct application link: https://www.glassdoor.co.in/job-listing/j?jl=1010276944511
https://www.glassdoor.co.in/job-listing/j?jl=1010277735519,2026-09-29,,Qualcomm,Senior Android SW Product Manager,Hyderābād,,link,Hiring Manager,Product Recruiter,90,Fresh,q_wide_01,Senior / All,False,Senior Android SW Product Manager opening at Qualcomm (Hyderābād). Direct application link: https://www.glassdoor.co.in/job-listing/j?jl=1010277735519
https://www.glassdoor.co.in/job-listing/j?jl=1010276384410,2026-09-29,,Mastercard,Senior Product Manager - Technical,Pune,,link,Hiring Manager,Product Recruiter,90,Fresh,q_wide_01,Senior / All,False,Senior Product Manager - Technical opening at Mastercard (Pune). Direct application link: https://www.glassdoor.co.in/job-listing/j?jl=1010276384410
https://www.glassdoor.co.in/job-listing/j?jl=1010276365869,2026-09-29,,"Williams-Sonoma, Inc.",Senior Product Manager - Web Merchandising,Pune,,link,Hiring Manager,Product Recruiter,90,Fresh,q_wide_01,Senior / All,False,"Senior Product Manager - Web Merchandising opening at Williams-Sonoma, Inc. (Pune). Direct application link: https://www.glassdoor.co.in/job-listing/j?jl=1010276365869"
https://in.indeed.com/viewjob?jk=3d2ec0e22c41a4e1,2026-10-05,,NielsenIQ,Senior Product Manager – Activate Promotion Effectiveness & Planning,"TN, IN",,DM,Hiring Manager,Product Recruiter,90,Fresh,q_wide_01,Senior / All,False,"**Job Description**

NIQ Activate is a single platform bringing together powerful retail capabilities — insights, analytics, and supplier collaboration tools. As we evolve our Promotion Effectiveness and Planning modules, we are looking for a Senior Product Manager to enable data-driven promotion strategy, optimization, and performance measurement.

**Key responsibilities**

* Product Requirements & Prioritization: Create and maintain a well‑defined, prioritized product backlog aligned with business and product objectives.
* PI Planning and Execution: Coordinate delivery through PI planning, execution, and review cycles to ensure alignment and timely delivery.
* Collaboration with Data Science: Partner with data science to identify models, validate outputs, and ensure analytical robustness.
* Technical Collaboration & Architecture Alignment: Work closely with Engineering to ensure scalable, efficient, and feasible solutions aligned to platform architecture.
* Market Research and Analysis: Leverage market trends, competitive insights, and customer needs to inform roadmap and prioritization.
* User Experience: Collaborate with UX to design intuitive workflows and ensure clear product documentation (Figma, acceptance criteria).
* Product Advocacy & Enablement: Support commercial teams and translate analytical outputs into clear business value.
* Cross‑Functional Collaboration: Build strong partnerships across Product, Engineering, Data Science, Sales, and Customer Success.
* Lead a cross-functional product pod, driving alignment across Engineering, Data Science, UX, and business stakeholders to deliver measurable customer and business outcomes.
* Own end-to-end delivery of product initiatives, proactively managing risks, dependencies, trade-offs, and execution progress.
* Partner with Engineering leadership to support capacity planning, release readiness, and successful product delivery.
* Own roadmap for promotion planning, forecasting, optimization, scenario planning, and post-event effectiveness measurement.
* Define capabilities for uplift modeling, cannibalization analysis, promotion optimization, and scenario simulation.
* Drive development of planning workflows and decision-support tools for pricing and promotions.
* Ensure alignment with category management and revenue management processes.
* Continuously improve models based on real-world performance and feedback loops.
* Define and track product, adoption, operational, and business KPIs to continuously improve product performance, customer value realization, and revenue outcomes.

  
**Qualifications**  

* Analytical skills: Strong problem-solving skills with high data literacy and ability to interpret models and outputs.
* Experience: 6+ years in Product Management building data-driven or analytical products at scale.
* Experience leading cross-functional product teams and driving execution across Engineering, Data Science, UX, and business stakeholders.
* Organizational skills: Ability to manage multiple priorities and drive execution focus.
* Education: Bachelor’s degree in Computer Science, Data Science, Engineering, Business or equivalent.
* Communication: Strong written and verbal communication; ability to explain complex concepts clearly.
* Experience presenting product strategy, roadmap decisions, and delivery status to senior leadership and executive stakeholders.
* Tools: Experience with Excel, PowerPoint, Jira, Confluence, Figma; familiarity with agile methodologies.
* Experience defining success metrics, measuring product adoption, and driving business outcomes through data-driven decision making.
* Domain expertise in promotion planning, trade promotion management, revenue growth management, category management, pricing, forecasting, or related retail optimization solutions.
* Experience working with AI/ML-driven products, optimization models, forecasting solutions, simulation engines, or advanced decision-support systems.

  
**Additional Information**

**Our Benefits**

* Flexible working environment
* Volunteer time off
* LinkedIn Learning
* Employee-Assistance-Program (EAP)

NIQ may utilize artificial intelligence (AI) tools at various stages of the recruitment process, including résumé screening, candidate assessments, interview scheduling, job matching, communication support, and certain administrative tasks that help streamline workflows. These tools are intended to improve efficiency and support fair and consistent evaluation based on job-related criteria. All use of AI is governed by NIQ’s principles of fairness, transparency, human oversight, and inclusion. Final hiring decisions are made exclusively by humans. NIQ regularly reviews its AI tools to help mitigate bias and ensure compliance with applicable laws and regulations. If you have questions, require accommodations, or wish to request human review were permitted by law, please contact your local HR representative. For more information, please visit NIQ’s AI Safety Policies and Guiding Principles: https://nielseniq.com/global/en/info/niqs-ai-safety-policies/

**About NIQ**

NIQ is the world’s leading consumer intelligence company, delivering the most complete understanding of consumer buying behavior and revealing new pathways to growth. In 2023, NIQ combined with GfK, bringing together the two industry leaders with unparalleled global reach. With a holistic retail read and the most comprehensive consumer insights—delivered with advanced analytics through state-of-the-art platforms—NIQ delivers the Full View™. NIQ is an Advent International portfolio company with operations in 100+ markets, covering more than 90% of the world’s population.

For more information, visit NIQ.com

Want to keep up with our latest updates?

Follow us on: LinkedIn | Instagram | Twitter | Facebook

**Our commitment to Diversity, Equity, and Inclusion**

At NIQ, we are steadfast in our commitment to fostering an inclusive workplace that mirrors the rich diversity of the communities and markets we serve. We believe that embracing a wide range of perspectives drives innovation and excellence. All employment decisions at NIQ are made without regard to race, color, religion, sex (including pregnancy, sexual orientation, or gender identity), national origin, age, disability, genetic information, marital status, veteran status, or any other characteristic protected by applicable laws. We invite individuals who share our dedication to inclusivity and equity to join us in making a meaningful impact. To learn more about our ongoing efforts in diversity and inclusion, please visit the https://nielseniq.com/global/en/news-center/diversity-inclusion"
https://in.indeed.com/viewjob?jk=14d210470f233632,2026-10-02,,Wood Mackenzie,Senior Product Manager,"HR, IN",,DM,Hiring Manager,Product Recruiter,90,Fresh,q_wide_01,Senior / All,False,"Wood Mackenzie is the global leader in analytics, insights and proprietary data across the entire energy and natural resources landscape.

For over 50 years our work has guided the decisions of the world’s most influential energy producers, utilities companies, financial institutions and governments.

Now, with the world’s energy system more complex and interconnected than ever before, sector-specific views are no longer enough. That’s why we’ve redefined what’s possible with Intelligence Connected.

By fusing our unparalleled proprietary data with the sharpest analytical minds, all supercharged by Synoptic AI, we deliver a clear, interconnected view of the entire value chain. Our trusted team of 2,700 experts across 30 countries breaks siloes and connects industries, markets and regions across the globe.

This empowers our customers to identify risk sooner, spot opportunities faster and recalibrate strategy with confidence – whether planning days, weeks, months or decades ahead.

Wood Mackenzie  
Intelligence Connected

**WoodMac.com**

**Wood Mackenzie Brand Video**

**Wood Mackenzie Values**

* Inclusive – we succeed together
* Trusting – we choose to trust each other
* Customer committed – we put customers at the heart of our decisions
* Future Focused – we accelerate change
* Curious – we turn knowledge into action

**Job Description**

To support the development of our Lens data analytics platform, we are looking for a dynamic Senior Product Manager to be an integral part of our Commodities Product team covering Gas & LNG, Oils & Chemicals and Metals & Mining.

*Knowledge & experience*

* Experienced Product Manager, or Analyst looking to expand their role into the Product Management space
* Experience with the product development cycle including agile software development (Scrum/Kanban), design process, and instrumenting analytics.
* Basic industry knowledge and strong interest on one or multiple sectors covered in our portfolio (Gas & LNG, Oils & Chemicals, Metals & Mining), understanding of the major players, market conditions, and industry standards. Intellectual curiosity for industry is a must.
* Experience working on data migrations projects, and using AI in product development is a strong plus.
* Good oral and written communication skills
* Key tools that we use are JIRA, Productboard and Amplitude. Our tech stack is mainly on AWS and Snowflake.

*Impact on the team*

* Act as the day-to-day point person for the cross-functional team, providing a seamless bridge between Research Analysts, Data teams, UX, and Engineering to identify solutions that work within a set of defined constraints and align to the broader business strategy and achieve customer-focused results.
* Align understanding by defining user requirements with clear acceptance criteria across multiple features
* Assist in documentation and testing of given solutions to ensure fit for customers
* Collaborate with the Senior Product Manager to help communicate product value and priorities to internal teams, including sales and marketing
Foster healthy culture, support and collaboration for a distributed team  

*Stakeholder & client relationships*

* Translate requirements from customers and defining the product functionality according to wider customer needs
* Inform senior stakeholders on progress and raise risks to the appropriate level
* Engage frequently with users to gather feedback from relevant customers and internal stakeholders.
* Collaborate with Marketing and Sales to enable go-to-market effort

**Equal Opportunities**

We are an equal opportunities employer. This means we are committed to recruiting the best people regardless of their race, colour, religion, age, sex (including pregnancy, sexual orientation, and gender identity), national origin, disability or protected veteran status. You can find out more about your rights under the law at www.eeoc.gov"
https://in.indeed.com/viewjob?jk=12e26cd96ef8e5e9,2026-10-02,,Tala,"Senior Product Manager, Fraud & Risk","Remote, IN",,DM,Hiring Manager,Product Recruiter,90,Fresh,q_wide_01,Senior / All,False,"**About Tala**

Tala is the AI-native credit infrastructure that connects global capital to the global majority. We combine proprietary risk intelligence with an expanding network of capital and distribution partners to power credit access at scale. To date, Tala has distributed more than $9 billion in capital to more than 14 million customers across Africa, Latin America, and Asia, building the definitive contextual dataset on thin-file borrowers in emerging markets. Tala is now converting that foundation into shared infrastructure that partners, capital providers, and ecosystems can build on.
  
  
The company has been named to the Fortune Impact 20 list, CNBC’s World’s Top Fintech Companies twice, CNBC Disruptor 50 for five years, and Forbes’ Fintech 50 list for ten years running.

Given the global nature of our team, we operate on a remote-first approach with office hubs in Santa Monica, CA (HQ); Nairobi, Kenya; Mexico City, Mexico; Manila, the Philippines; and Bangalore, India.

Most Talazens join us because they connect with our mission. If you are energized by the impact you can make at Tala, we’d love to hear from you!

### **The Role**

Tala is on a mission to unleash the economic power of the global majority. We’re building financial services that give people greater access, control, and agency over their financial lives.

As Tala continues to scale, protecting our customers while creating a seamless experience is more important than ever. We’re looking for aSenior Product Manager, Fraud & Authentication to lead the strategy and execution of the systems that keep our customers and platform safe.

As the Senior Product Manager, Fraud & Authentication, you’ll own Tala’s product strategy for fraud prevention, customer authentication, and identity-related experiences across the customer journey.

You’ll tackle complex problems at the intersection of fraud, risk, machine learning, data, engineering, and customer experience.

Your goal will be to help Tala identify and prevent fraudulent activity while minimizing unnecessary friction for legitimate customers.

You’ll work closely with Engineering, Data Science, Analytics, Lending, Finance, Customer Care, Marketing, Legal, and other global teams to turn complex fraud patterns and ambiguous problems into scalable products and systems.

This is a highly cross-functional role for someone who enjoys solving difficult problems with data, moving quickly, and building products that have a measurable impact on both customers and the business.

### **What You'll Do**

### **Own Fraud & Authentication Product Strategy**

* Define and own Tala’s multi-year product strategy and roadmap for fraud prevention, customer authentication, identity, and related risk capabilities.
* Identify opportunities to improve fraud prevention across signup, login, account management, and other high-risk customer actions.
* Balance fraud prevention with customer experience by reducing fraud losses and false positives while minimizing unnecessary friction.
* Translate complex fraud patterns, emerging attack vectors, and business needs into clear product strategies and priorities.

### **Build Data-Driven Fraud Products**

* Partner closely with Data Science and Analytics to define model objectives, evaluate model and feature performance, and identify opportunities to improve detection.
* Help determine appropriate fraud decision thresholds and rules based on data and business objectives.
* Establish and monitor key metrics such as fraud loss rates, detection accuracy, false-positive rates, customer conversion, and authentication success.
* Identify data gaps and work with technical teams to improve the data and infrastructure needed to make effective fraud decisions.
* Collaborate on fraud detection models, rules, feature infrastructure, and decisioning systems.

### **Lead Product Execution**

* Translate ambiguous fraud and authentication problems into clear product requirements that Engineering teams can execute against.
* Lead a cross-functional team of engineers and partners to deliver the roadmap.
* Prioritize initiatives based on customer impact, fraud exposure, business value, technical complexity, and data.
* Partner with Engineering to understand Tala’s fraud and authentication infrastructure and identify opportunities to improve scalability and reliability.
* Drive initiatives from strategy and discovery through launch, measurement, and iteration.

### **Manage Fraud & Risk Events**

* Partner with Data Science, Analytics, Engineering, and Operations to investigate fraud incidents and emerging fraud patterns.
* Turn lessons from fraud events into proactive product and system improvements.
* Develop approaches that allow Tala to respond quickly as fraud patterns and attack vectors evolve.

### **Collaborate Across Tala**

* Build strong partnerships across Product, Engineering, Data Science, Analytics, Lending, Finance, Customer Care, Marketing, and Legal.
* Communicate complex fraud and risk concepts clearly to both technical and non-technical stakeholders.
* Manage relationships with external vendors and technology partners supporting fraud, authentication, identity, or risk capabilities.
* Create alignment across distributed global teams and drive decisions in an environment where information may be incomplete or ambiguous.

### **What You'll Need**

* 5+ years of Product Management experience, with experience owning complex technical products or platforms.
* Proven experience building or managing products related to fraud, risk, authentication, identity, KYC, account security, payments, lending, or financial crime.
* Experience partnering closely with Engineering and Data Science to build fraud detection, risk decisioning, authentication, or identity solutions.
* Experience using data and metrics to make product decisions and measure outcomes.
* Experience managing fraud incidents, emerging fraud patterns, or other high-impact risk events.
* Ability to translate complex and ambiguous problems into clear product requirements and actionable roadmaps.
* Experience managing external vendors or technology partners.
* Strong cross-functional leadership and communication skills.
* Comfort operating in a fast-paced, distributed, and highly collaborative environment.

Our vision is to build a new financial ecosystem where everyone can participate on equal footing and access the tools they need to be financially healthy. We strongly believe that inclusion fosters innovation and we’re proud to have a diverse global team that represents a multitude of backgrounds, cultures, and experience. We hire talented people regardless of race, religion, color, national origin, gender, gender expression, sexual orientation, age, marital status, veteran status, or disability status.

We may use artificial intelligence (AI) tools to support parts of the hiring process, such as reviewing applications, analyzing resumes, or assessing responses and identifying potential inconsistencies or verification signals in application materials based on available information. These tools assist our recruitment team but do not replace human judgment. Final hiring decisions are ultimately made by humans. If you would like more information about how your data is processed, please contact us."
https://in.indeed.com/viewjob?jk=d0ef1fb31deb9c57,2026-10-01,,NationsBenefits,Senior Product Manager,"TS, IN",,DM,Hiring Manager,Product Recruiter,90,Fresh,q_wide_01,Senior / All,False,"**About NationsBenefits:**

At NationsBenefits, we are leading the transformation of the insurance industry by developing innovative benefits management solutions. We focus on modernizing complex back-office systems to create scalable, secure, and high-performing platforms that streamline operations for our clients. As part of our strategic growth, we are focused on platform modernization — transitioning legacy systems to modern, cloud-native architectures that support the scalability, reliability, and high performance of core backoffice functions in the insurance domain.

**About Role:**

We are seeking an experienced **Senior Product Manager** to own and drive the strategic direction of our Nations Vision product ecosystem — a multi-tool platform supporting hundreds of clients across the vision benefits landscape. The ideal candidate brings deep analytical rigor, unwavering attention to detail, and a relentless commitment to product quality and accuracy. This is a hands-on leadership role requiring someone who can navigate complex, interconnected systems — fee schedules, provider networks, plan configurations, and claims processing — while maintaining the trust of hundreds of clients who depend on flawless execution.

**Key Responsibilities:**

**Product Ownership & Strategy**

* Own the end-to-end product roadmap for the Nations Vision platform, balancing client needs, business priorities, and technical constraints

* Translate complex business requirements into clear, actionable product specifications.

**Core System Management:**

* **Provider-Facing Claims Portal:** Drive continuous enhancement of the provider portal, delivering new features that improve speed and accuracy for end users

* **Fee Schedule Design & Configuration:** Oversee the accuracy, configuration, and maintainability of fee schedules across the platform; champion self-service configuration tools that empower Operations teams

* **Provider Network Mapping:** Manage the configuration and integrity of provider network data, ensuring accurate mapping across geographies and specialties

* **Plan Access Restrictions:** Direct the setup and validation of plan-level access rules, benefit tiers, and eligibility parameters

* **Claims Processing Engine:** Partner with engineering to optimize claims adjudication logic, troubleshoot processing issues, and ensure accurate, timely claim outcomes.

**Quality & Accuracy Focus**

* Establish and monitor quality benchmarks across all product tools and workflows

* Proactively identify data integrity issues, configuration errors, and process gaps before they impact clients

* Drive continuous improvement initiatives to reduce errors, increase automation, and enhance system reliability

* Conduct regular audits and root-cause analyses, implementing preventive measures when issues arise.

**Cross-Functional Collaboration**

* Serve as the primary product liaison between engineering, operations, client services, and leadership

* Communicate product updates, risks, and roadmap changes clearly to both technical and non-technical stakeholders

* Partner with client-facing teams to understand pain points and translate feedback into product enhancements

* Collaborate with QA to define testing protocols that ensure system accuracy at scale.

**Client & Stakeholder Management**

* Support hundreds of client configurations, ensuring the platform scales without sacrificing accuracy.

* Address escalations related to fee schedules, network mapping, or claims discrepancies with urgency and precision.

* Gather and prioritize feedback from client-facing teams to inform the product backlog.

**Required Qualifications**

* 5+ years of product management experience, preferably in healthcare, benefits administration, or insurance technology.

* Demonstrated experience managing complex, multi-component systems or platforms.

* Working knowledge of database systems, with ability to write moderately complex SQL queries.

* Strong analytical skills, with the ability to interpret data, identify trends, and make data driven decisions.

* Exceptional attention to detail, particularly in high-stakes, accuracy-critical environments.

* Excellent written and verbal communication skills, with the ability to translate technical concepts for varied audiences.

* Experience with claims processing systems, provider network data, or fee schedule management strongly preferred.

* Proven track record managing products that serve a large, diverse client base.

* Bachelor's degree in Computer Science, or a related field (MBA a plus).

**Why Join Us?**

* Lead a pioneering FinTech initiative with cutting-edge technologies and scalable architecture.

* Career growth opportunities in a fast-growing, innovative-driven environment.

* Impact the financial ecosystem by building secure, high-performance applications.

* Contribute to cutting-edge products that enhance member engagement in healthcare."
https://www.instahyre.com/job-435293-senior-product-manager-at-jfrog-bangalore/,2026-10-05,,JFrog,Senior Product Manager,"India, India",,link,Hiring Manager,Product Recruiter,90,Fresh,q_wide_01,Senior / All,False,"Senior Product Manager opening at JFrog (India, India). Direct application link: https://www.instahyre.com/job-435293-senior-product-manager-at-jfrog-bangalore/"
https://www.instahyre.com/job-444476-senior-product-manager-at-redpin-hyderabad/,2026-10-05,,Redpin,Senior Product Manager,"India, India",,link,Hiring Manager,Product Recruiter,90,Fresh,q_wide_01,Senior / All,False,"Senior Product Manager opening at Redpin (India, India). Direct application link: https://www.instahyre.com/job-444476-senior-product-manager-at-redpin-hyderabad/"
https://www.instahyre.com/job-416438-senior-product-manager-at-payu-bangalore-gurgaon/,2026-10-05,,PayU,Senior Product Manager,"India, India",,link,Hiring Manager,Product Recruiter,90,Fresh,q_wide_01,Senior / All,False,"Senior Product Manager opening at PayU (India, India). Direct application link: https://www.instahyre.com/job-416438-senior-product-manager-at-payu-bangalore-gurgaon/"
https://www.instahyre.com/job-434375-senior-product-manager-at-appsforbharat-work-from-home/,2026-10-05,,AppsForBharat,Senior Product Manager,"India, India",,link,Hiring Manager,Product Recruiter,90,Fresh,q_wide_01,Senior / All,False,"Senior Product Manager opening at AppsForBharat (India, India). Direct application link: https://www.instahyre.com/job-434375-senior-product-manager-at-appsforbharat-work-from-home/"
https://www.instahyre.com/job-443496-senior-product-manager-at-birla-pivot-bangalore/,2026-10-05,,Birla Pivot,Senior Product Manager,"India, India",,link,Hiring Manager,Product Recruiter,90,Fresh,q_wide_01,Senior / All,False,"Senior Product Manager opening at Birla Pivot (India, India). Direct application link: https://www.instahyre.com/job-443496-senior-product-manager-at-birla-pivot-bangalore/"
https://www.instahyre.com/job-444673-senior-product-manager-at-appsforbharat-bangalore/,2026-10-05,,AppsForBharat,Senior Product Manager,"India, India",,link,Hiring Manager,Product Recruiter,90,Fresh,q_wide_01,Senior / All,False,"Senior Product Manager opening at AppsForBharat (India, India). Direct application link: https://www.instahyre.com/job-444673-senior-product-manager-at-appsforbharat-bangalore/"
https://www.instahyre.com/job-432298-senior-product-manager-at-arintra-bangalore/,2026-10-05,,Arintra,Senior Product Manager,"India, India",,link,Hiring Manager,Product Recruiter,90,Fresh,q_wide_01,Senior / All,False,"Senior Product Manager opening at Arintra (India, India). Direct application link: https://www.instahyre.com/job-432298-senior-product-manager-at-arintra-bangalore/"
https://www.instahyre.com/job-202702-senior-product-manager-at-zolve-2-bangalore/,2026-10-05,,Zolve,Senior Product Manager,"India, India",,link,Hiring Manager,Product Recruiter,90,Fresh,q_wide_01,Senior / All,False,"Senior Product Manager opening at Zolve (India, India). Direct application link: https://www.instahyre.com/job-202702-senior-product-manager-at-zolve-2-bangalore/"
https://www.instahyre.com/job-444869-senior-product-manager-at-axiamatic-2-bangalore/,2026-10-05,,Axiamatic,Senior Product Manager,"India, India",,link,Hiring Manager,Product Recruiter,90,Fresh,q_wide_01,Senior / All,False,"Senior Product Manager opening at Axiamatic (India, India). Direct application link: https://www.instahyre.com/job-444869-senior-product-manager-at-axiamatic-2-bangalore/"
https://www.instahyre.com/job-445182-senior-product-manager-at-arintra-bangalore/,2026-10-05,,Arintra,Senior Product Manager,"India, India",,link,Hiring Manager,Product Recruiter,90,Fresh,q_wide_01,Senior / All,False,"Senior Product Manager opening at Arintra (India, India). Direct application link: https://www.instahyre.com/job-445182-senior-product-manager-at-arintra-bangalore/"
https://www.instahyre.com/job-444969-senior-product-manager-at-arintra-bangalore/,2026-10-05,,Arintra,Senior Product Manager,"India, India",,link,Hiring Manager,Product Recruiter,90,Fresh,q_wide_01,Senior / All,False,"Senior Product Manager opening at Arintra (India, India). Direct application link: https://www.instahyre.com/job-444969-senior-product-manager-at-arintra-bangalore/"
https://www.instahyre.com/job-443733-senior-product-manager-at-birla-pivot-bangalore/,2026-10-05,,Birla Pivot,Senior Product Manager,"India, India",,link,Hiring Manager,Product Recruiter,90,Fresh,q_wide_01,Senior / All,False,"Senior Product Manager opening at Birla Pivot (India, India). Direct application link: https://www.instahyre.com/job-443733-senior-product-manager-at-birla-pivot-bangalore/"
https://www.instahyre.com/job-434279-senior-product-manager-at-scifin-bangalore/,2026-10-05,,SciFin,Senior Product Manager,"India, India",,link,Hiring Manager,Product Recruiter,90,Fresh,q_wide_01,Senior / All,False,"Senior Product Manager opening at SciFin (India, India). Direct application link: https://www.instahyre.com/job-434279-senior-product-manager-at-scifin-bangalore/"
https://www.instahyre.com/job-210609-senior-product-manager-at-reliance-jio-bangalore/,2026-10-05,,Reliance Jio,Senior Product Manager,"India, India",,link,Hiring Manager,Product Recruiter,90,Fresh,q_wide_01,Senior / All,False,"Senior Product Manager opening at Reliance Jio (India, India). Direct application link: https://www.instahyre.com/job-210609-senior-product-manager-at-reliance-jio-bangalore/"
https://www.instahyre.com/job-429115-senior-product-manager-at-oneshot-ai-bangalore/,2026-10-05,,OneShot AI,Senior Product Manager,"India, India",,link,Hiring Manager,Product Recruiter,90,Fresh,q_wide_01,Senior / All,False,"Senior Product Manager opening at OneShot AI (India, India). Direct application link: https://www.instahyre.com/job-429115-senior-product-manager-at-oneshot-ai-bangalore/"
https://www.instahyre.com/job-445160-senior-product-manager-at-arintra-bangalore/,2026-10-05,,Arintra,Senior Product Manager,"India, India",,link,Hiring Manager,Product Recruiter,90,Fresh,q_wide_01,Senior / All,False,"Senior Product Manager opening at Arintra (India, India). Direct application link: https://www.instahyre.com/job-445160-senior-product-manager-at-arintra-bangalore/"
https://www.instahyre.com/job-436450-senior-product-manager-at-arintra-bangalore/,2026-10-05,,Arintra,Senior Product Manager,"India, India",,link,Hiring Manager,Product Recruiter,90,Fresh,q_wide_01,Senior / All,False,"Senior Product Manager opening at Arintra (India, India). Direct application link: https://www.instahyre.com/job-436450-senior-product-manager-at-arintra-bangalore/"
https://www.instahyre.com/job-444953-senior-product-manager-at-arintra-bangalore/,2026-10-05,,Arintra,Senior Product Manager,"India, India",,link,Hiring Manager,Product Recruiter,90,Fresh,q_wide_01,Senior / All,False,"Senior Product Manager opening at Arintra (India, India). Direct application link: https://www.instahyre.com/job-444953-senior-product-manager-at-arintra-bangalore/"
https://www.instahyre.com/job-435020-senior-product-manager-at-meta-bangalore/,2026-10-05,,Meta,Senior Product Manager,"India, India",,link,Hiring Manager,Product Recruiter,90,Fresh,q_wide_01,Senior / All,False,"Senior Product Manager opening at Meta (India, India). Direct application link: https://www.instahyre.com/job-435020-senior-product-manager-at-meta-bangalore/"
https://www.instahyre.com/job-444707-senior-product-manager-at-out-of-the-blue-delhi-gurgaon-noida/,2026-10-05,,Out of the Blue,Senior Product Manager,"India, India",,link,Hiring Manager,Product Recruiter,90,Fresh,q_wide_01,Senior / All,False,"Senior Product Manager opening at Out of the Blue (India, India). Direct application link: https://www.instahyre.com/job-444707-senior-product-manager-at-out-of-the-blue-delhi-gurgaon-noida/"
https://www.instahyre.com/job-440337-senior-product-manager-at-mudrex-bangalore/,2026-10-05,,Mudrex,Senior Product Manager,"India, India",,link,Hiring Manager,Product Recruiter,90,Fresh,q_wide_01,Senior / All,False,"Senior Product Manager opening at Mudrex (India, India). Direct application link: https://www.instahyre.com/job-440337-senior-product-manager-at-mudrex-bangalore/"
https://www.instahyre.com/job-434632-senior-product-manager-at-appsforbharat-bangalore/,2026-10-05,,AppsForBharat,Senior Product Manager,"India, India",,link,Hiring Manager,Product Recruiter,90,Fresh,q_wide_01,Senior / All,False,"Senior Product Manager opening at AppsForBharat (India, India). Direct application link: https://www.instahyre.com/job-434632-senior-product-manager-at-appsforbharat-bangalore/"
https://www.instahyre.com/job-442039-senior-product-manager-at-purplle-mumbai/,2026-10-05,,Purplle,Senior Product Manager,"India, India",,link,Hiring Manager,Product Recruiter,90,Fresh,q_wide_01,Senior / All,False,"Senior Product Manager opening at Purplle (India, India). Direct application link: https://www.instahyre.com/job-442039-senior-product-manager-at-purplle-mumbai/"
https://www.instahyre.com/job-441168-senior-product-manager-at-arintra-bangalore/,2026-10-05,,Arintra,Senior Product Manager,"India, India",,link,Hiring Manager,Product Recruiter,90,Fresh,q_wide_01,Senior / All,False,"Senior Product Manager opening at Arintra (India, India). Direct application link: https://www.instahyre.com/job-441168-senior-product-manager-at-arintra-bangalore/"
https://www.linkedin.com/jobs/view/4474240732,2026-10-05,,NielsenIQ,Senior Product Manager – Activate Promotion Effectiveness & Planning,Chennai,,link,Hiring Manager,Product Recruiter,90,Fresh,q_wide_01,Senior / All,False,Senior Product Manager – Activate Promotion Effectiveness & Planning opening at NielsenIQ (Chennai). Direct application link: https://www.linkedin.com/jobs/view/4474240732
https://www.linkedin.com/jobs/view/4444183415,2026-10-03,,Publicis Sapient,Senior Product Manager,Pune Division,,link,Hiring Manager,Product Recruiter,90,Fresh,q_wide_01,Senior / All,False,Senior Product Manager opening at Publicis Sapient (Pune Division). Direct application link: https://www.linkedin.com/jobs/view/4444183415
https://www.linkedin.com/jobs/view/4444169820,2026-10-02,,Publicis Sapient,Senior Product Manager,Chennai,,link,Hiring Manager,Product Recruiter,90,Fresh,q_wide_01,Senior / All,False,Senior Product Manager opening at Publicis Sapient (Chennai). Direct application link: https://www.linkedin.com/jobs/view/4444169820
https://www.linkedin.com/jobs/view/4473375869,2026-10-02,,HighRadius,Senior Product Manager,Hyderabad,,link,Hiring Manager,Product Recruiter,90,Fresh,q_wide_01,Senior / All,False,Senior Product Manager opening at HighRadius (Hyderabad). Direct application link: https://www.linkedin.com/jobs/view/4473375869
https://www.linkedin.com/jobs/view/4472585580,2026-10-02,,Kwalee,Senior Product Manager,Bengaluru,,link,Hiring Manager,Product Recruiter,90,Fresh,q_wide_01,Senior / All,False,Senior Product Manager opening at Kwalee (Bengaluru). Direct application link: https://www.linkedin.com/jobs/view/4472585580
https://www.linkedin.com/jobs/view/4474150277,2026-10-01,,Comviva,"Senior Product Manager, MobiLytix Design Studio",Gurgaon,,link,Hiring Manager,Product Recruiter,90,Fresh,q_wide_01,Senior / All,False,"Senior Product Manager, MobiLytix Design Studio opening at Comviva (Gurgaon). Direct application link: https://www.linkedin.com/jobs/view/4474150277"
https://www.linkedin.com/jobs/view/4452251899,2026-09-30,,eBay,Senior Product Manager II,Bengaluru,,link,Hiring Manager,Product Recruiter,90,Fresh,q_wide_01,Senior / All,False,Senior Product Manager II opening at eBay (Bengaluru). Direct application link: https://www.linkedin.com/jobs/view/4452251899
https://www.linkedin.com/jobs/view/4454704109,2026-09-30,,ICIMS,Senior Product Manager,Hyderabad,,link,Hiring Manager,Product Recruiter,90,Fresh,q_wide_01,Senior / All,False,Senior Product Manager opening at ICIMS (Hyderabad). Direct application link: https://www.linkedin.com/jobs/view/4454704109
https://www.linkedin.com/jobs/view/4471919083,2026-09-29,,Qualcomm,Senior Android SW Product Manager,Greater Hyderabad Area,,link,Hiring Manager,Product Recruiter,90,Fresh,q_wide_01,Senior / All,False,Senior Android SW Product Manager opening at Qualcomm (Greater Hyderabad Area). Direct application link: https://www.linkedin.com/jobs/view/4471919083
https://www.linkedin.com/jobs/view/4471930959,2026-09-29,,Target,Senior Product Manager - Core Data & Decision Intelligence,Bengaluru,,link,Hiring Manager,Product Recruiter,90,Fresh,q_wide_01,Senior / All,False,Senior Product Manager - Core Data & Decision Intelligence opening at Target (Bengaluru). Direct application link: https://www.linkedin.com/jobs/view/4471930959
https://www.linkedin.com/jobs/view/4471941230,2026-09-29,,Expedia Group,Senior Product Manager,Gurgaon,,link,Hiring Manager,Product Recruiter,90,Fresh,q_wide_01,Senior / All,False,Senior Product Manager opening at Expedia Group (Gurgaon). Direct application link: https://www.linkedin.com/jobs/view/4471941230
https://www.linkedin.com/jobs/view/4464330578,2026-09-28,,Cornerstone OnDemand,Senior Product Manager,Hyderabad,,link,Hiring Manager,Product Recruiter,90,Archived,q_wide_01,Senior / All,False,Senior Product Manager opening at Cornerstone OnDemand (Hyderabad). Direct application link: https://www.linkedin.com/jobs/view/4464330578
https://www.naukri.com/job-listings-senior-product-manager-iimjobs-and-hirist-info-edge-noida-4-to-6-years-051026006305,2026-10-05,,Info Edge,Senior Product Manager : iimjobs and Hirist,"Noida, India",,link,Hiring Manager,Product Recruiter,90,Fresh,q_wide_01,Senior / All,False,"Senior Product Manager : iimjobs and Hirist opening at Info Edge (Noida, India). Direct application link: https://www.naukri.com/job-listings-senior-product-manager-iimjobs-and-hirist-info-edge-noida-4-to-6-years-051026006305"
https://www.naukri.com/job-listings-senior-product-manager-platform-vzy-noida-7-to-9-years-021026012037,2026-10-02,,dishtv,Senior Product Manager - Platform,"Noida, India",,link,Hiring Manager,Product Recruiter,90,Fresh,q_wide_01,Senior / All,False,"Senior Product Manager - Platform opening at dishtv (Noida, India). Direct application link: https://www.naukri.com/job-listings-senior-product-manager-platform-vzy-noida-7-to-9-years-021026012037"
https://www.naukri.com/job-listings-senior-product-manager-arcadia-chennai-6-to-10-years-011026500251,2026-10-01,,Urjanet Energy Solutions,Senior Product Manager,"Chennai, India",,link,Hiring Manager,Product Recruiter,90,Fresh,q_wide_01,Senior / All,False,"Senior Product Manager opening at Urjanet Energy Solutions (Chennai, India). Direct application link: https://www.naukri.com/job-listings-senior-product-manager-arcadia-chennai-6-to-10-years-011026500251"
https://www.naukri.com/job-listings-senior-product-manager-couchbase-inc-bengaluru-10-to-12-years-011026501224,2026-10-01,,Couchbase,Senior Product Manager,"Bengaluru, India",,link,Hiring Manager,Product Recruiter,90,Fresh,q_wide_01,Senior / All,False,"Senior Product Manager opening at Couchbase (Bengaluru, India). Direct application link: https://www.naukri.com/job-listings-senior-product-manager-couchbase-inc-bengaluru-10-to-12-years-011026501224"
https://www.naukri.com/job-listings-senior-product-manager-nb-healthcare-technologies-hyderabad-7-to-12-years-300926024439,2026-09-30,,NB Healthcare Technologies,Senior Product Manager,"Hyderabad, India",,link,Hiring Manager,Product Recruiter,90,Fresh,q_wide_01,Senior / All,False,"Senior Product Manager opening at NB Healthcare Technologies (Hyderabad, India). Direct application link: https://www.naukri.com/job-listings-senior-product-manager-nb-healthcare-technologies-hyderabad-7-to-12-years-300926024439"
https://www.naukri.com/job-listings-senior-product-manager-core-data-decision-intelligence-target-bengaluru-5-to-10-years-300926502339,2026-09-30,,Target,Senior Product Manager - Core Data & Decision Intelligence,"Bengaluru, India",,link,Hiring Manager,Product Recruiter,90,Fresh,q_wide_01,Senior / All,False,"Senior Product Manager - Core Data & Decision Intelligence opening at Target (Bengaluru, India). Direct application link: https://www.naukri.com/job-listings-senior-product-manager-core-data-decision-intelligence-target-bengaluru-5-to-10-years-300926502339"
https://www.naukri.com/job-listings-senior-product-manager-trellix-bengaluru-7-to-17-years-290926016895,2026-09-29,,Trellix,Senior Product Manager,"Bengaluru, India",,link,Hiring Manager,Product Recruiter,90,Fresh,q_wide_01,Senior / All,False,"Senior Product Manager opening at Trellix (Bengaluru, India). Direct application link: https://www.naukri.com/job-listings-senior-product-manager-trellix-bengaluru-7-to-17-years-290926016895"
https://www.naukri.com/job-listings-senior-product-manager-rubiscape-pune-6-to-9-years-290926504418,2026-09-29,,Rubiscape,Senior Product Manager,"Pune, India",,link,Hiring Manager,Product Recruiter,90,Fresh,q_wide_01,Senior / All,False,"Senior Product Manager opening at Rubiscape (Pune, India). Direct application link: https://www.naukri.com/job-listings-senior-product-manager-rubiscape-pune-6-to-9-years-290926504418"
https://www.naukri.com/job-listings-senior-product-manager-web-merchandising-williams-sonoma-india-pvt-ltd-pune-16-to-20-years-290926503242,2026-09-29,,Williams-sonoma,Senior Product Manager - Web Merchandising,"Pune, India",,link,Hiring Manager,Product Recruiter,90,Fresh,q_wide_01,Senior / All,False,"Senior Product Manager - Web Merchandising opening at Williams-sonoma (Pune, India). Direct application link: https://www.naukri.com/job-listings-senior-product-manager-web-merchandising-williams-sonoma-india-pvt-ltd-pune-16-to-20-years-290926503242"
https://www.naukri.com/job-listings-senior-product-manager-futurecom-technologies-noida-5-to-10-years-250826012352,2026-09-28,,Futurecom Technologies,Senior Product Manager,"Noida, India",,link,Hiring Manager,Product Recruiter,90,Archived,q_wide_01,Senior / All,False,"Senior Product Manager opening at Futurecom Technologies (Noida, India). Direct application link: https://www.naukri.com/job-listings-senior-product-manager-futurecom-technologies-noida-5-to-10-years-250826012352"
https://www.naukri.com/job-listings-senior-product-manager-informa-connect-bengaluru-5-to-9-years-280926501066,2026-09-28,,Informa Connect,Senior Product Manager,"Bengaluru, India",,link,Hiring Manager,Product Recruiter,90,Archived,q_wide_01,Senior / All,False,"Senior Product Manager opening at Informa Connect (Bengaluru, India). Direct application link: https://www.naukri.com/job-listings-senior-product-manager-informa-connect-bengaluru-5-to-9-years-280926501066"
https://www.naukri.com/job-listings-senior-product-manager-taylor-and-francis-group-bengaluru-11-to-14-years-280926501050,2026-09-28,,Taylor & Francis,Senior Product Manager,"Bengaluru, India",,link,Hiring Manager,Product Recruiter,90,Archived,q_wide_01,Senior / All,False,"Senior Product Manager opening at Taylor & Francis (Bengaluru, India). Direct application link: https://www.naukri.com/job-listings-senior-product-manager-taylor-and-francis-group-bengaluru-11-to-14-years-280926501050"
https://www.naukri.com/job-listings-senior-product-manager-lead-product-manager-data-science-optum-global-solutions-india-private-limited-hyderabad-9-to-14-years-280926929175,2026-09-28,,Optum,Senior Product Manager/Lead Product Manager - Data Science,"Hyderabad, India",,link,Hiring Manager,Product Recruiter,90,Archived,q_wide_01,Senior / All,False,"Senior Product Manager/Lead Product Manager - Data Science opening at Optum (Hyderabad, India). Direct application link: https://www.naukri.com/job-listings-senior-product-manager-lead-product-manager-data-science-optum-global-solutions-india-private-limited-hyderabad-9-to-14-years-280926929175"
https://www.linkedin.com/jobs/view/4444189205,2026-10-03,,Publicis Sapient,Senior Product Manager,Bengaluru,,link,Hiring Manager,Product Recruiter,90,Fresh,q_wide_01,Senior / All,False,Senior Product Manager opening at Publicis Sapient (Bengaluru). Direct application link: https://www.linkedin.com/jobs/view/4444189205
https://in.indeed.com/viewjob?jk=1069220492c33b54,2026-09-30,,Cvent,Senior Product Manager (Integrations),"HR, IN",recruitingindia@cvent.com,email,Hiring Manager,Product Recruiter,90,Fresh,q_wide_01,Senior / All,True,"Overview:

Cvent is a leading meetings, events, and hospitality technology provider with more than 5,000+ employees and 24,000+ customers worldwide, including 60% of the Fortune 500. Founded in 1999, Cvent delivers a comprehensive event marketing and management platform for marketers and event professionals and offers software solutions to hotels, special event venues and destinations to help them grow their group/MICE and corporate travel business. Our technology brings millions of people together at events around the world. In short, we’re transforming the meetings and events industry through innovative technology that powers the human connection.

Cvent's strength lies in its people, fostering a culture where everyone is encouraged to think like entrepreneurs, taking risks and making decisions confidently. We value diverse perspectives and celebrate differences, working together with colleagues and clients to build strong connections.

**AI at Cvent: Leading the Future**

Are you ready to shape the future of work at the intersection of human expertise and AI innovation? At Cvent, we’re committed to continuous learning and adaptation—AI isn’t just a tool for us, it’s part of our DNA. We’re looking for candidates who are eager to evolve alongside technology. If you love to experiment boldly, share your discoveries, and help define best practices for AI-augmented work, you’ll thrive here. Our team values professionals who thoughtfully integrate AI into their daily work, delivering exceptional results while relying on the human judgment and creativity that drive real innovation.

Throughout our interview process, you’ll have the chance to demonstrate how you use AI to learn, iterate, and amplify your impact. If you’re excited to be part of a team that’s leading the way in AI-powered collaboration, we’d love to meet you.

***Recruitment Scam Notice:*** *Beware of recruitment scams. Legitimate Cvent recruiting communications will come from accounts formatted as “name@cvent.com” email address. Cvent will never request payment or ask for sensitive personal or financial information through chat or social media platforms. Cvent is not responsible for losses or damages arising from communications, payments, or disclosures made to third parties impersonating Cvent.*

*If you believe a communication may be fraudulent, we strongly recommend that you don't respond and report the incident at recruitingindia@cvent.com.*

*For more information, visit Cvent’s Recruitment Fraud Notice.* *https://www.cvent.com/en/notice-recruitment-fraud**.*

In This Role, You Will::

* Develop an in-depth understanding of the business, products, including its goals and challenges, as well as a comprehensive knowledge of the customers and users of the platform. This involves analyzing their needs, behaviors, and pain points to ensure the product aligns with their expectations and delivers meaningful value.
* Collaborate regularly with product managers on the future roadmap, including integration initiatives and the SFDC roadmap. Brainstorm new ideas and prioritize features to ensure the backlog remains healthy, well-organized, and aligned with business goals.
* Become a subject matter expert in your product domain, possessing in-depth knowledge and insights that make you the primary point of contact for internal teams seeking guidance and collaboration.
* Develop detailed product specifications that begin by clearly articulating the “why” - the core purpose and value behind the product, feature, or enhancements. These specifications should be thorough in addressing all necessary aspects yet written in a clear and concise manner to ensure they are easily understood by all stakeholders.
* Write comprehensive user stories with detailed acceptance criteria that address all functional and non-functional aspects of the product, including security, data compliance, and other essential requirements.
* Work closely with engineering, design (UX/UI), and other stakeholders to define product requirements and user stories.
* Lead end-to-end product development process, from concept and design to development, testing, launch and ensuring timely and high-quality delivery.
* Lead PI (Program Increment) planning and actively participate in key SCRUM ceremonies, including daily standups, backlog refinement, sprint planning, and product demos.
* Should possess a solid grasp of technology platforms, integrations, and system design to collaborate effectively with engineering partners.
* Leverage the power of analytics and data-driven intelligence to assess product performance, user behavior analysis, gather customer feedback, and insights from multiple channels, and make data-informed decisions which enables you to drive excellence through iteration, improvement, and refinement.
* Monitor and analyze key performance indicators (KPIs) and metrics to gauge the effectiveness, adoption, and product outcome.
* Share and present regular updates on the product roadmap and progress to leaders and stakeholders. Clearly highlight any potential risks and outline a plan to address them, ensuring everyone is informed and aligned on the path forward.
* Contribute to a culture of creativity and innovation within the product management team, think outside the box, explore new ideas, and identify opportunities to make our products stand out in the market.

Here's What You Need::

* Minimum 10-15 years of career experience with at least 7 years of product management (PO/PM) experience in technology products.
* Strong product sense with an ability to articulate problems and envision solution
* Strong understanding of technology and software development processes, with the ability to communicate effectively with technical teams.
* Inquisitive mindset with excellent analytical, problem-solving, and decision-making skills.
* Experience defining, launching, and evolving APIs and integrations at scale; clear understanding of API fundamentals (e.g., REST/GraphQL, authentication/authorization, versioning, pagination, idempotency, error handling, and rate limiting).
* Advocate and embed an AI-first mindset, integrating AI capabilities where they create strategic advantage, improve efficiency, or unlock new customer value.
* Proven ability to work hands-on with engineering and architecture teams; comfortable reading API specs, discussing system design, and making tradeoffs across performance, scalability, and cost.
* Ability to manage competing and evolving priorities in a fast-paced environment.
* Ability to handle complex situations, conversations and navigate ambiguity.
* Exceptional interpersonal skills, with the ability to influence, partner and build relationships across all levels of the organization.
* Strong written and verbal communication skills with an ability to communicate directly and clearly.
* Demonstrated experience working on at least one integration project, from discovery through delivery and measurement.

LinkedIn Remote Type: #LI-Hybrid Indeed Remote Type: N/A"
https://in.indeed.com/viewjob?jk=1ad69a3fca5bfa9c,2026-09-29,,Expedia Group,Senior Product Manager,"HR, IN",,DM,Hiring Manager,Product Recruiter,90,Fresh,q_wide_01,Senior / All,False,"At Expedia Group, we help travelers explore the world, one journey at a time. As a global travel company powered by passionate people, trusted partnerships, and leading technology, we connect travelers, partners, and advertisers through our consumer brands, B2B network, and travel advertising business.

  

Here, you'll do meaningful work that helps millions of people discover, book, and experience travel with more ease, confidence, and joy. Our five Behaviors-Traveler First, Think Big, Operate with Excellence, Ownership Mindset, and Succeed Together-help foster a supportive environment where people can grow their careers and have the flexibility, benefits, and support to do their best work. Join us and build for travelers everywhere.

**Senior Product Manager, Orders & Reservations**

**About the Team**  
Orders & Reservations sits at the center of Expedia Group's commerce platform — the system of record for every booking and the servicing backbone from purchase through cancellation, change, or refund. The platform supports global B2C travelers, B2B partners, and internal finance and analytics consumers across every line of business and brand.
  
  
**What You Will Do (Roles & Responsibilities)**

As a Senior Product Manager, you will help improve the Book-to-Serve journey by optimizing purchase, booking, and payment success while reducing Failed Customer Interactions through better validation, orchestration, retry, guidance, and intelligent routing. Specifically, you will:

  

* Own the end-to-end product vision, strategy, and roadmap for order management and reservations, translating business and technical goals into measurable outcomes for a highly scalable, business-critical platform
* Partner closely with engineering and architecture teams to design and evolve APIs, distributed systems, and cloud-based integrations that improve orchestration, retry logic, and intelligent routing across the transaction lifecycle
* Drive down Failed Customer Interactions by leading incident learnings, root-cause analysis, defect reduction, and monitoring/alerting improvements in partnership with operations and support teams
* Lead cross-functional delivery across product, engineering, design, analytics, finance, and risk — writing clear PRDs, prioritization frameworks, and delivery plans, and building alignment through executive updates and trade-off discussions
* Explore and apply AI/ML, LLMs, and intelligent automation (e.g., anomaly detection, synthetic monitoring, agent-assisted operations) to proactively catch and prevent booking, payment, and servicing failures
Use data, dashboards, and experimentation to continuously track purchase, booking, and payment success rates, identifying friction points across the Shop-to-Book-to-Serve journey and prioritizing fixes accordingly  

**Minimum Qualifications**

  

* Min 7+ years of product management experience owning complex, platform-oriented products across booking, orders, reservations, payments, servicing, or transaction lifecycle
* Strong understanding of commerce/booking journeys — supply, payment authorization, fraud, confirmation, cancellations, refunds, and post-booking servicing
* Proven ability to define product vision, strategy, and roadmaps that drive measurable improvements in success, reliability, and cost metrics for large-scale systems
* Strong technical fluency (APIs, distributed systems, data platforms, cloud architectures) and ability to partner effectively with engineering
* Demonstrated cross-functional leadership and stakeholder communication skills, including executive updates and influence without direct authority
Strong analytical rigor — using data, experimentation, and root-cause analysis to guide decisions and reduce Failed Customer Interactions  

**Preferred Qualifications**

  

* Experience with order management systems, reservation platforms, travel/hospitality commerce, marketplaces, or other high-volume transactional products
* Familiarity with booking and servicing metrics — Purchase Success Rate, Booking Success Rate, Payment Success Rate, authorization success, cancellation rates, refund completion, contact/failure rates
* Experience integrating with suppliers, payment providers, fraud systems, customer-support tools, finance platforms, or external B2B partners
* Experience building or scaling self-service servicing capabilities for cancellations, changes, refunds, and trip management
* Experience driving platform cost optimization, telemetry efficiency, cloud economics, or governance programs
* Software engineering, systems architecture, or computer science background, with ability to engage deeply in technical design discussions
* Experience operating products globally across multiple brands, lines of business, markets, currencies, regulatory environments, or customer segments
* MBA or equivalent business education; technical degree or equivalent technical experience
Experience in a fast-paced environment balancing customer value, commercial outcomes, platform health, and delivery constraints  

  

**Accommodation requests**

Expedia Group is committed to providing an inclusive and accessible recruiting experience. If you need an accommodation or adjustment due to a disability during the application or recruiting process, please submit a request at https://expedia.service-now.com/askeg?id=job\_accommodation .

  

**About Expedia Group**

Expedia Group includes three flagship consumer brands - Expedia, Hotels.com, and Vrbo - along with a leading B2B travel business and travel advertising offerings. Across our brands and business, we help travelers explore the world with confidence and ease.

  

**Important notice**

Employment opportunities and job offers at Expedia Group will always come from Expedia Group's Talent Acquisition and hiring teams. Never share sensitive personal information unless you are confident of the recipient. Expedia Group does not extend job offers via email or messaging tools to individuals with whom we have not made prior contact. Our email domain is @expediagroup.com. The official place to find and apply for roles is https://careers.expediagroup.com/jobs/ .

  

**Equal Opportunity**

Expedia is committed to creating an inclusive work environment with a diverse workforce. All qualified applicants will receive consideration for employment without regard to race, religion, gender, sexual orientation, national origin, disability or age."
https://in.indeed.com/viewjob?jk=b75ebdd2d4d740ab,2026-09-28,,Optum,Senior Technical Product Manager - Healthcare and AI,"UP, IN",,DM,Hiring Manager,Product Recruiter,90,Archived,q_wide_01,Senior / All,False,"Optum is a global organization that delivers care, aided by technology to help millions of people live healthier lives. The work you do with our team will directly improve health outcomes by connecting people with the care, pharmacy benefits, data and resources they need to feel their best. Here, you will find a culture guided by inclusion, talented peers, comprehensive benefits and career development opportunities. Come make an impact on the communities we serve as you help us advance health optimization on a global scale. Join us to start **Caring. Connecting. Growing together.**

We are seeking an experienced and execution-focused AI Product Manager to lead the end-to-end delivery of Agentic AI solutions from strategy through implementation. This role sits at the intersection of Product, Engineering, Program Management, and Business stakeholders, driving the successful development and deployment of AI-powered agents and intelligent automation platforms.

The ideal candidate combines strong product management skills with a technical understanding of AI/ML technologies, agentic architecture, orchestration frameworks, and enterprise software delivery. You will own the product roadmap, PI planning, delivery execution, dependency management, and cross-functional alignment to ensure successful realization of strategic AI initiatives.

**Primary Responsibilities:**

* Product Strategy & Roadmap
  + Define and own the Agentic AI roadmap, and execution plans
  + Translate business objectives into scalable AI product capabilities and technical requirements
  + Drive prioritization of features, capabilities, and technical investments across multiple workstreams
  + Partners with leadership teams to identify opportunities to leverage Agentic AI for productivity, automation, and business transformation
  + Establish product success metrics, KPIs, and adoption measures
* End-to-End Agentic AI Delivery
  + Lead end-to-end implementation of Agentic AI solutions, from ideation and planning through deployment and operationalization
  + Drive execution across AI, engineering, platform, infrastructure, security, and business teams
  + Manage delivery milestones, implementation schedules, and release plans
  + Ensure alignment between business requirements, technical architecture, and execution priorities
  + Oversee solution readiness, launch planning, and adoption strategies
* Engineering Collaboration
  + Partner closely with Engineering, Data Science, Architecture, and Platform teams to execute product roadmaps
  + Translate complex technical concepts into actionable product requirements and user stories
  + Support design and implementation of AI agents, orchestration workflows, integrations, and automation capabilities
  + Participate in architecture reviews, technical planning, and solution design discussions
  + Drive trade-off decisions balancing customer needs, technical feasibility, timelines, and risks
* Program & Release Management
  + Lead Program Increment (PI) Planning and cross-team execution activities
  + Coordinate with Project and Program Managers to build detailed project plans, track milestones, and manage dependencies
  + Establish governance mechanisms to monitor delivery progress and stakeholder commitments
  + Identify, escalate, and resolve cross-functional blockers and risks
  + Drive executive-level reporting and communication on roadmap progress and delivery status
* Stakeholder Management
  + Collaborate with Product, Engineering, Operations, Security, Compliance, Business, and Executive Stakeholders
  + Facilitate alignment across multiple teams and organizations
  + Serve as the primary point of contact for AI product delivery initiatives
  + Present roadmap updates, implementation status, and strategic recommendations to senior leadership
* AI Innovation & Governance
  + Stay current with emerging Agentic AI technologies, frameworks, and industry trends
  + Evaluate and recommend AI platforms, LLMs, orchestration frameworks, and tooling
  + Ensure adherence to responsible AI, security, privacy, and governance standards
  + Support AI adoption and change management initiatives across the organization
  
* Comply with all applicable Company policies, procedures, and business directives, changes including those relating to work location, team assignments, work schedules, and flexible work arrangements

**Required Qualifications:**

* Bachelor's degree in engineering, Computer Science, Information Technology, or related technical discipline
* 8+ years of Product Management, Technical Product Management, or related experience
* Experience leading enterprise-scale technology implementations
* Experience managing cross-functional delivery across Product, Engineering, and Business teams
* Experience owning product roadmaps, release planning, and execution governance
* Hands-on exposure to AI/ML products, Generative AI, or Agentic AI solutions

**Preferred Qualification:**

* MBA or master's degree

*At UnitedHealth Group, our mission is to help people live healthier lives and make the health system work better for everyone. We believe everyone-of every race, gender, sexuality, age, location and income-deserves the opportunity to live their healthiest life. Today, however, there are still far too many barriers to good health which are disproportionately experienced by people of color, historically marginalized groups and those with lower incomes. We are committed to mitigating our impact on the environment and enabling and delivering equitable care that addresses health disparities and improves health outcomes - an enterprise priority reflected in our mission.*"
https://www.instahyre.com/job-408612-senior-product-manager-at-zluri-bangalore/,2026-10-05,,Zluri,Senior Product Manager,"India, India",,link,Hiring Manager,Product Recruiter,90,Fresh,q_wide_01,Senior / All,False,"Senior Product Manager opening at Zluri (India, India). Direct application link: https://www.instahyre.com/job-408612-senior-product-manager-at-zluri-bangalore/"
https://www.linkedin.com/jobs/view/4447165448,2026-10-04,,Zinnia,Senior Product Manager (Technical) - Case Management,"Noida, Uttar Pradesh, India",,link,Hiring Manager,Product Recruiter,90,Fresh,q_wide_01,Senior / All,False,"Senior Product Manager (Technical) - Case Management opening at Zinnia (Noida, Uttar Pradesh, India). Direct application link: https://www.linkedin.com/jobs/view/4447165448"
https://www.linkedin.com/jobs/view/4444183414,2026-10-02,,Publicis Sapient,Senior Product Manager,Gurgaon,,link,Hiring Manager,Product Recruiter,90,Fresh,q_wide_01,Senior / All,False,Senior Product Manager opening at Publicis Sapient (Gurgaon). Direct application link: https://www.linkedin.com/jobs/view/4444183414
https://www.linkedin.com/jobs/view/4474598752,2026-10-02,,CarDekho Group,Lead Product Manager - Experience,Gurugram,,link,Hiring Manager,Product Recruiter,90,Fresh,q_wide_01,Senior / All,False,Lead Product Manager - Experience opening at CarDekho Group (Gurugram). Direct application link: https://www.linkedin.com/jobs/view/4474598752
https://www.linkedin.com/jobs/view/4474140487,2026-10-01,,Comviva,Senior Product Manager,Gurugram,,link,Hiring Manager,Product Recruiter,90,Fresh,q_wide_01,Senior / All,False,Senior Product Manager opening at Comviva (Gurugram). Direct application link: https://www.linkedin.com/jobs/view/4474140487
https://www.linkedin.com/jobs/view/4473546407,2026-09-29,,Optum India,Senior Technical Product Manager - Healthcare and AI,"Noida, Uttar Pradesh, India",,link,Hiring Manager,Product Recruiter,90,Fresh,q_wide_01,Senior / All,False,"Senior Technical Product Manager - Healthcare and AI opening at Optum India (Noida, Uttar Pradesh, India). Direct application link: https://www.linkedin.com/jobs/view/4473546407"
https://www.linkedin.com/jobs/view/4455310918,2026-09-28,,Payoneer,Senior Product Manager – MCP/API Platform,Gurugram,,link,Hiring Manager,Product Recruiter,90,Archived,q_wide_01,Senior / All,False,Senior Product Manager – MCP/API Platform opening at Payoneer (Gurugram). Direct application link: https://www.linkedin.com/jobs/view/4455310918
https://in.indeed.com/viewjob?jk=682d3d2018bd2b85,2026-09-28,,DBS Bank,"Senior Associate,Segment Product Manager,Consumer Banking Group","MH, IN",,link,Hiring Manager,Product Recruiter,90,Archived,q_wide_01,0-2y,False,"**Role Overview**

The Segment Manager for DBS Treasures plays a pivotal role in driving the growth, profitability, and service excellence of the affluent client segment. This position requires a strategic thinker who is adept at managing complex financial metrics, driving frontline productivity, and implementing data-driven insights to enhance channel efficiency and client experience.

**Key Responsibilities**

* **Driving RM Productivity:** Lead initiatives to optimize Relationship Manager (RM) performance across key sales and service metrics. Monitor and analyze performance data to identify areas for improvement and implement targeted coaching or process enhancements.
* **P&L Management:** Oversee and manage P&L metrics for the Treasures segment, ensuring business targets are met through effective resource allocation and strategic planning.
* **Frontline Engagement:** Act as a key liaison between management and the frontline team. Proactively engage with RMs and service staff to communicate strategy, address operational challenges, and ensure alignment on key performance indicators.
* **Strategic Segmentation:** Manage the end-to-end customer segmentation process, including the strategic execution of upgrades and downgrades to ensure the client base is appropriately serviced and aligned with segment value propositions.
* **Channel Efficiency:** Utilize data analytics to create actionable insights that drive overall channel efficiency. Develop and execute strategies to streamline operations and enhance the delivery of the Treasures service model.

**Requirements**

* **Domain Expertise:** Deep understanding of the affluent banking segment, including client needs, investment products, and service expectations.
* **Analytical Rigor:** Proven ability to analyze complex financial data, generate actionable insights, and translate them into strategic business decisions.
* **Stakeholder Management:** Excellent communication and interpersonal skills, with a track record of effectively influencing and collaborating with frontline teams and senior leadership.
* **Operational Excellence:** Strong project management skills, with the ability to manage multiple priorities in a fast-paced, formal banking environment.
* **Education:** A degree in Finance, Business, Economics, or a related field. Professional certifications (e.g., CFA, CFP) are highly advantageous.

**Location:**

Mumbai

**Job:**

Product Management

**Schedule:**

Regular

**Employee Status:**

Full time"
https://www.linkedin.com/jobs/view/4466055907,2026-10-03,,Johnson & Johnson MedTech,Senior Product Manager,Mumbai Metropolitan Region,,link,Hiring Manager,Product Recruiter,90,Fresh,q_wide_01,Senior / All,False,Senior Product Manager opening at Johnson & Johnson MedTech (Mumbai Metropolitan Region). Direct application link: https://www.linkedin.com/jobs/view/4466055907
https://www.linkedin.com/jobs/view/4462801108,2026-10-03,,Pepper,Product Lead - AI,Mumbai,,link,Hiring Manager,Product Recruiter,90,Fresh,q_wide_01,Senior / All,False,Product Lead - AI opening at Pepper (Mumbai). Direct application link: https://www.linkedin.com/jobs/view/4462801108
https://www.linkedin.com/jobs/view/4463912129,2026-10-02,,Kroll,Lead Product Owner,Mumbai Metropolitan Region,,link,Hiring Manager,Product Recruiter,90,Fresh,q_wide_01,Senior / All,False,Lead Product Owner opening at Kroll (Mumbai Metropolitan Region). Direct application link: https://www.linkedin.com/jobs/view/4463912129
https://www.linkedin.com/jobs/view/4472522300,2026-10-01,,Menarini Asia-Pacific,Senior Product Manager – Dermatology,Mumbai,,link,Hiring Manager,Product Recruiter,90,Fresh,q_wide_01,Senior / All,False,Senior Product Manager – Dermatology opening at Menarini Asia-Pacific (Mumbai). Direct application link: https://www.linkedin.com/jobs/view/4472522300
https://www.linkedin.com/jobs/view/4472301435,2026-09-30,,IDFC FIRST Bank,Senior Product Manager - Unnati MBL,Mumbai,,link,Hiring Manager,Product Recruiter,90,Fresh,q_wide_01,Senior / All,False,Senior Product Manager - Unnati MBL opening at IDFC FIRST Bank (Mumbai). Direct application link: https://www.linkedin.com/jobs/view/4472301435
https://www.linkedin.com/jobs/view/4431837897,2026-09-30,,Commvault,Senior Product Manager - SaaS Applications Protection & Cyber Recovery,Mumbai,,link,Hiring Manager,Product Recruiter,90,Fresh,q_wide_01,Senior / All,False,Senior Product Manager - SaaS Applications Protection & Cyber Recovery opening at Commvault (Mumbai). Direct application link: https://www.linkedin.com/jobs/view/4431837897
https://www.linkedin.com/jobs/view/4471298815,2026-09-29,,SumCircle Technologies Private Limited,Product Lead – AI Products & Solutions (CME),Mumbai,,link,Hiring Manager,Product Recruiter,90,Fresh,q_wide_01,Senior / All,False,Product Lead – AI Products & Solutions (CME) opening at SumCircle Technologies Private Limited (Mumbai). Direct application link: https://www.linkedin.com/jobs/view/4471298815
https://www.glassdoor.co.in/job-listing/j?jl=1010281824243,2026-10-02,,"Ensemble Health Partners India, Pvt Ltd",Lead Product Manager,Hyderābād,,link,Hiring Manager,Product Recruiter,90,Fresh,q_wide_01,Senior / All,False,"Lead Product Manager opening at Ensemble Health Partners India, Pvt Ltd (Hyderābād). Direct application link: https://www.glassdoor.co.in/job-listing/j?jl=1010281824243"
https://www.naukri.com/job-listings-senior-technical-product-manager-for-revenue-cycle-management-optum-global-solutions-india-private-limited-hyderabad-8-to-13-years-290926937163,2026-09-29,,Optum,Senior Technical Product Manager For Revenue Cycle Management,"Hyderabad, India",,link,Hiring Manager,Product Recruiter,90,Fresh,q_wide_01,Senior / All,False,"Senior Technical Product Manager For Revenue Cycle Management opening at Optum (Hyderabad, India). Direct application link: https://www.naukri.com/job-listings-senior-technical-product-manager-for-revenue-cycle-management-optum-global-solutions-india-private-limited-hyderabad-8-to-13-years-290926937163"
https://www.glassdoor.co.in/job-listing/j?jl=1010281724206,2026-10-02,,Broadridge Financial Solutions,Product Lead - AI,Bengaluru,,link,Hiring Manager,Product Recruiter,90,Fresh,q_wide_01,Senior / All,False,Product Lead - AI opening at Broadridge Financial Solutions (Bengaluru). Direct application link: https://www.glassdoor.co.in/job-listing/j?jl=1010281724206
https://www.glassdoor.co.in/job-listing/j?jl=1010279453535,2026-10-01,,Revantage Global Services India Private Limited,"Senior Product Owner, Workday HCM & Onboarding",Bengaluru,,link,Hiring Manager,Product Recruiter,90,Fresh,q_wide_01,Senior / All,False,"Senior Product Owner, Workday HCM & Onboarding opening at Revantage Global Services India Private Limited (Bengaluru). Direct application link: https://www.glassdoor.co.in/job-listing/j?jl=1010279453535"
https://in.indeed.com/viewjob?jk=ab51d4d27225926d,2026-10-01,,Broadridge,Product Lead - AI,"KA, IN",,DM,Hiring Manager,Product Recruiter,90,Fresh,q_wide_01,Senior / All,False,"At Broadridge, we've built a culture where the highest goal is to empower others to accomplish more. If you’re passionate about developing your career, while helping others along the way, come join the Broadridge team.

**Key Responsibilities**

* **Oversight** **& Best Practices:** Optimize product management processes, employing AI where possible and proactively identify areas for standardization and improved efficiency (e.g. Service Descriptions), document and implement.
* **Roadmap Support**: Oversee process for product managers in developing and managing roadmaps; coordinating feedback for process improvements, and preparing client and senior management-ready roadmap views near on-demand.
* **Governance Coordination**: Support execution of annual **Wealth Investment Governance Board** by defining and coordinating PM driven templates, supporting content creation, execute logistics and run of show and following up on actions.
* **Strategic Support**: Opportunity to contribute to ad hoc strategic client or internal projects and initiatives as directed by Senior Management, such as documentation and coordination across product for Strat Planning, Growth Day and Client Sales Opportunities.
* **AI:** Assist teams in utilizing BR AI tools to capture valuable product insights that support their strategies and client adoption. Contributing to and supporting the Wealth AI task force, and ideating on new innovations to support the COE and managing reporting and metrics.

**What Success Looks Like:**

  

* Implemented Service Description workflow and attestation process, including coordinated legal updates and tracking of common elements.
* Ability to produce on-demand roadmaps by product or Wealth overall as required both from clients and internally
* Efficiently executed internal events that impact and advance our strategic Wealth initiatives, providing clear actions and follow ups with stakeholders and clients.
* Become a Go-To Product COE expert in support of our Product teams, ensuring their success in delivering high quality roadmaps, ideas and processes.
* Delivery of well documented processes and best practices available to all associates, maintained and updated consistently
* AI driven process ideation and implementation of our product management process, creating efficiencies and best practices adopted across the COE.

We are dedicated to fostering a collaborative, engaging, and inclusive environment and are committed to providing a workplace that empowers associates to be authentic and bring their best to work. We believe that associates do their best when they feel safe, understood, and valued, and we work diligently and collaboratively to ensure Broadridge is a company—and ultimately a community—that recognizes and celebrates everyone’s unique perspective.

**Use of AI in Hiring**

As part of the recruiting process, Broadridge may use technology, including artificial intelligence (AI)-based tools, to help review and evaluate applications. These tools are used only to support our recruiters and hiring managers, and all employment decisions include human review to ensure fairness, accuracy, and compliance with applicable laws. Please note that honesty and transparency are critical to our hiring process. Any attempt to falsify, misrepresent, or disguise information in an application, resume, assessment, or interview will result in disqualification from consideration."
https://in.indeed.com/viewjob?jk=c5998d44d1adf1ce,2026-09-30,,nan,"Senior Product Owner, Workday HCM & Onboarding","KA, IN",TalentAcquisitionIndia@revantage.com,email,Hiring Manager,Product Recruiter,90,Fresh,q_wide_01,Senior / All,True,"**Position Overview**  
  
The **Senior Product Owner** is an experienced, functionally deep Workday professional who owns one or more Workday modules end-to-end on behalf of Revantage and its PortCos. This is not a passive coordination role — it is an active, hands-on domain mastery role. You are the subject-matter expert, the decision-maker, the stakeholder champion, and the product strategist for your assigned module(s). You will work across a complex multi-PortCo environment, running user forums, managing the release roadmap, driving adoption, and continuously finding ways to extract more value from the platform.  
  
This role is specifically focused on Core HCM, Onboarding & Security. Additional module expertise is a plus. This role has a defined growth path: as the team matures, the Product Owner will take on line management responsibility for an Associate Product Owner, growing into a player-manager who both delivers and develops.  
  
**Key Responsibilities**  
  
**Domain Ownership & Functional Mastery**

  

* Own your assigned Workday module(s): Core HCM, Security and Onbaording end-to-end — from strategy and design through configuration, testing, deployment, and ongoing optimization.
* Develop and maintain deep functional expertise in your domain(s), staying current with Workday product updates, roadmap changes, and community best practices.
* Serve as the primary point of contact and escalation resource for your module area across all PortCos.
* Maintain comprehensive knowledge of how your module(s) interact with upstream and downstream systems and processes — and design solutions with those dependencies in mind.
* Think beyond Workday: identify complementary or supplementary technologies that could enhance capability in your domain — whether that is AI-powered tools, third-party integrations, or adjacent platforms.

**PortCo Engagement & Stakeholder Management**

  

* Build and maintain strong relationships with HR leaders, operations teams, and business stakeholders across multiple PortCos.
* Act as a trusted advisor — understanding each PortCo's unique workforce model, business context, and HR priorities.
* Run structured Product Owner forums, working groups, and user communities to surface requirements, share updates, and drive alignment.
* Manage competing priorities across PortCos with transparency — communicating trade-offs, timelines, and decisions clearly to all stakeholders.
* Facilitate requirements workshops and design sessions, translating business needs into clear, actionable Workday solutions.

**Roadmap & Release Ownership**

  

* Own and maintain the product roadmap for your module(s) — balancing strategic enhancements, PortCo-driven requirements, bug fixes, and Workday release adoption.
* Evaluate every Workday bi-annual release for impact and opportunity within your domain — leading opt-in decisions, testing, and rollout planning.
* Prioritize the backlog in collaboration with stakeholders, the Functional Architect, and People Technology leadership.
* Ensure all enhancements are delivered with appropriate change management, training, and communications to end users and HR teams.
* Track and report on the delivery and benefit realization of roadmap initiatives.

**Hands-On Delivery**

  

* Remain hands-on with Workday configuration in your module area — able to review, validate, and contribute to configuration work alongside the Associate Product Owner.
* Lead user acceptance testing (UAT) for enhancements and releases within your domain.
* Review and approve design documents, configuration specifications, and test plans before deployment.
* Support the Associate Product Owner(s) in day-to-day delivery, providing guidance, review, and quality oversight.

**Ecosystem & Innovation Thinking**

  

* Continuously evaluate the HR technology landscape for innovations relevant to your module area — e.g., AI in recruiting, manager effectiveness tools, payroll analytics.
* Propose and build the business case for technology enhancements or new tool adoption where Workday alone does not fully meet business needs.
* Collaborate with vendors (Workday, Paradox, HiredScore, Peakon, etc.) to stay ahead of product developments and advocate for Revantage's priorities.

**Team Development**

  

* In the near term, work closely with and provide functional guidance to the Associate Product Owner(s) aligned to your module area.
* As the team grows, take on formal line management responsibility for your Associate Product Owner — supporting their development, performance, and career growth.

**Required Qualifications**

  

* 5+ years of Workday functional experience with deep, hands-on expertise in at least two Workday modules.
* Demonstrated experience owning a Workday module in a production environment — including enhancements, releases, stakeholder management, and roadmap ownership.
* Experience working in a multi-entity, multi-PortCo, or shared-services HR technology model.
* Strong understanding of Workday business process configuration, security roles, reporting, and calculated fields.
* Proven ability to engage and influence senior HR stakeholders without direct authority.
* Experience running forums, steering committees, or user communities across a distributed stakeholder base.
* Global Workday implementation or support experience — able to navigate multi-jurisdiction complexity.
* Excellent written and verbal communication skills — able to translate technical concepts for business audiences and vice versa.

**Module-specific Experience (by Role)**  
  
Depending on the specific Product Owner role, candidates should bring deep expertise in one or more of the following clusters:

  

* Core HCM, Onboarding & Workday Help: Org design, job architecture, business process configuration, worker data, Workday Help case management.
* Compensation & Advanced Compensation: Salary structures, merit and bonus plans, compensation cycles, equity, allowances, and global pay practices.
* Recruiting, Paradox & HiredScore: Recruiting business processes, offer management, candidate experience, AI screening tools, and sourcing integrations.
* Talent & Learning: Performance reviews, goal management, succession planning, learning campaigns, content management, and skills framework.
* US Benefits & US Payroll: Open enrollment, benefit plans, ACA compliance, payroll processing, tax configuration, and off-cycle runs.
* People Analytics & Peakon: Workday Prism Analytics, dashboards, engagement survey design, action planning, and People Analytics storytelling.

**Preferred Qualifications**

  

* Workday Pro certification in one or more relevant modules.
* Experience with third-party HR technology integrations and vendor management.
* Exposure to change management methodologies and communication planning.
* Prior experience in private equity, financial services, or multi-company real estate environments.
* Familiarity with Agile or product management frameworks (backlog management, sprint planning, road mapping tools).

**About Revantage**  
  
Revantage is a Blackstone portfolio company and a leading provider of corporate services across Blackstone's Real Estate portfolio. Headquartered in Chicago, Revantage supports a diverse and complex ecosystem of portfolio companies (PortCos) spanning residential, commercial, logistics, hospitality, and life-sciences real estate globally — across North America, Europe, and Asia-Pacific.  
  
Our People Technology team sits at the centre of this multi-entity, multi-jurisdictional operating model. We run a single Workday tenant that serves a federated landscape of PortCos, each with its own workforce, HR policies, compensation structures, payroll requirements, and compliance obligations. This complexity demands technology professionals who thrive in ambiguity, operate with an enterprise mindset, and can design solutions that scale across legal entities, geographies, and business models.

*Job Applicant Privacy Notice*

***EEO Statement***

*The Company is an equal opportunity employer. In accordance with applicable law, we prohibit discrimination against any applicant, employee, or other covered person based on any legally recognized basis, including, but not limited to: veteran status, uniformed servicemember status, race, color, caste, immigration status, religion, religious creed (including religious dress and grooming practices), sex, gender, gender expression, gender identity, marital status, sexual orientation, pregnancy (including childbirth, lactation or related medical conditions), age, national origin or ancestry, citizenship, physical or mental disability, genetic information (including testing and characteristics), protected leave status, domestic violence victim status, or any other consideration protected by federal, state or local law. We are committed to providing reasonable accommodations, if you need an accommodation to complete the application process, please email* *TalentAcquisitionIndia@revantage.com*"
https://in.indeed.com/viewjob?jk=42e1f330897c59ef,2026-09-28,,Meesho,Senior Product Manager - Data & Analytics Platform,"KA, IN",,DM,Hiring Manager,Product Recruiter,90,Archived,q_wide_01,Senior / All,False,"**About the Team**
------------------

Product Management in Meesho closely resembles our rocketship growth. Because we obsess over understanding customer behaviour, we’ve been able to carve out an e-commerce niche in Tier 2/3/4 towns in Bharat. Our business growth is testimony to a singular focus on how we think of ‘product’ for our unique customers - ones that have barely shopped online, but are now able to because of Meesho.

Fun fact: Nearly 7% of India’s households shop with us.

We are driven by a ‘user-first’ mindset. We have a strong bias for action. Above all, our team is driven by impact, not features. We drive ‘problem discovery’ & delivery - not only obsess over “what to build”, but execute with rigour to create impact.

But there’s more – we love to have fun as much as we love to work hard. From movie buffs, to sportspersons, we have a super cool team. So, if a game of badminton after a day of brainstorming at work sounds like something you would love to do, then join us!

**About the Role**
------------------

We are looking for a Senior Product Manager who is passionate about solving high impact problems in a fast paced start-up environment with a high degree of autonomy. This is inherently a cross-functional leadership role where you will work closely with teams such as analytics, data engineering, business and product management, etc to solve complex problems for the organization.

### **What you will do**

* Market & Customer Understanding: Understand the domain and technology landscape deeply through landscape analysis, user interviews/research, competition analysis and other qualitative/quantitative techniques.
* Problem Identification & Prioritization: Adopt a structured approach to identify what problems need to be solved and break them down into smaller chunks. Prioritize what problems need to be solved now vs. later.
* Vision: Ability to set forward looking vision and roadmap for the charter aligned with company’s goals
* Solution Discovery: Facilitate a process to come up with the best technology-led ideas to solve the prioritized problems. Harness the creativity of not just yourself but of other teams such as design, engg., business, etc. Be willing to experiment with multiple solution ideas and test them using MVPs, prototypes, etc.
* Product Delivery: Define detailed product requirements and work collaboratively with a cross-functional team (analytics, engineering, business, etc.) to bring a product to life. Ensure high product quality through processes such as user acceptance testing, etc.
* Go-to-Market Planning: Create a go-to-market plan working with business/marketing stakeholders to maximize product adoption and success.
* Adoption & Metrics: Define product metrics for your area, and track them continuously. Identify usage patterns and come up with action plans to move metrics in the right direction.
* Team Leadership: Manage a small team of product analysts and associate product managers, and guide them towards product execution.

### **What you will need**

* Overall experience of 7+ yrs with at least 4+ yrs in product management in a tech-led company with experience in data, analytics, engineering etc.
* Exceptional problem solving skills based on first principles thinking
* Good understanding of technology and data landscape, and comfort with product management processes such as writing product requirement documents, managing product backlogs, and creating roadmaps

### **About us**

Welcome to Meesho, where every story begins with a spark of inspiration and a dash of entrepreneurial spirit. We're not just a platform; we're your partner in turning dreams into realities.

**Curious about life at Meesho? Explore our Glassdoor - our people have a lot to say and they've helped us become a loved workplace in India.**

### **Our Mission**

Democratising internet commerce for everyone — Meesho (Meri Shop) started with a single idea in mind: to be an e-commerce destination for Indian consumers and to enable small businesses to succeed online.

We provide our sellers with benefits such as zero commission and affordable shipping solutions in the market. Today, sellers nationwide are growing their businesses by tapping into Meesho’s large and diverse customer base, state-of-the-art tech infrastructure, and pan-India logistics network through trusted third-party partners.

Affordable, relatable merchandise that mirrors local markets has helped us connect with internet users and serve customers across urban, semi-urban, and rural India. Our unique business model and continuous innovation have established us as a part of India’s e-commerce ecosystem.

### **Culture and Total Rewards**

Our focus is on cultivating a dynamic workplace characterized by high impact and performance excellence. We prioritize a people-centric culture, dedicated to hiring and developing exceptional talent.

Total rewards at Meesho comprise a comprehensive set of elements — monetary, non-monetary, tangible, and intangible. Our 9 guiding principles, or ""Mantras,"" are the backbone of how we operate, influencing everything from recognition and evaluation to growth discussions. Daily rituals and processes like “Problem First Mindset,” “Listen or Die,” our Internal Mobility Program, Talent Reviews, and Continuous Performance Management embody these principles.

We offer competitive compensation — both cash and equity-based — tailored to job roles, individual experience, and skill, along with employee-centric benefits and a supportive work environment. Our holistic wellness program, MeeCare, includes benefits across physical, mental, financial, and social wellness. This includes extensive medical insurance for employees and their families, wellness initiatives like telehealth, wellness events, and fitness-related perks.

To support work-life balance, we offer generous leave policies, parental support, retirement benefits, and learning and development assistance. Through personalized recognition, gratitude for stretched work, and engaging activities, we promote employee delight at the workplace. Additional benefits such as salary advance support, relocation assistance, and flexible benefit plans further enrich the Meesho experience.

At Meesho, we are committed to creating an inclusive and accessible workplace where every individual can thrive. In compliance with the **Rights of Persons with Disabilities Act, 2016**, we uphold the following principles:

* **Equal Opportunity**: We ensure that employment opportunities are never denied on the grounds of disability if the candidate is otherwise competent to perform the job.
* **Accessible Workplace**: Our facilities are designed to be fully accessible, with amenities and assistive devices provided to support differently abled individuals in their work.
* **Inclusive Hiring Process**: We adopt a transparent and non-discriminatory selection process, including providing application forms in alternate formats and offering reasonable accommodations during interviews upon request.
* **Career Growth**: We provide adequate training post-recruitment and pre-promotion, with training materials available in accessible formats to enable equal career progression.
* **Support & Confidentiality**: A dedicated liaison officer/committee addresses concerns and grievances, while maintaining strict confidentiality of disability-related information.
* **Awareness & Inclusion**: We conduct awareness programs to promote a culture of inclusivity across the organization.

Meesho welcomes applicants and employees of all abilities and is dedicated to fostering an environment where differently abled persons can achieve their full potential.

Know more about Meesho here : https://www.meesho.io/"
https://in.indeed.com/viewjob?jk=9368a6df7516ce04,2026-09-28,,Meesho,Senior Product Manager,"KA, IN",,DM,Hiring Manager,Product Recruiter,90,Archived,q_wide_01,Senior / All,False,"**About the Team**

Product Management in Meesho closely resembles our rocketship growth. Because we obsess over understanding customer behaviour, we’ve been able to carve out an e-commerce niche in Tier 2/3/4 towns in Bharat. Our business growth is testimony to a singular focus on how we think of ‘product’ for our unique customers - ones that have barely shopped online, but are now able to because of Meesho.

Fun fact: Nearly 7% of India’s households shop with us.

We are driven by a ‘user-first’ mindset. We have a strong bias for action. Above all, our team is driven by impact, not features. We drive ‘problem discovery’ & delivery - not only obsess over “what to build”, but execute with rigour to create impact.

But there’s more – we love to have fun as much as we love to work hard. From movie buffs, to sportspersons, we have a super cool team. So, if a game of badminton after a day of brainstorming at work sounds like something you would love to do, then join us!

**About the Role**

We are looking for a Senior Product Manager who is passionate about solving high impact problems in a fast paced start-up environment with a high degree of autonomy. This is inherently a cross-functional leadership role where you will work closely with teams such as software engineering, UX design, category mgmt., marketing, operations, finance, etc to bring a new product to life.

### **What will you do**

* Market & Customer Understanding: Understand the e-commerce market and needs of customers/sellers deeply through landscape analysis, customer interviews, user research, competition analysis and other qualitative/quantitative techniques.
* Problem Identification & Prioritization: Adopt a structured approach to identify what problems need to be solved and break them down into smaller chunks. Prioritize what problems need to be solved now vs. later.
* Solution Discovery: Facilitate a process to come up with the best technology-led ideas to solve the prioritized problems. Harness the creativity of not just yourself but of other teams such as design, engg., business, etc. Be willing to experiment with multiple solution ideas and test them using MVPs, prototypes, etc.
* Product Delivery: Define detailed product requirements and work collaboratively with a cross-functional team (design, engineering, business, analytics, etc.) to bring a product to life. Ensure high product quality through processes such as user acceptance testing, dogfooding, etc.
* Go-to-Market Planning: Create a go-to-market plan working with business/marketing stakeholders to maximize product adoption and success.
* Adoption & Metrics: Define product metrics for your area, and track them continuously. Identify usage patterns and come up with action plans to move metrics in the right direction.
* Roadmap Creation: Create a product roadmap for your area that has at least a 3-month forward looking view of key customer/business problems to be solved.
* Team Leadership: Manage a small team of product analysts and associate product managers, and guide them towards product execution.

### **What you will need**

* Overall experience of 7+ yrs with atleast 4+ yrs in product management in a tech-led company (consumer internet space is preferred)
* Exceptional problem solving skills based on first principles thinking
* Good understanding of technology, and comfort with product management processes such as A/B experimentation, writing product requirement documents, managing product backlogs, and creating roadmaps

### **About us**

Welcome to Meesho, where every story begins with a spark of inspiration and a dash of entrepreneurial spirit. We're not just a platform; we're your partner in turning dreams into realities.

**Curious about life at Meesho? Explore our Glassdoor - our people have a lot to say and they've helped us become a loved workplace in India.**

### **Our Mission**

Democratising internet commerce for everyone — Meesho (Meri Shop) started with a single idea in mind: to be an e-commerce destination for Indian consumers and to enable small businesses to succeed online.

We provide our sellers with benefits such as zero commission and affordable shipping solutions in the market. Today, sellers nationwide are growing their businesses by tapping into Meesho’s large and diverse customer base, state-of-the-art tech infrastructure, and pan-India logistics network through trusted third-party partners.

Affordable, relatable merchandise that mirrors local markets has helped us connect with internet users and serve customers across urban, semi-urban, and rural India. Our unique business model and continuous innovation have established us as a part of India’s e-commerce ecosystem.

### **Culture and Total Rewards**

Our focus is on cultivating a dynamic workplace characterized by high impact and performance excellence. We prioritize a people-centric culture, dedicated to hiring and developing exceptional talent.

Total rewards at Meesho comprise a comprehensive set of elements — monetary, non-monetary, tangible, and intangible. Our 9 guiding principles, or ""Mantras,"" are the backbone of how we operate, influencing everything from recognition and evaluation to growth discussions. Daily rituals and processes like “Problem First Mindset,” “Listen or Die,” our Internal Mobility Program, Talent Reviews, and Continuous Performance Management embody these principles.

We offer competitive compensation — both cash and equity-based — tailored to job roles, individual experience, and skill, along with employee-centric benefits and a supportive work environment. Our holistic wellness program, MeeCare, includes benefits across physical, mental, financial, and social wellness. This includes extensive medical insurance for employees and their families, wellness initiatives like telehealth, wellness events, and fitness-related perks.

To support work-life balance, we offer generous leave policies, parental support, retirement benefits, and learning and development assistance. Through personalized recognition, gratitude for stretched work, and engaging activities, we promote employee delight at the workplace. Additional benefits such as salary advance support, relocation assistance, and flexible benefit plans further enrich the Meesho experience.

At Meesho, we are committed to creating an inclusive and accessible workplace where every individual can thrive. In compliance with the **Rights of Persons with Disabilities Act, 2016**, we uphold the following principles:

* **Equal Opportunity**: We ensure that employment opportunities are never denied on the grounds of disability if the candidate is otherwise competent to perform the job.
* **Accessible Workplace**: Our facilities are designed to be fully accessible, with amenities and assistive devices provided to support differently abled individuals in their work.
* **Inclusive Hiring Process**: We adopt a transparent and non-discriminatory selection process, including providing application forms in alternate formats and offering reasonable accommodations during interviews upon request.
* **Career Growth**: We provide adequate training post-recruitment and pre-promotion, with training materials available in accessible formats to enable equal career progression.
* **Support & Confidentiality**: A dedicated liaison officer/committee addresses concerns and grievances, while maintaining strict confidentiality of disability-related information.
* **Awareness & Inclusion**: We conduct awareness programs to promote a culture of inclusivity across the organization.

Meesho welcomes applicants and employees of all abilities and is dedicated to fostering an environment where differently abled persons can achieve their full potential.

Know more about Meesho here : https://www.meesho.io/"
https://www.naukri.com/job-listings-lead-digital-product-manager-ciam-wells-fargo-international-solutions-private-ltd-bengaluru-5-to-10-years-300926927436,2026-09-30,,Wells Fargo,Lead Digital Product Manager - CIAM,"Bengaluru, India",,link,Hiring Manager,Product Recruiter,90,Fresh,q_wide_01,Senior / All,False,"Lead Digital Product Manager - CIAM opening at Wells Fargo (Bengaluru, India). Direct application link: https://www.naukri.com/job-listings-lead-digital-product-manager-ciam-wells-fargo-international-solutions-private-ltd-bengaluru-5-to-10-years-300926927436"
https://www.naukri.com/job-listings-lead-digital-product-manager-wells-fargo-international-solutions-private-ltd-bengaluru-5-to-10-years-300926927333,2026-09-30,,Wells Fargo,Lead Digital Product Manager,"Bengaluru, India",,link,Hiring Manager,Product Recruiter,90,Fresh,q_wide_01,Senior / All,False,"Lead Digital Product Manager opening at Wells Fargo (Bengaluru, India). Direct application link: https://www.naukri.com/job-listings-lead-digital-product-manager-wells-fargo-international-solutions-private-ltd-bengaluru-5-to-10-years-300926927333"
https://www.linkedin.com/posts/saligram-r-63901041b_hiring-productmanager-nbfc-share-7512054678688313344-qc2J/?highlightedUpdateUrn=urn%3Ali%3Aactivity%3A7512054679304888320&highlightedUpdateType=SOCIAL_SHARE&origin=SOCIAL_SHARE&utm_source=share&utm_medium=member_desktop&rcm=ACoAACayOtoBj381OAj0_SfP7e7x6lNjuUhA9m0,52 hours ago,2026-10-03 07:43 UTC,Hiring Team,Product Manager,India / Remote,,DM,LinkedIn Author,Hiring Lead / Recruiter @ Hiring Team,90,Fresh,q_wide_01,0-2y,False,Verified hiring post by LinkedIn Author (Hiring Team) for Product Manager. Unique URN: urn:li:activity:7512054678688313344. Direct link: https://www.linkedin.com/posts/saligram-r-63901041b_hiring-productmanager-nbfc-share-7512054678688313344-qc2J/?highlightedUpdateUrn=urn%3Ali%3Aactivity%3A7512054679304888320&highlightedUpdateType=SOCIAL_SHARE&origin=SOCIAL_SHARE&utm_source=share&utm_medium=member_desktop&rcm=ACoAACayOtoBj381OAj0_SfP7e7x6lNjuUhA9m0
https://www.linkedin.com/posts/gunjan-baranwal-a091a8244_refermegroup-latestjob-helpinghand-share-7512108072937635840-PYlH/?highlightedUpdateUrn=urn%3Ali%3Aactivity%3A7512126877852090368&highlightedUpdateType=SOCIAL_SHARE&origin=SOCIAL_SHARE&utm_source=share&utm_medium=member_desktop&rcm=ACoAACayOtoBj381OAj0_SfP7e7x6lNjuUhA9m0,48 hours ago,2026-10-03 11:15 UTC,Hiring Team,Product Manager,India / Remote,,DM,LinkedIn Author,Hiring Lead / Recruiter @ Hiring Team,90,Fresh,q_wide_01,0-2y,False,Verified hiring post by LinkedIn Author (Hiring Team) for Product Manager. Unique URN: urn:li:activity:7512108072937635840. Direct link: https://www.linkedin.com/posts/gunjan-baranwal-a091a8244_refermegroup-latestjob-helpinghand-share-7512108072937635840-PYlH/?highlightedUpdateUrn=urn%3Ali%3Aactivity%3A7512126877852090368&highlightedUpdateType=SOCIAL_SHARE&origin=SOCIAL_SHARE&utm_source=share&utm_medium=member_desktop&rcm=ACoAACayOtoBj381OAj0_SfP7e7x6lNjuUhA9m0
https://www.linkedin.com/posts/durgaimuthu-arumugam-5634203a_hiring-product-manager-irving-tx-share-7511817664789667840-s5S1/?highlightedUpdateUrn=urn%3Ali%3Aactivity%3A7511817665330659328&highlightedUpdateType=SOCIAL_SHARE&origin=SOCIAL_SHARE&utm_source=share&utm_medium=member_desktop&rcm=ACoAACayOtoBj381OAj0_SfP7e7x6lNjuUhA9m0,67 hours ago,2026-10-02 16:01 UTC,Hiring Team,Product Manager,India / Remote,,DM,LinkedIn Author,Hiring Lead / Recruiter @ Hiring Team,90,Fresh,q_wide_01,0-2y,False,Verified hiring post by LinkedIn Author (Hiring Team) for Product Manager. Unique URN: urn:li:activity:7511817664789667840. Direct link: https://www.linkedin.com/posts/durgaimuthu-arumugam-5634203a_hiring-product-manager-irving-tx-share-7511817664789667840-s5S1/?highlightedUpdateUrn=urn%3Ali%3Aactivity%3A7511817665330659328&highlightedUpdateType=SOCIAL_SHARE&origin=SOCIAL_SHARE&utm_source=share&utm_medium=member_desktop&rcm=ACoAACayOtoBj381OAj0_SfP7e7x6lNjuUhA9m0
https://www.linkedin.com/posts/pavan-p-7a461b232_hiring-technicalproductmanager-productmanager-share-7511803184475049986-yffR/?highlightedUpdateUrn=urn%3Ali%3Aactivity%3A7511803185435574273&highlightedUpdateType=SOCIAL_SHARE&origin=SOCIAL_SHARE&utm_source=share&utm_medium=member_desktop&rcm=ACoAACayOtoBj381OAj0_SfP7e7x6lNjuUhA9m0,69 hours ago,2026-10-02 15:04 UTC,Hiring Team,Product Manager,India / Remote,,DM,LinkedIn Author,Hiring Lead / Recruiter @ Hiring Team,90,Fresh,q_wide_01,0-2y,False,Verified hiring post by LinkedIn Author (Hiring Team) for Product Manager. Unique URN: urn:li:activity:7511803184475049986. Direct link: https://www.linkedin.com/posts/pavan-p-7a461b232_hiring-technicalproductmanager-productmanager-share-7511803184475049986-yffR/?highlightedUpdateUrn=urn%3Ali%3Aactivity%3A7511803185435574273&highlightedUpdateType=SOCIAL_SHARE&origin=SOCIAL_SHARE&utm_source=share&utm_medium=member_desktop&rcm=ACoAACayOtoBj381OAj0_SfP7e7x6lNjuUhA9m0
https://www.linkedin.com/posts/purushottamratre_hiring-productmanager-ai-share-7511994243901620226-ePCX/?highlightedUpdateUrn=urn%3Ali%3Aactivity%3A7511994244962779136&highlightedUpdateType=SOCIAL_SHARE&origin=SOCIAL_SHARE&utm_source=share&utm_medium=member_desktop&rcm=ACoAACayOtoBj381OAj0_SfP7e7x6lNjuUhA9m0,55 hours ago,2026-10-03 03:43 UTC,Hiring Team,Product Manager,India / Remote,,DM,LinkedIn Author,Hiring Lead / Recruiter @ Hiring Team,90,Fresh,q_wide_01,0-2y,False,Verified hiring post by LinkedIn Author (Hiring Team) for Product Manager. Unique URN: urn:li:activity:7511994243901620226. Direct link: https://www.linkedin.com/posts/purushottamratre_hiring-productmanager-ai-share-7511994243901620226-ePCX/?highlightedUpdateUrn=urn%3Ali%3Aactivity%3A7511994244962779136&highlightedUpdateType=SOCIAL_SHARE&origin=SOCIAL_SHARE&utm_source=share&utm_medium=member_desktop&rcm=ACoAACayOtoBj381OAj0_SfP7e7x6lNjuUhA9m0
https://www.linkedin.com/posts/purushottamratre_hiring-productmanager-fintech-share-7511994659326484480-aSDW/?highlightedUpdateUrn=urn%3Ali%3Aactivity%3A7511994660131860480&highlightedUpdateType=SOCIAL_SHARE&origin=SOCIAL_SHARE&utm_source=share&utm_medium=member_desktop&rcm=ACoAACayOtoBj381OAj0_SfP7e7x6lNjuUhA9m0,55 hours ago,2026-10-03 03:44 UTC,Hiring Team,Product Manager,India / Remote,,DM,LinkedIn Author,Hiring Lead / Recruiter @ Hiring Team,90,Fresh,q_wide_01,0-2y,False,Verified hiring post by LinkedIn Author (Hiring Team) for Product Manager. Unique URN: urn:li:activity:7511994659326484480. Direct link: https://www.linkedin.com/posts/purushottamratre_hiring-productmanager-fintech-share-7511994659326484480-aSDW/?highlightedUpdateUrn=urn%3Ali%3Aactivity%3A7511994660131860480&highlightedUpdateType=SOCIAL_SHARE&origin=SOCIAL_SHARE&utm_source=share&utm_medium=member_desktop&rcm=ACoAACayOtoBj381OAj0_SfP7e7x6lNjuUhA9m0
https://www.linkedin.com/posts/stevepepple_simon-is-the-absolute-best-if-your-a-product-ugcPost-7511956757686939648-dXgq/?highlightedUpdateUrn=urn%3Ali%3Aactivity%3A7511956758312181760&highlightedUpdateType=SOCIAL_SHARE&origin=SOCIAL_SHARE&utm_source=share&utm_medium=member_desktop&rcm=ACoAACayOtoBj381OAj0_SfP7e7x6lNjuUhA9m0,60 hours ago,2026-10-03 01:14 UTC,Hiring Team,Product Manager,India / Remote,,DM,LinkedIn Author,Hiring Lead / Recruiter @ Hiring Team,90,Fresh,q_wide_01,0-2y,False,Verified hiring post by LinkedIn Author (Hiring Team) for Product Manager. Unique URN: urn:li:activity:7511956757686939648. Direct link: https://www.linkedin.com/posts/stevepepple_simon-is-the-absolute-best-if-your-a-product-ugcPost-7511956757686939648-dXgq/?highlightedUpdateUrn=urn%3Ali%3Aactivity%3A7511956758312181760&highlightedUpdateType=SOCIAL_SHARE&origin=SOCIAL_SHARE&utm_source=share&utm_medium=member_desktop&rcm=ACoAACayOtoBj381OAj0_SfP7e7x6lNjuUhA9m0
https://www.linkedin.com/posts/priyanka-khippal-5563b647_hiring-big4-servicenow-share-7512040573856534528-PVBG/?highlightedUpdateUrn=urn%3Ali%3Aactivity%3A7512040574494019585&highlightedUpdateType=SOCIAL_SHARE&origin=SOCIAL_SHARE&utm_source=share&utm_medium=member_desktop&rcm=ACoAACayOtoBj381OAj0_SfP7e7x6lNjuUhA9m0,52 hours ago,2026-10-03 06:47 UTC,Hiring Team,Product Manager,India / Remote,,DM,LinkedIn Author,Hiring Lead / Recruiter @ Hiring Team,90,Fresh,q_wide_01,0-2y,False,Verified hiring post by LinkedIn Author (Hiring Team) for Product Manager. Unique URN: urn:li:activity:7512040573856534528. Direct link: https://www.linkedin.com/posts/priyanka-khippal-5563b647_hiring-big4-servicenow-share-7512040573856534528-PVBG/?highlightedUpdateUrn=urn%3Ali%3Aactivity%3A7512040574494019585&highlightedUpdateType=SOCIAL_SHARE&origin=SOCIAL_SHARE&utm_source=share&utm_medium=member_desktop&rcm=ACoAACayOtoBj381OAj0_SfP7e7x6lNjuUhA9m0
https://www.linkedin.com/posts/seshathri-r-514a1b244_technicalproductengineering-engineeringmanager-share-7512034025331388418-au2M/?highlightedUpdateUrn=urn%3Ali%3Aactivity%3A7512034025985802240&highlightedUpdateType=SOCIAL_SHARE&origin=SOCIAL_SHARE&utm_source=share&utm_medium=member_desktop&rcm=ACoAACayOtoBj381OAj0_SfP7e7x6lNjuUhA9m0,52 hours ago,2026-10-03 06:21 UTC,Hiring Team,Product Manager,India / Remote,,DM,LinkedIn Author,Hiring Lead / Recruiter @ Hiring Team,90,Fresh,q_wide_01,0-2y,False,Verified hiring post by LinkedIn Author (Hiring Team) for Product Manager. Unique URN: urn:li:activity:7512034025331388418. Direct link: https://www.linkedin.com/posts/seshathri-r-514a1b244_technicalproductengineering-engineeringmanager-share-7512034025331388418-au2M/?highlightedUpdateUrn=urn%3Ali%3Aactivity%3A7512034025985802240&highlightedUpdateType=SOCIAL_SHARE&origin=SOCIAL_SHARE&utm_source=share&utm_medium=member_desktop&rcm=ACoAACayOtoBj381OAj0_SfP7e7x6lNjuUhA9m0
https://www.linkedin.com/posts/nehajobsguru_hiring-for-delhi-location-role-product-share-7511777868062920705-HwdH/?highlightedUpdateUrn=urn%3Ali%3Aactivity%3A7511777868570382336&highlightedUpdateType=SOCIAL_SHARE&origin=SOCIAL_SHARE&utm_source=share&utm_medium=member_desktop&rcm=ACoAACayOtoBj381OAj0_SfP7e7x6lNjuUhA9m0,69 hours ago,2026-10-02 13:23 UTC,Hiring Team,Product Manager,India / Remote,,DM,LinkedIn Author,Hiring Lead / Recruiter @ Hiring Team,90,Fresh,q_wide_01,0-2y,False,Verified hiring post by LinkedIn Author (Hiring Team) for Product Manager. Unique URN: urn:li:activity:7511777868062920705. Direct link: https://www.linkedin.com/posts/nehajobsguru_hiring-for-delhi-location-role-product-share-7511777868062920705-HwdH/?highlightedUpdateUrn=urn%3Ali%3Aactivity%3A7511777868570382336&highlightedUpdateType=SOCIAL_SHARE&origin=SOCIAL_SHARE&utm_source=share&utm_medium=member_desktop&rcm=ACoAACayOtoBj381OAj0_SfP7e7x6lNjuUhA9m0
https://www.linkedin.com/posts/tanya-goyal-300066224_hiring-aiproductmanager-productmanager-share-7512113300760035329-YZp_/?highlightedUpdateUrn=urn%3Ali%3Aactivity%3A7512113301905039360&highlightedUpdateType=SOCIAL_SHARE&origin=SOCIAL_SHARE&utm_source=share&utm_medium=member_desktop&rcm=ACoAACayOtoBj381OAj0_SfP7e7x6lNjuUhA9m0,48 hours ago,2026-10-03 11:36 UTC,Hiring Team,Product Manager,India / Remote,,DM,LinkedIn Author,Hiring Lead / Recruiter @ Hiring Team,90,Fresh,q_wide_01,0-2y,False,Verified hiring post by LinkedIn Author (Hiring Team) for Product Manager. Unique URN: urn:li:activity:7512113300760035329. Direct link: https://www.linkedin.com/posts/tanya-goyal-300066224_hiring-aiproductmanager-productmanager-share-7512113300760035329-YZp_/?highlightedUpdateUrn=urn%3Ali%3Aactivity%3A7512113301905039360&highlightedUpdateType=SOCIAL_SHARE&origin=SOCIAL_SHARE&utm_source=share&utm_medium=member_desktop&rcm=ACoAACayOtoBj381OAj0_SfP7e7x6lNjuUhA9m0
https://www.linkedin.com/posts/vijaysmeena_hiring-productmanager-apm-share-7512089508251877376-WCUc/?highlightedUpdateUrn=urn%3Ali%3Aactivity%3A7512089508897714176&highlightedUpdateType=SOCIAL_SHARE&origin=SOCIAL_SHARE&utm_source=share&utm_medium=member_desktop&rcm=ACoAACayOtoBj381OAj0_SfP7e7x6lNjuUhA9m0,50 hours ago,2026-10-03 10:01 UTC,Hiring Team,Product Manager,India / Remote,,DM,LinkedIn Author,Hiring Lead / Recruiter @ Hiring Team,90,Fresh,q_wide_01,0-2y,False,Verified hiring post by LinkedIn Author (Hiring Team) for Product Manager. Unique URN: urn:li:activity:7512089508251877376. Direct link: https://www.linkedin.com/posts/vijaysmeena_hiring-productmanager-apm-share-7512089508251877376-WCUc/?highlightedUpdateUrn=urn%3Ali%3Aactivity%3A7512089508897714176&highlightedUpdateType=SOCIAL_SHARE&origin=SOCIAL_SHARE&utm_source=share&utm_medium=member_desktop&rcm=ACoAACayOtoBj381OAj0_SfP7e7x6lNjuUhA9m0
https://www.linkedin.com/posts/rushabhdev_hiring-productmanagement-fintech-share-7511814143717441536-mOIb/?highlightedUpdateUrn=urn%3Ali%3Aactivity%3A7511814144443187200&highlightedUpdateType=SOCIAL_SHARE&origin=SOCIAL_SHARE&utm_source=share&utm_medium=member_desktop&rcm=ACoAACayOtoBj381OAj0_SfP7e7x6lNjuUhA9m0,67 hours ago,2026-10-02 15:47 UTC,Hiring Team,Product Manager,India / Remote,,DM,LinkedIn Author,Hiring Lead / Recruiter @ Hiring Team,90,Fresh,q_wide_01,0-2y,False,Verified hiring post by LinkedIn Author (Hiring Team) for Product Manager. Unique URN: urn:li:activity:7511814143717441536. Direct link: https://www.linkedin.com/posts/rushabhdev_hiring-productmanagement-fintech-share-7511814143717441536-mOIb/?highlightedUpdateUrn=urn%3Ali%3Aactivity%3A7511814144443187200&highlightedUpdateType=SOCIAL_SHARE&origin=SOCIAL_SHARE&utm_source=share&utm_medium=member_desktop&rcm=ACoAACayOtoBj381OAj0_SfP7e7x6lNjuUhA9m0
https://www.linkedin.com/posts/ravinder-s-p-a58703135_hiring-productmanager-databi-share-7511806958757150720-cpLv/?highlightedUpdateUrn=urn%3Ali%3Aactivity%3A7511806959340167169&highlightedUpdateType=SOCIAL_SHARE&origin=SOCIAL_SHARE&utm_source=share&utm_medium=member_desktop&rcm=ACoAACayOtoBj381OAj0_SfP7e7x6lNjuUhA9m0,69 hours ago,2026-10-02 15:19 UTC,Hiring Team,Product Manager,India / Remote,,DM,LinkedIn Author,Hiring Lead / Recruiter @ Hiring Team,90,Fresh,q_wide_01,0-2y,False,Verified hiring post by LinkedIn Author (Hiring Team) for Product Manager. Unique URN: urn:li:activity:7511806958757150720. Direct link: https://www.linkedin.com/posts/ravinder-s-p-a58703135_hiring-productmanager-databi-share-7511806958757150720-cpLv/?highlightedUpdateUrn=urn%3Ali%3Aactivity%3A7511806959340167169&highlightedUpdateType=SOCIAL_SHARE&origin=SOCIAL_SHARE&utm_source=share&utm_medium=member_desktop&rcm=ACoAACayOtoBj381OAj0_SfP7e7x6lNjuUhA9m0
https://www.linkedin.com/posts/arohichoudhary_hiring-for-flipspaces-product-manager-share-7512091305112686592-fvR9/?highlightedUpdateUrn=urn%3Ali%3Aactivity%3A7512091306228256768&highlightedUpdateType=SOCIAL_SHARE&origin=SOCIAL_SHARE&utm_source=share&utm_medium=member_desktop&rcm=ACoAACayOtoBj381OAj0_SfP7e7x6lNjuUhA9m0,50 hours ago,2026-10-03 10:08 UTC,Hiring Team,Product Manager,India / Remote,,DM,LinkedIn Author,Hiring Lead / Recruiter @ Hiring Team,90,Fresh,q_wide_01,0-2y,False,Verified hiring post by LinkedIn Author (Hiring Team) for Product Manager. Unique URN: urn:li:activity:7512091305112686592. Direct link: https://www.linkedin.com/posts/arohichoudhary_hiring-for-flipspaces-product-manager-share-7512091305112686592-fvR9/?highlightedUpdateUrn=urn%3Ali%3Aactivity%3A7512091306228256768&highlightedUpdateType=SOCIAL_SHARE&origin=SOCIAL_SHARE&utm_source=share&utm_medium=member_desktop&rcm=ACoAACayOtoBj381OAj0_SfP7e7x6lNjuUhA9m0
https://www.linkedin.com/posts/puja-priya-5b898b227_hiring-productmanager-medicaldevices-share-7512085179364958210-L-vz/?highlightedUpdateUrn=urn%3Ali%3Aactivity%3A7512085180015149057&highlightedUpdateType=SOCIAL_SHARE&origin=SOCIAL_SHARE&utm_source=share&utm_medium=member_desktop&rcm=ACoAACayOtoBj381OAj0_SfP7e7x6lNjuUhA9m0,50 hours ago,2026-10-03 09:44 UTC,Hiring Team,Product Manager,India / Remote,,DM,LinkedIn Author,Hiring Lead / Recruiter @ Hiring Team,90,Fresh,q_wide_01,0-2y,False,Verified hiring post by LinkedIn Author (Hiring Team) for Product Manager. Unique URN: urn:li:activity:7512085179364958210. Direct link: https://www.linkedin.com/posts/puja-priya-5b898b227_hiring-productmanager-medicaldevices-share-7512085179364958210-L-vz/?highlightedUpdateUrn=urn%3Ali%3Aactivity%3A7512085180015149057&highlightedUpdateType=SOCIAL_SHARE&origin=SOCIAL_SHARE&utm_source=share&utm_medium=member_desktop&rcm=ACoAACayOtoBj381OAj0_SfP7e7x6lNjuUhA9m0
https://www.linkedin.com/posts/vedant-awasthi_hiring-productmanager-productmanagement-share-7512053173931515904-i4qN/?highlightedUpdateUrn=urn%3Ali%3Aactivity%3A7512053177001828352&highlightedUpdateType=SOCIAL_SHARE&origin=SOCIAL_SHARE&utm_source=share&utm_medium=member_desktop&rcm=ACoAACayOtoBj381OAj0_SfP7e7x6lNjuUhA9m0,52 hours ago,2026-10-03 07:37 UTC,Hiring Team,Product Manager,India / Remote,,DM,LinkedIn Author,Hiring Lead / Recruiter @ Hiring Team,90,Fresh,q_wide_01,0-2y,False,Verified hiring post by LinkedIn Author (Hiring Team) for Product Manager. Unique URN: urn:li:activity:7512053173931515904. Direct link: https://www.linkedin.com/posts/vedant-awasthi_hiring-productmanager-productmanagement-share-7512053173931515904-i4qN/?highlightedUpdateUrn=urn%3Ali%3Aactivity%3A7512053177001828352&highlightedUpdateType=SOCIAL_SHARE&origin=SOCIAL_SHARE&utm_source=share&utm_medium=member_desktop&rcm=ACoAACayOtoBj381OAj0_SfP7e7x6lNjuUhA9m0
https://www.linkedin.com/posts/yawer-jamal-a218b7199_nowhiring-productmanagement-enterpriseai-share-7511799179803918338-9v01/?highlightedUpdateUrn=urn%3Ali%3Aactivity%3A7511799182366769156&highlightedUpdateType=SOCIAL_SHARE&origin=SOCIAL_SHARE&utm_source=share&utm_medium=member_desktop&rcm=ACoAACayOtoBj381OAj0_SfP7e7x6lNjuUhA9m0,69 hours ago,2026-10-02 14:48 UTC,Hiring Team,Product Manager,India / Remote,,DM,LinkedIn Author,Hiring Lead / Recruiter @ Hiring Team,90,Fresh,q_wide_01,0-2y,False,Verified hiring post by LinkedIn Author (Hiring Team) for Product Manager. Unique URN: urn:li:activity:7511799179803918338. Direct link: https://www.linkedin.com/posts/yawer-jamal-a218b7199_nowhiring-productmanagement-enterpriseai-share-7511799179803918338-9v01/?highlightedUpdateUrn=urn%3Ali%3Aactivity%3A7511799182366769156&highlightedUpdateType=SOCIAL_SHARE&origin=SOCIAL_SHARE&utm_source=share&utm_medium=member_desktop&rcm=ACoAACayOtoBj381OAj0_SfP7e7x6lNjuUhA9m0
https://www.linkedin.com/posts/rohitarun_product-at-keus-ugcPost-7512125906778488834-5k8w/?highlightedUpdateUrn=urn%3Ali%3Aactivity%3A7512125907671691264&highlightedUpdateType=SOCIAL_SHARE&origin=SOCIAL_SHARE&utm_source=share&utm_medium=member_desktop&rcm=ACoAACayOtoBj381OAj0_SfP7e7x6lNjuUhA9m0,48 hours ago,2026-10-03 12:26 UTC,Hiring Team,Product Manager,India / Remote,,DM,LinkedIn Author,Hiring Lead / Recruiter @ Hiring Team,90,Fresh,q_wide_01,0-2y,False,Verified hiring post by LinkedIn Author (Hiring Team) for Product Manager. Unique URN: urn:li:activity:7512125906778488834. Direct link: https://www.linkedin.com/posts/rohitarun_product-at-keus-ugcPost-7512125906778488834-5k8w/?highlightedUpdateUrn=urn%3Ali%3Aactivity%3A7512125907671691264&highlightedUpdateType=SOCIAL_SHARE&origin=SOCIAL_SHARE&utm_source=share&utm_medium=member_desktop&rcm=ACoAACayOtoBj381OAj0_SfP7e7x6lNjuUhA9m0
https://www.linkedin.com/posts/nikita-chepuri_productmanagement-pmjobs-databricks-share-7510057765063622656-uE45/?highlightedUpdateUrn=urn%3Ali%3Aactivity%3A7511795021893812225&highlightedUpdateType=SOCIAL_SHARE&origin=SOCIAL_SHARE&utm_source=share&utm_medium=member_desktop&rcm=ACoAACayOtoBj381OAj0_SfP7e7x6lNjuUhA9m0,184 hours ago,2026-09-27 19:28 UTC,Hiring Team,Product Manager,India / Remote,,DM,LinkedIn Author,Hiring Lead / Recruiter @ Hiring Team,90,Archived,q_wide_01,0-2y,False,Verified hiring post by LinkedIn Author (Hiring Team) for Product Manager. Unique URN: urn:li:activity:7510057765063622656. Direct link: https://www.linkedin.com/posts/nikita-chepuri_productmanagement-pmjobs-databricks-share-7510057765063622656-uE45/?highlightedUpdateUrn=urn%3Ali%3Aactivity%3A7511795021893812225&highlightedUpdateType=SOCIAL_SHARE&origin=SOCIAL_SHARE&utm_source=share&utm_medium=member_desktop&rcm=ACoAACayOtoBj381OAj0_SfP7e7x6lNjuUhA9m0
https://www.linkedin.com/posts/jessica-minhas_im-hiring-im-excited-to-share-an-opening-share-7511773967746015233-GZLO/?highlightedUpdateUrn=urn%3Ali%3Aactivity%3A7511773970648559617&highlightedUpdateType=SOCIAL_SHARE&origin=SOCIAL_SHARE&utm_source=share&utm_medium=member_desktop&rcm=ACoAACayOtoBj381OAj0_SfP7e7x6lNjuUhA9m0,72 hours ago,2026-10-02 13:07 UTC,Hiring Team,Product Manager,India / Remote,,DM,LinkedIn Author,Hiring Lead / Recruiter @ Hiring Team,90,Fresh,q_wide_01,0-2y,False,Verified hiring post by LinkedIn Author (Hiring Team) for Product Manager. Unique URN: urn:li:activity:7511773967746015233. Direct link: https://www.linkedin.com/posts/jessica-minhas_im-hiring-im-excited-to-share-an-opening-share-7511773967746015233-GZLO/?highlightedUpdateUrn=urn%3Ali%3Aactivity%3A7511773970648559617&highlightedUpdateType=SOCIAL_SHARE&origin=SOCIAL_SHARE&utm_source=share&utm_medium=member_desktop&rcm=ACoAACayOtoBj381OAj0_SfP7e7x6lNjuUhA9m0
https://www.linkedin.com/posts/jobs-productmanagement-apm-share-7512134093401153536-ivFM/?highlightedUpdateUrn=urn%3Ali%3Aactivity%3A7512134094022078464&highlightedUpdateType=SOCIAL_SHARE&origin=SOCIAL_SHARE&utm_source=share&utm_medium=member_desktop&rcm=ACoAACayOtoBj381OAj0_SfP7e7x6lNjuUhA9m0,48 hours ago,2026-10-03 12:58 UTC,Hiring Team,Product Manager,India / Remote,,DM,LinkedIn Author,Hiring Lead / Recruiter @ Hiring Team,90,Fresh,q_wide_01,0-2y,False,Verified hiring post by LinkedIn Author (Hiring Team) for Product Manager. Unique URN: urn:li:activity:7512134093401153536. Direct link: https://www.linkedin.com/posts/jobs-productmanagement-apm-share-7512134093401153536-ivFM/?highlightedUpdateUrn=urn%3Ali%3Aactivity%3A7512134094022078464&highlightedUpdateType=SOCIAL_SHARE&origin=SOCIAL_SHARE&utm_source=share&utm_medium=member_desktop&rcm=ACoAACayOtoBj381OAj0_SfP7e7x6lNjuUhA9m0
https://www.linkedin.com/posts/httpsjobsrminecomjobgbproject-manager-share-7512103214419234816-s8be/?highlightedUpdateUrn=urn%3Ali%3Aactivity%3A7512103217212612608&highlightedUpdateType=SOCIAL_SHARE&origin=SOCIAL_SHARE&utm_source=share&utm_medium=member_desktop&rcm=ACoAACayOtoBj381OAj0_SfP7e7x6lNjuUhA9m0,48 hours ago,2026-10-03 10:56 UTC,Hiring Team,Product Manager,India / Remote,,DM,LinkedIn Author,Hiring Lead / Recruiter @ Hiring Team,90,Fresh,q_wide_01,0-2y,False,Verified hiring post by LinkedIn Author (Hiring Team) for Product Manager. Unique URN: urn:li:activity:7512103214419234816. Direct link: https://www.linkedin.com/posts/httpsjobsrminecomjobgbproject-manager-share-7512103214419234816-s8be/?highlightedUpdateUrn=urn%3Ali%3Aactivity%3A7512103217212612608&highlightedUpdateType=SOCIAL_SHARE&origin=SOCIAL_SHARE&utm_source=share&utm_medium=member_desktop&rcm=ACoAACayOtoBj381OAj0_SfP7e7x6lNjuUhA9m0
https://www.linkedin.com/posts/purushottamratre_hiring-productmanager-associate-activity-7509817300225527808-LHrw,5 hours ago,2026-10-05 12:03 UTC,MakeMyTrip,Product Manager,"Gurugram, India",,DM,Purushottam Ratre,Data Analyst & Hiring Lead @ MakeMyTrip,90,Archived,q_wide_01,0-2y,False,"MakeMyTrip is hiring – Associate Product Manager (myBiz & Core Consumer Apps). Work Location: Gurugram, India. Looking for 0-2 years of experience in product analytics, UX flows, and transactional growth. Send your resume directly or connect with our product team!"
https://www.linkedin.com/search/results/content/?keywords=%22Associate%20Product%20Manager%22%20Swiggy%20hiring&sortBy=%22date_posted%22,3 hours ago,2026-10-05 12:03 UTC,Swiggy,Product Manager,"Bengaluru, India",,DM,Siddharth K,Associate Product Manager @ Swiggy,90,Fresh,q_wide_01,0-2y,False,"Swiggy is expanding our Instamart & Food Delivery product team! Hiring an Associate Product Manager (APM) in Bengaluru, India. Focus on quick-commerce supply chain logistics & hyper-local search."
https://in.indeed.com/viewjob?jk=ba422baaa919886e,2026-09-22,,Amazon.com,"Sr. Product Manager - Tech, Purchase Experience, Amazon Books","TN, IN",,DM,,,85,Archived,q_apm_01,0-2y,False,"**DESCRIPTION**
---------------

Join the Books org and lead product development for our Payment and Purchase Experience charter. We are looking for a Sr. Product Manager - Technical to help create the most trusted and delightful end-to-end purchase and payments CX for Books customers world-wide. You will develop the strategy and vision for this charter and collaborate with an engineering team to oversee the development of related products and features.  
  
Key job responsibilities  
The ideal candidate is highly analytical, demonstrates strong judgment, can work effectively across a matrix organization, and has a proven history of creating delightful customer experiences and delivering results. Experience in the payments and ordering space is a plus.  
  
A day in the life  

* Product Vision and Ownership: End-to-end accountability; leads strategy, value proposition, game-changing ideas, evolution. Focuses on customer delight. Ensures we're focused on the right metrics for the business.
* Customer: What problem are we solving? How can we add more value for customers? Where can we invent?
* Product Development/Roadmap: Defines functional, user experience, legal and other business requirements. Manages feature prioritization; helps engineering, operations, and creative make the right CX trade-offs.
* Compliance headwinds: Adeptly navigates urgent compliance requirements, defines goals, and brings them to fruition through collaboration with tech, legal, and local partners.

  
About the team  
The mission of the Books Customer Value org is to maximize customers’ return on money, time, and energy spent acquiring Books and empower them to read more. We do so by obsessing over value to ensure sharp pricing, making acquiring a book seamless and secure, and providing tools to build a reading habit.

**BASIC QUALIFICATIONS**
------------------------

* Bachelor's degree
* Experience owning/driving roadmap strategy and definition
* Experience with feature delivery and tradeoffs of a product
* Experience contributing to engineering discussions around technology decisions and strategy related to a product
* Experience managing technical products or online services
* Experience in representing and advocating for a variety of critical customers and stakeholders during executive-level prioritization and planning

**PREFERRED QUALIFICATIONS**
----------------------------

* Experience in using analytical tools, such as Tableau, Qlikview, QuickSight
* Experience in building and driving adoption of new tools

  
Our inclusive culture empowers Amazonians to deliver the best results for our customers. If you have a disability and need a workplace accommodation or adjustment during the application and hiring process, including support for the interview or onboarding process, please visit https://amazon.jobs/content/en/how-we-hire/accommodations for more information. If the country/region you’re applying in isn’t listed, please contact your Recruiting Partner."
https://in.indeed.com/viewjob?jk=0b9a6a9eee04d328,2026-10-02,,TransUnion,Technical Product Manager,"TN, IN",,DM,,,85,Fresh,q_apm_01,0-2y,False,"TransUnion's Job Applicant Privacy Notice

**Team Overview**

What: we drive credit risk solution delivery as technical product managers
  
  
How: we deliver new products to market, enhance existing products, modernize our platforms and products, and innovate new technical solutions for customers
  
  
Who: Technical product mangement leader will be Carla Leatherman&#xa;&#xa;This is a hybrid position and involves regular performance of job responsibilities virtually as well as in-person at an assigned TU office location for a minimum of two days a week.  
  

**Role Overview And Core Responsibilities**

**Overview**

We are seeking a Technical Product Manager, Advisor to own technical delivery and application outcomes for a major product area or program workstream. You will translate strategy into a feasible 2–3 PI roadmap and lead multiple teams through design, build, testing, release, adoption, and continuous improvement.

  
  

This role may support real-time products and partners with Solutions, Data Science, Analytics, Compliance, Engineering, and Operations to deliver scalable credit risk solutions.

  
  

Success requires technical fluency, concise communication, independent judgment, and influence across a complex matrix. The TPM Advisor aligns partners, manages dependencies, and escalates issues with clear options and trade-offs.

  
  

**Why the role exists:** Turn product strategy into coordinated technical delivery for complex, multi-team initiatives, specifically for our online credit risk products.

**Outcomes it drives:** Predictable delivery, scalable and compliant solutions, stronger adoption, reliability, customer value, and growth.

**What the person owns:** The roadmap, priorities, dependencies, risks, cross-functional decisions, release readiness, launch, and continuous improvement for online credit risk products.

  
  

**Required Knowledge And Experiences**

### **Core Responsibilities**

**Workstream Strategy & Delivery Leadership**

* Translate strategy into a feasible, KPI-aligned roadmap for a major workstream across multiple teams and 2–3 PIs.
* Own priorities, sequencing, capacity assumptions, delivery waterlines, dependencies, and readiness criteria.
* Lead strategic Alternative Credit initiatives, including Alternative Data, Blended Scores, integrations, compliance, modernization, and customer onboarding.
* Resolve competing priorities using customer value, impact, risk, feasibility, urgency, and opportunity cost.
* Maintain predictable delivery by surfacing trade-offs and driving timely corrective action.

**Cross Functional Program Leadership**

* Lead complex delivery across Solutions, Engineering, Data Science, Analytics, Compliance, Operations, Architecture, Customer Success, and support teams.
* Turn roadmap commitments into outcome-based plans with clear milestones, owners, forecasts, dependencies, and success measures.
* Manage cross-team risks, impediments, and decisions; escalate with clear options, impacts, and recommendations.
* Establish planning, forecasting, risk-review, and KPI cadences that improve transparency and accountability.
* Provide stakeholders clear visibility into delivery health, changes, and corrective actions.

**Product Development Lifecycle Ownership**

* Own delivery from discovery and commitment through launch, adoption, and iteration.
* Maintain traceability across outcomes, roadmap commitments, requirements, delivery plans, releases, and results.
* Re-plan using customer feedback, KPIs, regulatory changes, risk, capacity, and readiness.
* Lead discovery, requirements, and solution trade-offs for complex, high-visibility initiatives.
* Ensure regulatory, model-governance, audit, data-quality, operational, and customer requirements are met.

**Quality, Risk & Operational Readiness**

* Lead workstream-level delivery, technical, operational, security, compliance, regulatory, and customer risk management.
* Maintain mitigation plans, escalation paths, release gates, readiness reviews, and clear accountability across teams.
* Balance timeline, scope, quality, technical debt, and operational risk in delivery recommendations.
* Partner with engineering to monitor reliability, defects, stability, and post-launch outcomes.
* Use root-cause analysis and lessons learned to reduce recurring issues and rework.

**Technical Expectations**

The Technical Product Manager understands application architecture, data flows, integration patterns, cloud constraints, and operational considerations well enough to guide delivery decisions with engineering.

* Partner with engineering and architecture on application design, implementation, testing, documentation, and operational readiness.
* Guide data-processing and integration decisions involving data movement, performance, resilience, debugging, and environment readiness.
* Partner with Data Science and Analytics to productionize models, features, score workflows, monitoring, and performance measures.
* Balance customer value, compliance, reliability, scalability, time to value, and technical debt.
* Communicate requirements, decisions, risks, trade-offs, and status clearly to technical teams and leaders.

**Leadership Expectations**

Lead through influence and ambiguity, align teams on priorities and trade-offs, and operate independently while strengthening delivery practices and outcomes.

* Set clear workstream priorities and delivery guardrails while empowering teams to execute.
* Build commitment through evidence, transparency, and clear trade-offs.
* Influence stakeholders without direct authority and maintain alignment through change.
* Coach junior TPMs and partner teams on planning, execution, risk, and accountability.

**Qualifications**

* Typically 8+ years in technical product management, application development, engineering, systems analysis, or data-processing delivery, including ownership of a major workstream across multiple teams.
* Bachelor’s degree required; financial services, insurance, or banking experience preferred.
* Experience with Agile/Scrum or SAFe delivery from requirements through post-launch adoption.
* Proven ability to translate strategy into a KPI-aligned 2–3 PI roadmap with priorities, capacity, waterlines, dependencies, and trade-offs.
* Demonstrated ownership of multi-team execution, credible forecasts, cross-functional decisions, and corrective action.
* Experience leading risk, quality, release, and operational readiness, including evidence-based escalation and post-launch improvement.
* Strong technical partnership skills across application design, data processing, integrations, cloud platforms, performance, resiliency, and operational readiness.
* Clear written and verbal communication for business, technical, and senior leadership audiences.
* Ability to influence without authority and strengthen the practices of junior TPMs and partner teams.
* **Preferred:** Experience with credit risk, consumer reporting, FCRA, model governance, alternative data, scores or predictive models, cloud modernization, and GCP or AWS in an online environment; SAFe PO/PM or related certification.

**Expectations in the First 90 Days**

* Learn the product strategy, application ecosystem, delivery model, FactorTrust platform, Alternative Data products, Blended Scores, customer use cases, and regulatory context.
* Build strong partnerships across Product, Engineering, Data Science, Analytics, Compliance, Operations, Legal, Marketing, and Customer Success.
* Assess the roadmap, delivery health, dependencies, quality controls, and operational risks; recommend an initial 2–3 PI plan.
* Establish a multi-team cadence for planning, forecasting, risk review, decisions, KPI reporting, ownership, and escalation.

**What You’ll Accomplish Beyond 90 Days**

* Independently lead discovery, solution design, delivery, testing, release, and adoption for complex initiatives.
* Own a feasible, KPI-aligned roadmap and delivery waterline across multiple teams and 2–3 PIs.
* Drive Alternative Credit and FactorTrust initiatives from concept through production, including compliance and modernization work.
* Lead quality, risk, release, and operational readiness; identify exposure early and drive mitigation.
* Deliver measurable improvements in customer value, adoption, reliability, compliance, efficiency, and growth.
* Introduce reusable planning, forecasting, governance, and readiness practices
  

  

**TransUnion Overview:**

At TransUnion, we encourage and are committed to creating a real, positive impact and shared sense of purpose within our **Workforce for Good** , which empowers our people to grow, innovate and contribute to a better future for our communities and customers. We strive to build an environment where our associates are in the driver’s seat of their professional development— while having access to help along the way. We recognize that success comes when our associates thrive both professionally and personally; that’s why we prioritize work/life flexibility and offer resources for our teams across the globe to collaborate and drive excellence.

  

Be a part of our **Workforce for Good** – you’ll work with great people, pioneering products and cutting-edge technology.

  
  

TransUnion Job Title

  
  
  
Advisor, Product Management"
https://in.indeed.com/viewjob?jk=ab8ff2273658065d,2026-10-02,,TransUnion,Technical Product Manager,"TN, IN",,DM,,,85,Fresh,q_apm_01,0-2y,False,"TransUnion's Job Applicant Privacy Notice

**Team Overview**

Overview
  
We are seeking a Technical Product Manager, Senior Advisor to own strategy, investment, delivery, and outcomes for a full product line or large platform domain. This leader sets multi-year direction, converts trends and risks into funded roadmaps, coordinates delivery across organizations, and drives improvements in customer value, quality, scalability, resilience, and efficiency.
  
  
This role may serve as the Technical Product Manager for our batch delivered products. The TPM partners with Solutions, Data Science, Analytics, Compliance, Engineering, and Operations teams to deliver scalable credit risk solutions that support lenders, consumers, and enterprise customers.
  
  
Success requires strategic judgment, technical fluency, and influence in a complex matrix. The TPM Senior Advisor aligns Director-level stakeholders, coaches managers and senior individual contributors, and frames decisions with clear options, risks, and recommendations.
  
  
Why the role exists: Turn product strategy into coordinated technical delivery for complex, multi-team initiatives, specifically for our batch credit risk products.
  
  
Outcomes it drives: Predictable delivery, scalable and compliant solutions, stronger adoption, reliability, customer value, and growth.
  
  
What the person owns: The roadmap, priorities, dependencies, risks, cross-functional decisions, release readiness, launch, and continuous improvement for batch credit risk products.&#xa;&#xa;This is a hybrid position and involves regular performance of job responsibilities virtually as well as in-person at an assigned TU office location for a minimum of two days a week.  
  

**Role Overview And Core Responsibilities**

**Core Responsibilities**

**Product Line Strategy & Complex Delivery Leadership**

* Set integrated, multi-year direction for a product line or platform, balancing demand, capacity, funding, dependencies, and outcomes.
* Own a capacity-constrained roadmap with clear waterlines, sequencing, KPIs, investment choices, and readiness criteria.
* Resolve cross-organizational priorities using value, impact, risk, urgency, feasibility, and opportunity cost.
* Create planning mechanisms that improve transparency, predictability, investment allocation, and value realization.

**Cross Functional Program Leadership**

* Lead complex delivery across Solutions, Engineering, Data Science, Analytics, Compliance, Operations, Architecture, Customer Success, and support teams.
* Turn roadmap commitments into outcome-based plans with clear milestones, owners, forecasts, dependencies, and success measures.
* Remove structural blockers and maintain senior stakeholder alignment through ambiguity and change.
* Establish reusable governance, operating models, and KPI-based cadences that improve delivery performance.
* Provide leaders clear visibility into delivery health, risks, forecasts, decisions, and corrective actions.

**Product Development Lifecycle Ownership**

* Own delivery from strategy and commitment through launch, adoption, modernization, and retirement.
* Maintain traceability across outcomes, roadmap commitments, requirements, delivery plans, releases, and results.
* Re-plan using customer feedback, KPIs, market and regulatory changes, risk, capacity, and readiness.
* Lead discovery and solution shaping, aligning teams on outcomes, architecture, trade-offs, and sequencing.
* Enforce readiness, completion, quality, approval, and release standards.
* Use retrospectives and root-cause analysis to reduce rework and recurring delivery friction.

**Quality, Risk & Operational Readiness**

* Anticipate systemic delivery, technical, operational, security, compliance, regulatory, and customer risks.
* Establish risk, quality, and readiness mechanisms, including mitigation plans, escalation paths, release gates, and readiness reviews.
* Use data-driven risk assessments to influence architecture, investment, operating, and delivery decisions.
* Partner with engineering to monitor reliability, defects, technical debt, stability, and post-launch outcomes.
* Drive improvements that reduce recurring exposure, incidents, rework, and customer impact.

**Technical Expectations**

The Technical Product Manager understands distributed systems, cloud scaling, data flows, integration patterns, and platform constraints well enough to guide architecture and connect modernization to business strategy.

* Partner with architecture and engineering leaders on target-state design, modernization, and reusable platform capabilities.
* Guide decisions on cloud scale, resilience, performance, data processing, integrations, and migration sequencing.
* Balance customer value, security, compliance, reliability, time to value, and total cost of ownership.
* Ensure coherent data flows, APIs, events, batch processes, and integration patterns.
* Use technical and operational measures to steer investment and communicate trade-offs to senior stakeholders.
* Promote simplification, automation, observability, reusable patterns, and legacy retirement.

**Leadership Expectations**

Leads through influence and ambiguity, coaches managers and senior individual contributors, and aligns Director-level stakeholders on direction, investment, trade-offs, and accountability.

* Set clear strategic and architectural guardrails while empowering teams to decide and deliver.
* Coach leaders on product and systems thinking, prioritization, influence, risk, and outcomes.
* Build commitment through evidence, transparency, and clear trade-offs.
* Maintain trust, momentum, and outcome focus through significant change.
  

  

**Required Knowledge And Experiences**

**Qualifications**

* Typically 10+ years in technical product management, engineering, architecture, systems analysis, data platforms, or related roles.
* Experience in financial services, insurance, or banking; bachelor’s degree required.
* Proven ownership of a product line or large platform, including multi-year strategy, funded roadmaps, and measurable outcomes.
* Success leading complex cross-organizational delivery and senior stakeholder alignment through change.
* Strong executive communication and decision framing.
* Ability to guide decisions involving distributed systems, cloud scaling, data flows, integrations, resilience, and modernization.
* Experience using KPIs to identify bottlenecks and improve technology, processes, and operating models.
* Experience with data-intensive financial products, credit risk, consumer reporting, scorecards, predictive models, or alternative data.
* **Preferred:** FCRA and model-governance knowledge; multi-source data products; SAFe PO/PM or related certification; GCP or AWS; credit data, scores, or attributes; lending or financial-decisioning platforms; and legacy-to-cloud modernization.

**Expectations in the First 90 Days**

* Build a clear view of product strategy, customers, economics, architecture, operations, obligations, commitments, and risks.
* Establish decision paths with senior business and technology partners.
* Assess the roadmap, funding, KPIs, delivery health, modernization path, dependencies, and key bottlenecks.
* Confirm near-term priorities and outline the multi-year direction and improvement agenda.

**What You’ll Accomplish Beyond 90 Days**

* Own a funded multi-year roadmap with clear investments, outcomes, dependencies, and measures.
* Lead cross-organizational delivery aligned to architecture, sequencing, risk, readiness, and business outcomes.
* Run a KPI-based rhythm that surfaces bottlenecks, drives accountability, and produces structural improvements.
* Advance platform modernization with architecture and engineering leaders.
* Influence Director-level stakeholders and coach managers and senior individual contributors.
* Improve customer value, adoption, delivery flow, reliability, compliance, efficiency, and total cost of ownership.
  

  

**TransUnion Overview:**

At TransUnion, we encourage and are committed to creating a real, positive impact and shared sense of purpose within our **Workforce for Good** , which empowers our people to grow, innovate and contribute to a better future for our communities and customers. We strive to build an environment where our associates are in the driver’s seat of their professional development— while having access to help along the way. We recognize that success comes when our associates thrive both professionally and personally; that’s why we prioritize work/life flexibility and offer resources for our teams across the globe to collaborate and drive excellence.

  

Be a part of our **Workforce for Good** – you’ll work with great people, pioneering products and cutting-edge technology.

  
  

TransUnion Job Title

  
  
  
Sr Advisor, Product Management"
https://in.indeed.com/viewjob?jk=aa9c033f6f576123,2026-10-02,,Arup,Product Manager (AI/ML),"TS, IN",,DM,,,85,Fresh,q_apm_01,0-2y,False,"Product Management

UKIMEA Region



HYD00003A Requisition #

**Joining Arup**

Arup is an UK-headquartered independent firm with 92 offices in 34 countries and 18,000+ staff across the globe. Dedicated to sustainable development, Arup is a collective of engineers, designers, consultants, and experts worldwide. Founded to be humane and excellent, we collaborate with our clients and partners using imagination, technology, and rigour to shape a better world.

Working for Arup India, offers the chance to work on exciting projects with a truly collaborative team including top experts in their field who are approachable and always happy to help. It's an exciting time to be a part our growth in India.

**The Opportunity**

Arup Digital Products (ADP) are seeking a Product Manager to lead the strategy, development and delivery of AI and Machine Learning capabilities across Arup’s engineering simulation software portfolio. This role will focus on identifying, scoping and delivering high-value AI/ML features that enhance engineering productivity, accelerate simulation workflows and unlock new insights from simulation data.

This is an opportunity to own the product vision and roadmap for AI/ML functionality end to end, working at the intersection of data science, simulation engineering and software product development. You will collaborate with product, engineering and data science teams in India and the UK, as well as customers worldwide, to embed practical AI/ML capabilities into established CAE workflows used by automotive and aerospace customers.

At Arup, you belong to an extraordinary collective – in which we encourage individuality to thrive. Our strength comes from how we respect, share and connect our diverse experiences, perspectives and ideas.

You will have the opportunity do socially useful work that has meaning – to Arup, to your career, to our members and to the clients and communities we serve.

  

**Is this role right for you?**

We are looking for:

* Demonstrable experience owning and delivering software products across the full product lifecycle, including discovery, delivery and launch.
* Experience working with AI/ML technologies in a product context, with a strong conceptual understanding of techniques, data requirements, evaluation, validation and practical deployment considerations.
* The ability to translate complex technical and CAE workflow requirements into clear user stories, acceptance criteria and value-led product narratives.
* Hands-on experience with agile development methodologies, cross-functional delivery teams and evidence-based prioritisation.
* Strong communication and stakeholder management skills, with the ability to influence technical and non-technical audiences, senior stakeholders and international customers.
  

**Reward and Benefits**

We offer a competitive salary at all levels, and one of the best benefits packages in our sector. Core benefits include Provident Fund contribution, NPS option, Mediclaim cover (incl. family), Term Life and Accident Insurance, Employee Assistance Prog. scheme for the family to safeguard your physical and mental wellbeing. In addition, all permanent employees are eligible for the Global Profit Share scheme. Subject to scheme rules employees can receive two Profit Share payments per year, which are dependent on the firm’s financial performance.

  

**Different people, shared values**

At Arup, we believe when talented people collaborate, great things are possible. Arup hires people with proven skills and open minds. We are taking deliberate action to create an inclusive culture that is grounded in our purpose to shape a better world.

At Arup, we welcome candidates from all backgrounds, regardless of age, disability, gender, gender identity, gender expression, race, religion or belief, sexual orientation, socioeconomic background, and any other protected characteristic. Our internal employee networks - BAME, Culture, Disability, LGBTQ+ and Women - provide a space for you to express your views and to make a positive difference - discover more about life at Arup here.

At Arup, we are committed to making all stages of our recruitment process accessible to candidates with disabilities. Please speak to our recruitment team and we will work with you to make reasonable adjustments to ensure you can perform at your best throughout your application.

At Arup, we appreciate that everyone’s circumstances are different and having the freedom to flex the way we work is essential to our wellbeing. If flexibility matters to you let us know when you apply, and we will discuss how this could work in your role.

**What happens next?**

If this could be the next step in your journey, please apply online. All applications will be considered, and we will try our very best to respond to you within 72 hours of receiving your application.

Stay safe online - Arup will never ask for payment or your bank details as part of our recruitment process.

#LI-DNI"
https://in.indeed.com/viewjob?jk=3bbb60ead7c01d3b,2026-10-02,,nan,"Product Owner, Workday, Compensation & Advance Compensation","KA, IN",TalentAcquisitionIndia@revantage.com,email,,,85,Fresh,q_apm_01,0-2y,True,"**Position Overview**  
  
The **Experienced Product Owner** is an experienced, functionally deep Workday professional who owns one or more Workday modules end-to-end on behalf of Revantage and its PortCos. This is not a passive coordination role — it is an active, hands-on domain mastery role. You are the subject-matter expert, the decision-maker, the stakeholder champion, and the product strategist for your assigned module(s). You will work across a complex multi-PortCo environment, running user forums, managing the release roadmap, driving adoption, and continuously finding ways to extract more value from the platform. This role focuses on the **Total Rewards: Compensation & Advance Compensation** Module. Additional module expertise is a plus.
  
  
**Key Responsibilities**  
  
**Domain Ownership & Functional Mastery**

  

* Own your assigned Workday module(s): **Compensation & Advance Compensation** end-to-end — from strategy and design through configuration, testing, deployment, and ongoing optimization.
* Develop and maintain deep functional expertise in your domain(s), staying current with Workday product updates, roadmap changes, and community best practices.
* Serve as the primary point of contact and escalation resource for your module area across all PortCos.
* Maintain comprehensive knowledge of how your module(s) interact with upstream and downstream systems and processes — and design solutions with those dependencies in mind.
* Think beyond Workday: identify complementary or supplementary technologies that could enhance capability in your domain — whether that is AI-powered tools, third-party integrations, or adjacent platforms.

**PortCo Engagement & Stakeholder Management**

  

* Build and maintain strong relationships with HR leaders, operations teams, and business stakeholders across multiple PortCos.
* Act as a trusted advisor — understanding each PortCo's unique workforce model, business context, and HR priorities.
* Run structured Product Owner forums, working groups, and user communities to surface requirements, share updates, and drive alignment.
* Manage competing priorities across PortCos with transparency — communicating trade-offs, timelines, and decisions clearly to all stakeholders.
* Facilitate requirements workshops and design sessions, translating business needs into clear, actionable Workday solutions.

**Roadmap & Release Ownership**

  

* Own and maintain the product roadmap for your module(s) — balancing strategic enhancements, PortCo-driven requirements, bug fixes, and Workday release adoption.
* Evaluate every Workday bi-annual release for impact and opportunity within your domain — leading opt-in decisions, testing, and rollout planning.
* Prioritize the backlog in collaboration with stakeholders, the Functional Architect, and People Technology leadership.
* Ensure all enhancements are delivered with appropriate change management, training, and communications to end users and HR teams.
* Track and report on the delivery and benefit realization of roadmap initiatives.

**Hands-On Delivery**

  

* Remain hands-on with Workday configuration in your module area — able to configure, test, validate and deploy.
* Lead user acceptance testing (UAT) for enhancements and releases within your domain.
* Create design documents, configuration specifications, and test plans before deployment.
* Own day-to-day delivery.

**Ecosystem & Innovation Thinking**

  

* Continuously evaluate the HR technology landscape for innovations relevant to your module area — e.g., AI in recruiting, manager effectiveness tools, payroll analytics.
* Propose and build the business case for technology enhancements or new tool adoption where Workday alone does not fully meet business needs.
* Collaborate with vendors (Workday, Paradox, HiredScore, Peakon, etc.) to stay ahead of product developments and advocate for Revantage's priorities.

**Required Qualifications**

  

* 5+ years of Workday functional experience with deep, hands-on expertise in at least two Workday modules.
* Demonstrated experience owning a Workday module in a production environment — including enhancements, releases, stakeholder management, and roadmap ownership.
* Nice to have experience working in a multi-entity, multi-PortCo, or shared-services HR technology model.
* Strong understanding of Workday business process configuration, security roles, reporting, and calculated fields.
* Proven ability to engage and influence senior HR stakeholders without direct authority.
* Experience running forums, steering committees, or user communities across a distributed stakeholder base.
* Global Workday implementation or support experience — able to navigate multi-jurisdiction complexity.
* Excellent written and verbal communication skills — able to translate technical concepts for business audiences and vice versa.

**Module-specific Experience (by Role): Compensation & Advanced Compensation**  
  
Salary structures, merit and bonus planning, compensation cycles, and global pay practices — configuration and operational support.

* **Compensation Structures:** Grade profiles, salary ranges, pay bands, compensation plans (salary, hourly, allowance), and eligibility rules.
* **Merit & Bonus Planning:** Merit matrices, bonus plan configuration, target amounts, proration rules, and manager worksheet setup.
* **Compensation Cycles:** Annual and off-cycle review configuration, approval routing, budget pools, and cycle administration.
* **Advanced Compensation:** Long-term incentive plans, equity award management, one-time payments, and complex plan eligibility.
* **Global Pay Practices:** Multi-currency compensation, country-specific allowances, cost-of-living adjustments, and grade localization.
* **Integrations & Reporting:** Payroll input mapping, compensation statement generation, comp data audits, and Prism-ready pay analytics

**Preferred Qualifications**

  

* Workday Pro certification in one or more relevant modules.
* Experience with third-party HR technology integrations and vendor management.
* Exposure to change management methodologies and communication planning.
* Prior experience in private equity, financial services, or multi-company real estate environments.
* Familiarity with Agile or product management frameworks (backlog management, sprint planning, road mapping tools).

**About Revantage**  
  
Revantage is a Blackstone portfolio company and a leading provider of corporate services across Blackstone's Real Estate portfolio. Headquartered in Chicago, Revantage supports a diverse and complex ecosystem of portfolio companies (PortCos) spanning residential, commercial, logistics, hospitality, and life-sciences real estate globally — across North America, Europe, and Asia-Pacific.  
  
Our People Technology team sits at the centre of this multi-entity, multi-jurisdictional operating model. We run a single Workday tenant that serves a federated landscape of PortCos, each with its own workforce, HR policies, compensation structures, payroll requirements, and compliance obligations. This complexity demands technology professionals who thrive in ambiguity, operate with an enterprise mindset, and can design solutions that scale across legal entities, geographies, and business models.

*Job Applicant Privacy Notice*

***EEO Statement***

*The Company is an equal opportunity employer. In accordance with applicable law, we prohibit discrimination against any applicant, employee, or other covered person based on any legally recognized basis, including, but not limited to: veteran status, uniformed servicemember status, race, color, caste, immigration status, religion, religious creed (including religious dress and grooming practices), sex, gender, gender expression, gender identity, marital status, sexual orientation, pregnancy (including childbirth, lactation or related medical conditions), age, national origin or ancestry, citizenship, physical or mental disability, genetic information (including testing and characteristics), protected leave status, domestic violence victim status, or any other consideration protected by federal, state or local law. We are committed to providing reasonable accommodations, if you need an accommodation to complete the application process, please email* *TalentAcquisitionIndia@revantage.com*"
https://in.indeed.com/viewjob?jk=d68ae87b035e32a3,2026-10-02,,nan,"Product Owner, Workday, Time Tracking & Absence Management","KA, IN",TalentAcquisitionIndia@revantage.com,email,,,85,Fresh,q_apm_01,0-2y,True,"**Position Overview**  
  
The **Experienced Product Owner** is an experienced, functionally deep Workday professional who owns one or more Workday modules end-to-end on behalf of Revantage and its PortCos. This is not a passive coordination role — it is an active, hands-on domain mastery role. You are the subject-matter expert, the decision-maker, the stakeholder champion, and the product strategist for your assigned module(s). You will work across a complex multi-PortCo environment, running user forums, managing the release roadmap, driving adoption, and continuously finding ways to extract more value from the platform. This role focuses on the **Time Tracking & Absence Management** Module. Additional module expertise is a plus.
  
  
**Key Responsibilities**  
  
**Domain Ownership & Functional Mastery**

  

* Own your assigned Workday module(s): **Time Tracking & Absence Management** end-to-end — from strategy and design through configuration, testing, deployment, and ongoing optimization.
* Develop and maintain deep functional expertise in your domain(s), staying current with Workday product updates, roadmap changes, and community best practices.
* Serve as the primary point of contact and escalation resource for your module area across all PortCos.
* Maintain comprehensive knowledge of how your module(s) interact with upstream and downstream systems and processes — and design solutions with those dependencies in mind.
* Think beyond Workday: identify complementary or supplementary technologies that could enhance capability in your domain — whether that is AI-powered tools, third-party integrations, or adjacent platforms.

**PortCo Engagement & Stakeholder Management**

  

* Build and maintain strong relationships with HR leaders, operations teams, and business stakeholders across multiple PortCos.
* Act as a trusted advisor — understanding each PortCo's unique workforce model, business context, and HR priorities.
* Run structured Product Owner forums, working groups, and user communities to surface requirements, share updates, and drive alignment.
* Manage competing priorities across PortCos with transparency — communicating trade-offs, timelines, and decisions clearly to all stakeholders.
* Facilitate requirements workshops and design sessions, translating business needs into clear, actionable Workday solutions.

**Roadmap & Release Ownership**

  

* Own and maintain the product roadmap for your module(s) — balancing strategic enhancements, PortCo-driven requirements, bug fixes, and Workday release adoption.
* Evaluate every Workday bi-annual release for impact and opportunity within your domain — leading opt-in decisions, testing, and rollout planning.
* Prioritize the backlog in collaboration with stakeholders, the Functional Architect, and People Technology leadership.
* Ensure all enhancements are delivered with appropriate change management, training, and communications to end users and HR teams.
* Track and report on the delivery and benefit realization of roadmap initiatives.

**Hands-On Delivery**

  

* Remain hands-on with Workday configuration in your module area — able to configure, test, validate and deploy.
* Lead user acceptance testing (UAT) for enhancements and releases within your domain.
* Create design documents, configuration specifications, and test plans before deployment.
* Own day-to-day delivery.

**Ecosystem & Innovation Thinking**

  

* Continuously evaluate the HR technology landscape for innovations relevant to your module area — e.g., AI in recruiting, manager effectiveness tools, payroll analytics.
* Propose and build the business case for technology enhancements or new tool adoption where Workday alone does not fully meet business needs.
* Collaborate with vendors (Workday, Paradox, HiredScore, Peakon, etc.) to stay ahead of product developments and advocate for Revantage's priorities.

**Required Qualifications**

  

* 5+ years of Workday functional experience with deep, hands-on expertise in at least two Workday modules.
* Demonstrated experience owning a Workday module in a production environment — including enhancements, releases, stakeholder management, and roadmap ownership.
* Nice to have experience working in a multi-entity, multi-PortCo, or shared-services HR technology model.
* Strong understanding of Workday business process configuration, security roles, reporting, and calculated fields.
* Proven ability to engage and influence senior HR stakeholders without direct authority.
* Experience running forums, steering committees, or user communities across a distributed stakeholder base.
* Global Workday implementation or support experience — able to navigate multi-jurisdiction complexity.
* Excellent written and verbal communication skills — able to translate technical concepts for business audiences and vice versa.

**Module-specific Experience (by Role): Time & Absence**  
  
Time tracking, leave management, scheduling, and absence compliance — configuration and operational support.

* **Time Tracking:** Time entry methods (web clock, mobile, elapsed vs. in/out), time entry templates, calculation rules, overtime, and manager approval workflows.
* **Absence Management:** Leave type configuration (PTO, sick, parental, unpaid), accrual plans, carryover/payout rules, eligibility conditions, and balance adjustments.
* **Compliance:** Country-specific leave entitlements, statutory mandates (FMLA, local requirements), and leave of absence business processes.

**Preferred Qualifications**

  

* Workday Pro certification in one or more relevant modules.
* Experience with third-party HR technology integrations and vendor management.
* Exposure to change management methodologies and communication planning.
* Prior experience in private equity, financial services, or multi-company real estate environments.
* Familiarity with Agile or product management frameworks (backlog management, sprint planning, road mapping tools).

**About Revantage**  
  
Revantage is a Blackstone portfolio company and a leading provider of corporate services across Blackstone's Real Estate portfolio. Headquartered in Chicago, Revantage supports a diverse and complex ecosystem of portfolio companies (PortCos) spanning residential, commercial, logistics, hospitality, and life-sciences real estate globally — across North America, Europe, and Asia-Pacific.  
  
Our People Technology team sits at the centre of this multi-entity, multi-jurisdictional operating model. We run a single Workday tenant that serves a federated landscape of PortCos, each with its own workforce, HR policies, compensation structures, payroll requirements, and compliance obligations. This complexity demands technology professionals who thrive in ambiguity, operate with an enterprise mindset, and can design solutions that scale across legal entities, geographies, and business models.

*Job Applicant Privacy Notice*

***EEO Statement***

*The Company is an equal opportunity employer. In accordance with applicable law, we prohibit discrimination against any applicant, employee, or other covered person based on any legally recognized basis, including, but not limited to: veteran status, uniformed servicemember status, race, color, caste, immigration status, religion, religious creed (including religious dress and grooming practices), sex, gender, gender expression, gender identity, marital status, sexual orientation, pregnancy (including childbirth, lactation or related medical conditions), age, national origin or ancestry, citizenship, physical or mental disability, genetic information (including testing and characteristics), protected leave status, domestic violence victim status, or any other consideration protected by federal, state or local law. We are committed to providing reasonable accommodations, if you need an accommodation to complete the application process, please email* *TalentAcquisitionIndia@revantage.com*"
https://in.indeed.com/viewjob?jk=6451a280822b5a1a,2026-10-01,,LSEG (London Stock Exchange Group),Technical Product Owner,"KA, IN",,DM,,,85,Fresh,q_apm_01,0-2y,False,"**ROLE SUMMARY:**

As the Technical Product Owner you will need to be technically strong and product-minded as you will be leading the development and evolution of our Content Sourcing Systems!

You will be responsible for defining platform capabilities that enable secure, scalable, and efficient collection of all non-realtime data for LSEG Data and Analytics.

You’ll be joining our Data Platforms Sourcing Engineering team as a Senior Technical Product Owner. This team’s products are the tools used by Content Operations and Data Scientists to find, retrieve, check, validate and transform all the data behind LSEG’s provision of financial market data to over 40,000 customers.

You will work with customers across LSEG to define new tools and capabilities that consolidate, modernise and grow D&A’s data collection.

By building trust with partners, managing expectations transparently, and ensuring alignment across teams, you will build solutions that provide measurable business value. Success will be measured not only by delivery, but also by adoption, customer satisfaction, and time-to-value.

  

**Key responsibilities will include:**

* Defining, prioritizing, and delivering desirable, feasible, viable, and secure Sourcing products.

* Creating the product vision/roadmap, managing the program backlog, identifying customer needs, and aligning ART efforts with business strategy.

* Articulating the roadmap, value decisions and trade-offs, and priorities to customers across the organisation, including senior leaders and non-technical staff.

* Drive PI planning to ensure teams are aligned on outcomes, dependencies and integration

  

**WHAT YOU'LL BE DOING:**

**Platform Ownership:** Own and evolve the product vision, roadmap, and strategy for Sourcing Engineering and its core capabilities, acting as the interface between the business stakeholders and development teams.

**Product Backlog & Outcome:** Own and communicate a product backlog of epics and features, leading trade-off decisions to balance customer needs, architectural integrity, and business value.

**Capability Development:** Define and deliver new platform features to support self-service teams to meet their goals of agility and flexibility in the creation and delivery of data products.

**Strategic Road mapping:** Collaborate with engineering, operations and data strategy leadership to shape the long-term platform strategy based on customer insights, emerging technologies, and enterprise needs.

**Modern Product Practices:** Together with System Architect and Release Train Engineer, lead large-scale agile delivery (SAFe), manage cross-team coordination, and ensure transparency across stakeholders.

**Developer Enablement:** Champion design thinking and user journey clarity to ensure features address real user needs; attend demos and provide approval when deliverables meet business needs.

**Agile Ceremony Cadence:** Drive ART readiness for PI Planning by coordinating across interested parties including, Product Owners, technology, and Business Owners to align scope and objectives.

**Cross ART Collaboration:** Work with other ARTs to set product goals and roadmap; promote shared accountability across functions & streams and proactively calling out blockers & risks to ensure a “no-surprises” environment.

**Innovation, Security & Compliance:** Champion new technologies and processes, balanced against the need to maintain rigorous security controls, and compliance with applicable regulations and laws.

  

**WHAT YOU'LL BRING:**

* 15+ years of professional experience in product management, product ownership, and data or platform engineering or a related field.

* Proven ability to communicate succinctly with functional teams, partners of all levels and leadership.

* Product ownership experience working with Scrum teams, attending scrum ceremonies, owning the scrum team backlog.

* Ability to elicit requirements from customers and articulate them as hierarchical user story format (Epics, Features, Stories).

* Financial services experience; knowledge of data used within financial services.

* Experience of Agile methodologies, ideally with a certification (SAFe or similar).

* Computer Science, Engineering, or a related STEM education.

* Preferred Skills

* Hands-On JIRA and Confluence proficiency, familiarity with agile reporting dashboards.

* Knowledge and experience with end-to-end processes of data collection, processing, and distribution, including understanding of data operations/content operations workflows.

* Exposure to technology platforms, architecture principles, and enterprise integration patterns.

* Experience with value stream mapping, process improvement, and user journey design.

* Strong analytical approach with a focus on measurable outcomes and business value

  

**What you’ll get in return**

**High-impact projects:** We work on a variety of pioneering AI products and leverage extensive datasets to solve complex, high-value challenges.

**Competitive benefits:** You will enjoy a strong compensation package, comprehensive benefits, and ongoing investment in career growth and skill development.

**Industry leadership:** This is an opportunity to be a founding member of the organization that’s delivering brand-new products that democratize modeling and analytics solutions.

**Collaborative environment** : We provide opportunities for continuous learning and professional development in a work environment of dedicated, highly experienced teams.

  

We recognize that to attract the best talent, we need to be flexible, and we are open to discussing work arrangements with you. We take a hybrid approach to the workplace; this role is considered ‘digital first’, which requires attending the office at least one day per week while some teams and colleagues choose to collaborate in the office more frequently.
  
  
You will experience the critical role we have in helping to re-engineer the financial ecosystem to support and drive sustainable economic growth. Together, we are aiming to achieve this growth by accelerating the just transition to net zero, enabling growth of the green economy and creating inclusive economic opportunity.

  

**We're proud to have been recognised as a Great Place to Work® in India ‘25**

  

**Career Stage:**

Manager

**London Stock Exchange Group (LSEG) Information:**

Join us and be part of a team that values innovation, quality, and continuous improvement. If you're ready to take your career to the next level and make a significant impact, we'd love to hear from you.

LSEG is a leading global financial markets infrastructure and data provider. Our purpose is driving financial stability, empowering economies and enabling customers to create sustainable growth.

Our purpose is the foundation on which our culture is built. Our values of **Integrity, Partnership** , **Excellence** and **Change** underpin our purpose and set the standard for everything we do, every day. They go to the heart of who we are and guide our decision making and everyday actions.

Working with us means that you will be part of a dynamic organisation of 25,000 people across 65 countries. However, we will value your individuality and enable you to bring your true self to work so you can help enrich our diverse workforce.

We are proud to be an equal opportunities employer. This means that we do not discriminate on the basis of anyone’s race, religion, colour, national origin, gender, sexual orientation, gender identity, gender expression, age, marital status, veteran status, pregnancy or disability, or any other basis protected under applicable law. Conforming with applicable law, we can reasonably accommodate applicants' and employees' religious practices and beliefs, as well as mental health or physical disability needs.

You will be part of a collaborative and creative culture where we encourage new ideas. We are committed to sustainability across our global business and we are proud to partner with our customers to help them meet their sustainability objectives. Our charity, the LSEG Foundation provides charitable grants to community groups that help people access economic opportunities and build a secure future with financial independence. Colleagues can get involved through fundraising and volunteering.

LSEG offers a range of tailored benefits and support, including healthcare, retirement planning, paid volunteering days and wellbeing initiatives.

Please take a moment to read this privacy notice carefully, as it describes what personal information London Stock Exchange Group (LSEG) (we) may hold about you, what it’s used for, and how it’s obtained, your rights and how to contact us as a data subject .

If you are submitting as a Recruitment Agency Partner, it is essential and your responsibility to ensure that candidates applying to LSEG are aware of this privacy notice."
https://in.indeed.com/viewjob?jk=3c0bc6bf86bced76,2026-10-01,,Amgen,R-256479- Digital Product Manager (AI),"TS, IN",,DM,,,85,Fresh,q_apm_01,0-2y,False,"India - Hyderabad

JOB ID: R-256479 LOCATION: India - Hyderabad WORK LOCATION TYPE: On Site DATE POSTED: Oct. 01, 2026 CATEGORY: Strategy and Innovation

**Join Amgen’s Mission of Serving Patients**

  
  

At Amgen, if you feel like you’re part of something bigger, it’s because you are. Our shared mission—to serve patients living with serious illnesses—drives all that we do.

Since 1980, we’ve helped pioneer the world of biotech in our fight against the world’s toughest diseases. With our focus on four therapeutic areas –Oncology, Inflammation, General Medicine, and Rare Disease– we reach millions of patients each year. As a member of the Amgen team, you’ll help make a lasting impact on the lives of patients as we research, manufacture, and deliver innovative medicines to help people live longer, fuller happier lives.

Our award-winning culture is collaborative, innovative, and science based. If you have a passion for challenges and the opportunities that lay within them, you’ll thrive as part of the Amgen team. Join us and transform the lives of patients while transforming your career.

  
  

**Digital Product Manager (AI)** The Digital Product Manager at Amgen oversees the lifecycle of digital products, working closely with various teams to define the product vision, roadmap, and growth opportunities.

  
  

**Role Overview**

We are seeking a Digital Product Manager, to join the AI & Data Innovation Lab Product Management Team. This role is focused on rapidly validating high-potential AI and data-driven business opportunities before major investment, helping Amgen determine which AI initiatives should be scaled, refined, paused, or redirected.
  
  
Operating at the intersection of business strategy, AI product innovation, data, technology, and enterprise transformation, this role will provide strategic product leadership across ambiguous, cross-functional opportunities and influence senior business and technology stakeholders on product direction, prioritization, investment, and scale.
  
  
This role requires a strong product mindset, sufficient technical depth to evaluate whether AI and data opportunities are practical, scalable, measurable, and aligned to Amgen’s enterprise technology direction. The successful candidate will understand how AI products are built, validated, deployed, monitored, and scaled in complex enterprise environments.

  
  

**What You’ll Do**

* **Design and execute rapid discovery sprints, prototypes, pilots, user research, and experiments to assess desirability,** feasibility, viability, value, and risk. Use evidence to determine whether opportunities should advance, pivot, pause, or scale.

* Identify, frame, and validate AI-enabled business opportunities across Amgen. Translate broad transformation themes into clear problem statements, testable hypotheses, user needs, data requirements, success metrics, and validation plans.

* Assess how **LLMs, AI agents, machine learning models, NLP, automation, knowledge retrieval, analytics,** and intelligent workflow tools can improve productivity, decision quality, scientific discovery, operational efficiency, and workforce effectiveness.

* Evaluate whether proposed AI opportunities have the right data foundations, system integrations, architecture patterns, model capabilities, security controls, and operational support needed to move from concept to scalable solution.

* Partner with engineering, data science, and technical teams to align on scope, tradeoffs, and execution path.

* Conduct landscape assessments across different industries to learn how AI is leveraged to solve shared problem spaces at the macro level.

* Develop product requirements that account for user experience, data availability, model performance, output quality, explainability, reliability, latency, integration needs, governance, and ongoing measurement.

* Synthesize findings from validation work into clear product recommendations, opportunity briefs, technical feasibility assessments, business cases, and executive-ready narratives. Help leaders make informed decisions about where to invest, scale, or stop.

* **Ensure validation efforts consider responsible AI, data privacy, model risk, cybersecurity, compliance, regulatory** considerations, human oversight, change management, and enterprise scalability from the earliest stages of discovery.

* **Facilitate workshops, discovery sessions, prioritization discussions, technical feasibility reviews, user experience design, process mapping, and decision forums. Communicate complex AI and data concepts in a clear, business-oriented way for senior leaders and non-technical stakeholders.**

**Basic Qualifications:**

* 8-13 years of work experience in the related field
* Doctorate; or Master’s degree and 2 years of Information Systems, Technology, Product, Digital, AI, Data, Business Transformation, or related experience; or

* Bachelor’s degree and 4 years of Information Systems, Technology, Product, Digital, AI, Data, Business Transformation, or related experience; or

* Associate’s degree and 8 years of Information Systems, Technology, Product, Digital, AI, Data, Business Transformation, or related experience; or

* High School Diploma or GED and 10 years of Information Systems, Technology, Product, Digital, AI, Data, Business Transformation, or related experience.

**Preferred Qualifications:**

* 4+ years of product management, product strategy, innovation, consulting, digital transformation, or related experience.

* 2+ years of experience with AI, machine learning, data products, automation, LLMs, agents, NLP, analytics, or enterprise AI solutions.

* Working knowledge of **AI product development**, **including discovery, prototyping, model evaluation, deployment, monitoring, and iteration.**

* Familiarity with generative AI, LLMs, retrieval-augmented generation, AI agents, prompt engineering, model orchestration, NLP, predictive analytics, or intelligent automation.

* Design thinking experience

* Ability to evaluate AI opportunities across desirability, feasibility, viability, value, risk, scalability, and data readiness.

* Experience with AI platforms, MLOps, or enterprise AI architecture.

* Familiarity with AI (e.g., LLMs, agents, NLP) and ML productization at scale.

* Strong presentation and public speaking skills with experience communicating to executives

* Familiarity with biotech workflows (e.g., lab automation, computational biology, clinical data, etc).

* Hands-on ability to analyze product usage, model output quality, or design A/B experiments.

* Comfort working in fast-paced, cross-functional environments where priorities evolve quickly.

* Strong stakeholder management skills, including the ability to build relationships and collaborate effectively across functions and levels.

* Consulting experience, with demonstrated ability to structure and solve complex business problems.

* Experience conducting cross-industry landscape assessments to identify how AI is being leveraged to address shared problem spaces and uncover macro-level trends and opportunities"
https://in.indeed.com/viewjob?jk=c26e0266e341b2e1,2026-10-01,,nan,"Product Owner, Workday, Talent & Performance","KA, IN",TalentAcquisitionIndia@revantage.com,email,,,85,Fresh,q_apm_01,0-2y,True,"**Position Overview**  
  
The **Experienced Product Owner** is an experienced, functionally deep Workday professional who owns one or more Workday modules end-to-end on behalf of Revantage and its PortCos. This is not a passive coordination role — it is an active, hands-on domain mastery role. You are the subject-matter expert, the decision-maker, the stakeholder champion, and the product strategist for your assigned module(s). You will work across a complex multi-PortCo environment, running user forums, managing the release roadmap, driving adoption, and continuously finding ways to extract more value from the platform. This role focuses on the Talent & Performance Module. Additional module expertise is a plus.
  
  
**Key Responsibilities**  
  
**Domain Ownership & Functional Mastery**

  

* Own your assigned Workday module(s): Talent & Performance end-to-end — from strategy and design through configuration, testing, deployment, and ongoing optimization.
* Develop and maintain deep functional expertise in your domain(s), staying current with Workday product updates, roadmap changes, and community best practices.
* Serve as the primary point of contact and escalation resource for your module area across all PortCos.
* Maintain comprehensive knowledge of how your module(s) interact with upstream and downstream systems and processes — and design solutions with those dependencies in mind.
* Think beyond Workday: identify complementary or supplementary technologies that could enhance capability in your domain — whether that is AI-powered tools, third-party integrations, or adjacent platforms.

**PortCo Engagement & Stakeholder Management**

  

* Build and maintain strong relationships with HR leaders, operations teams, and business stakeholders across multiple PortCos.
* Act as a trusted advisor — understanding each PortCo's unique workforce model, business context, and HR priorities.
* Run structured Product Owner forums, working groups, and user communities to surface requirements, share updates, and drive alignment.
* Manage competing priorities across PortCos with transparency — communicating trade-offs, timelines, and decisions clearly to all stakeholders.
* Facilitate requirements workshops and design sessions, translating business needs into clear, actionable Workday solutions.

**Roadmap & Release Ownership**

  

* Own and maintain the product roadmap for your module(s) — balancing strategic enhancements, PortCo-driven requirements, bug fixes, and Workday release adoption.
* Evaluate every Workday bi-annual release for impact and opportunity within your domain — leading opt-in decisions, testing, and rollout planning.
* Prioritize the backlog in collaboration with stakeholders, the Functional Architect, and People Technology leadership.
* Ensure all enhancements are delivered with appropriate change management, training, and communications to end users and HR teams.
* Track and report on the delivery and benefit realization of roadmap initiatives.

**Hands-On Delivery**

  

* Remain hands-on with Workday configuration in your module area — able to configure, test, validate and deploy.
* Lead user acceptance testing (UAT) for enhancements and releases within your domain.
* Create design documents, configuration specifications, and test plans before deployment.
* Own day-to-day delivery.

**Ecosystem & Innovation Thinking**

  

* Continuously evaluate the HR technology landscape for innovations relevant to your module area — e.g., AI in recruiting, manager effectiveness tools, payroll analytics.
* Propose and build the business case for technology enhancements or new tool adoption where Workday alone does not fully meet business needs.
* Collaborate with vendors (Workday, Paradox, HiredScore, Peakon, etc.) to stay ahead of product developments and advocate for Revantage's priorities.

**Required Qualifications**

  

* 5+ years of Workday functional experience with deep, hands-on expertise in at least two Workday modules.
* Demonstrated experience owning a Workday module in a production environment — including enhancements, releases, stakeholder management, and roadmap ownership.
* Nice to have experience working in a multi-entity, multi-PortCo, or shared-services HR technology model.
* Strong understanding of Workday business process configuration, security roles, reporting, and calculated fields.
* Proven ability to engage and influence senior HR stakeholders without direct authority.
* Experience running forums, steering committees, or user communities across a distributed stakeholder base.
* Global Workday implementation or support experience — able to navigate multi-jurisdiction complexity.
* Excellent written and verbal communication skills — able to translate technical concepts for business audiences and vice versa.

**Module-specific Experience (by Role):** Talent & Learning: Performance reviews, goal management, succession planning, learning campaigns, content management, and skills framework.

**Preferred Qualifications**

  

* Workday Pro certification in one or more relevant modules.
* Experience with third-party HR technology integrations and vendor management.
* Exposure to change management methodologies and communication planning.
* Prior experience in private equity, financial services, or multi-company real estate environments.
* Familiarity with Agile or product management frameworks (backlog management, sprint planning, road mapping tools).

**About Revantage**  
  
Revantage is a Blackstone portfolio company and a leading provider of corporate services across Blackstone's Real Estate portfolio. Headquartered in Chicago, Revantage supports a diverse and complex ecosystem of portfolio companies (PortCos) spanning residential, commercial, logistics, hospitality, and life-sciences real estate globally — across North America, Europe, and Asia-Pacific.  
  
Our People Technology team sits at the centre of this multi-entity, multi-jurisdictional operating model. We run a single Workday tenant that serves a federated landscape of PortCos, each with its own workforce, HR policies, compensation structures, payroll requirements, and compliance obligations. This complexity demands technology professionals who thrive in ambiguity, operate with an enterprise mindset, and can design solutions that scale across legal entities, geographies, and business models.

*Job Applicant Privacy Notice*

***EEO Statement***

*The Company is an equal opportunity employer. In accordance with applicable law, we prohibit discrimination against any applicant, employee, or other covered person based on any legally recognized basis, including, but not limited to: veteran status, uniformed servicemember status, race, color, caste, immigration status, religion, religious creed (including religious dress and grooming practices), sex, gender, gender expression, gender identity, marital status, sexual orientation, pregnancy (including childbirth, lactation or related medical conditions), age, national origin or ancestry, citizenship, physical or mental disability, genetic information (including testing and characteristics), protected leave status, domestic violence victim status, or any other consideration protected by federal, state or local law. We are committed to providing reasonable accommodations, if you need an accommodation to complete the application process, please email* *TalentAcquisitionIndia@revantage.com*"
https://in.indeed.com/viewjob?jk=ed761a078aa8f186,2026-10-01,,nan,"Product Owner, Workday, US Payroll & Benefits","KA, IN",TalentAcquisitionIndia@revantage.com,email,,,85,Fresh,q_apm_01,0-2y,True,"**Position Overview**  
  
The **Experienced Product Owner** is an experienced, functionally deep Workday professional who owns one or more Workday modules end-to-end on behalf of Revantage and its PortCos. This is not a passive coordination role — it is an active, hands-on domain mastery role. You are the subject-matter expert, the decision-maker, the stakeholder champion, and the product strategist for your assigned module(s). You will work across a complex multi-PortCo environment, running user forums, managing the release roadmap, driving adoption, and continuously finding ways to extract more value from the platform. This role focuses on the **US Payroll & Benefits** Module. Additional module expertise is a plus.
  
  
**Key Responsibilities**  
  
**Domain Ownership & Functional Mastery**

  

* Own your assigned Workday module(s): **US Payroll & Benefits** end-to-end — from strategy and design through configuration, testing, deployment, and ongoing optimization.
* Develop and maintain deep functional expertise in your domain(s), staying current with Workday product updates, roadmap changes, and community best practices.
* Serve as the primary point of contact and escalation resource for your module area across all PortCos.
* Maintain comprehensive knowledge of how your module(s) interact with upstream and downstream systems and processes — and design solutions with those dependencies in mind.
* Think beyond Workday: identify complementary or supplementary technologies that could enhance capability in your domain — whether that is AI-powered tools, third-party integrations, or adjacent platforms.

**PortCo Engagement & Stakeholder Management**

  

* Build and maintain strong relationships with HR leaders, operations teams, and business stakeholders across multiple PortCos.
* Act as a trusted advisor — understanding each PortCo's unique workforce model, business context, and HR priorities.
* Run structured Product Owner forums, working groups, and user communities to surface requirements, share updates, and drive alignment.
* Manage competing priorities across PortCos with transparency — communicating trade-offs, timelines, and decisions clearly to all stakeholders.
* Facilitate requirements workshops and design sessions, translating business needs into clear, actionable Workday solutions.

**Roadmap & Release Ownership**

  

* Own and maintain the product roadmap for your module(s) — balancing strategic enhancements, PortCo-driven requirements, bug fixes, and Workday release adoption.
* Evaluate every Workday bi-annual release for impact and opportunity within your domain — leading opt-in decisions, testing, and rollout planning.
* Prioritize the backlog in collaboration with stakeholders, the Functional Architect, and People Technology leadership.
* Ensure all enhancements are delivered with appropriate change management, training, and communications to end users and HR teams.
* Track and report on the delivery and benefit realization of roadmap initiatives.

**Hands-On Delivery**

  

* Remain hands-on with Workday configuration in your module area — able to configure, test, validate and deploy.
* Lead user acceptance testing (UAT) for enhancements and releases within your domain.
* Create design documents, configuration specifications, and test plans before deployment.
* Own day-to-day delivery.

**Ecosystem & Innovation Thinking**

  

* Continuously evaluate the HR technology landscape for innovations relevant to your module area — e.g., AI in recruiting, manager effectiveness tools, payroll analytics.
* Propose and build the business case for technology enhancements or new tool adoption where Workday alone does not fully meet business needs.
* Collaborate with vendors (Workday, Paradox, HiredScore, Peakon, etc.) to stay ahead of product developments and advocate for Revantage's priorities.

**Required Qualifications**

  

* 5+ years of Workday functional experience with deep, hands-on expertise in at least two Workday modules.
* Demonstrated experience owning a Workday module in a production environment — including enhancements, releases, stakeholder management, and roadmap ownership.
* Nice to have experience working in a multi-entity, multi-PortCo, or shared-services HR technology model.
* Strong understanding of Workday business process configuration, security roles, reporting, and calculated fields.
* Proven ability to engage and influence senior HR stakeholders without direct authority.
* Experience running forums, steering committees, or user communities across a distributed stakeholder base.
* Global Workday implementation or support experience — able to navigate multi-jurisdiction complexity.
* Excellent written and verbal communication skills — able to translate technical concepts for business audiences and vice versa.

**Module-specific Experience:**  
  
**US Payroll**  
  
Payroll processing, tax configuration, and compliance — configuration and operational support.

* **Payroll Processing:** Pay group setup, payroll calendars, run categories, gross-to-net calculation, and on/off-cycle run management.
* **Earnings & Deductions:** Earning codes, deduction codes, arrears handling, garnishments, and pay component mapping from time and compensation.
* **Tax Configuration:** Federal, state, and local tax setup, reciprocity rules, tax withholding elections, and year-end W-2 processing.
* **Compliance:** ACA reporting, FLSA overtime, pay equity audits, and regulatory filing support.
* **Integrations & Reporting:** GL mapping, bank file generation, payroll reconciliation, and audit-ready payroll registers.

**US Benefits**  
  
Benefit plan configuration, open enrollment, and compliance — configuration and operational support.

* **Plan Configuration:** Medical, dental, vision, FSA/HSA, life, disability, and voluntary benefit plan setup including carrier connections.
* **Eligibility & Enrollment:** Eligibility rules, dependent coverage, qualifying life events, passive and active enrollment configuration.
* **Open Enrollment:** OE event setup, employee self-service configuration, enrollment windows, and communication triggers.
* **ACA Compliance:** 1095-C configuration, measurement periods, affordability calculations, and IRS filing support.
* **Integrations & Reporting:** Benefit carrier file feeds, COBRA administration handoffs, benefit cost reporting, and enrollment audits.

**Preferred Qualifications**

  

* Workday Pro certification in one or more relevant modules.
* Experience with third-party HR technology integrations and vendor management.
* Exposure to change management methodologies and communication planning.
* Prior experience in private equity, financial services, or multi-company real estate environments.
* Familiarity with Agile or product management frameworks (backlog management, sprint planning, road mapping tools).

**About Revantage**  
  
Revantage is a Blackstone portfolio company and a leading provider of corporate services across Blackstone's Real Estate portfolio. Headquartered in Chicago, Revantage supports a diverse and complex ecosystem of portfolio companies (PortCos) spanning residential, commercial, logistics, hospitality, and life-sciences real estate globally — across North America, Europe, and Asia-Pacific.  
  
Our People Technology team sits at the centre of this multi-entity, multi-jurisdictional operating model. We run a single Workday tenant that serves a federated landscape of PortCos, each with its own workforce, HR policies, compensation structures, payroll requirements, and compliance obligations. This complexity demands technology professionals who thrive in ambiguity, operate with an enterprise mindset, and can design solutions that scale across legal entities, geographies, and business models.

*Job Applicant Privacy Notice*

***EEO Statement***

*The Company is an equal opportunity employer. In accordance with applicable law, we prohibit discrimination against any applicant, employee, or other covered person based on any legally recognized basis, including, but not limited to: veteran status, uniformed servicemember status, race, color, caste, immigration status, religion, religious creed (including religious dress and grooming practices), sex, gender, gender expression, gender identity, marital status, sexual orientation, pregnancy (including childbirth, lactation or related medical conditions), age, national origin or ancestry, citizenship, physical or mental disability, genetic information (including testing and characteristics), protected leave status, domestic violence victim status, or any other consideration protected by federal, state or local law. We are committed to providing reasonable accommodations, if you need an accommodation to complete the application process, please email* *TalentAcquisitionIndia@revantage.com*"
https://in.indeed.com/viewjob?jk=8366e5a2db06cd77,2026-10-01,,JPMorganChase,"Technical Product Manager - ETL, Data Reporting, SQL","MH, IN",,link,,,85,Fresh,q_apm_01,0-2y,False,"**JOB DESCRIPTION**  
  
  

Make your mark by leading a high-visibility modernization that reshapes how teams access trusted insights at scale. You will drive a firmwide legacy analytics decommission and migration, partnering with senior leaders and global delivery teams to deliver measurable outcomes by a strategic deadline. Join a team that values ownership, career mobility, and hands-on impact across a complex technology transformation.

As a Product Manager at JPMorganChase within Commercial & Investment Banking unit, you will lead end-to-end delivery of a legacy business intelligence platform decommission and migration to modern cloud-native analytics tools. You will own inventory analysis, migration planning, and cross-functional execution to move thousands of reports, schedules, and users to approved replacement capabilities. You will partner with technology, data, and business stakeholders to prioritize migration waves, reduce scope through rationalization, and ensure continuity for critical reporting. You will provide transparent governance and executive communications to ensure delivery against a firm strategic deadline.

This role sits within a senior leadership-sponsored transformation program and focuses on retiring legacy reporting capabilities while enabling scalable, modern analytics. You will coordinate across multiple geographies and functions to align business priorities, data dependencies, and delivery sequencing. Success in this role requires strong product ownership, structured program governance, and the ability to translate complex reporting and data flows into actionable migration plans. You will balance speed of delivery with risk awareness, ensuring that regulated or controlled reporting obligations remain continuously supported.

**Job Responsibilities**

* Own and continuously improve a comprehensive inventory of reports, schedules, and data extract processes, driving rationalization and recertification to reduce migration scope and risk.
* Map report logic and data flows to business processes, application integrations, and downstream dependencies, prioritizing migration waves based on criticality and complexity.
* Lead stakeholder engagement across business and technology functions, facilitating workshops to document current usage, capture requirements, and define future-state reporting needs.
* Define functional and non-functional requirements for replacement reporting capabilities, including scheduling, distribution, embedded analytics, and integration needs.
* Drive evaluation and selection of replacement tools by coordinating structured demos, proof-of-concept activities, and decision forums aligned to program objectives and constraints.
* Oversee migration planning and execution across data warehouse, data pipelines (extract, transform, load), and reporting layers, ensuring source-to-target mapping and semantic definitions are maintained.
* Leverage analytics and approved automation approaches (including responsible use of artificial intelligence-enabled tooling) to accelerate usage analysis, pattern detection, and migration prioritization while maintaining appropriate risk awareness.
* Produce clear program governance artifacts (status reporting, risks/issues/dependencies, milestone tracking, and escalation materials) for senior technology and business leadership.
* Coordinate cross-functional delivery across a global team, proactively surfacing blockers, managing competing priorities, and driving timely decisions.
* Deliver change management activities including user communications, training coordination for new platforms, adoption tracking, and transition support through cutover.

**Required qualifications, capabilities and skills**

* Proven experience as a technical product manager or senior business analyst delivering large-scale technology decommission, data migration, or reporting transformation programs in financial services.
* Demonstrated knowledge of enterprise reporting landscapes, including report lifecycle management, self-service reporting, automated scheduling/distribution, embedded analytics, and integration with data pipelines.
* Hands-on experience with at least one enterprise reporting or analytics platform (for example: Tableau, ThoughtSpot, Microsoft Power BI, MicroStrategy, Sigma, Cognos, SAP BusinessObjects, or similar).
* Experience analyzing, rationalizing, and migrating large report inventories, including prioritization, wave planning, and execution tracking.
* Working knowledge of data warehousing concepts (for example: dimensional modeling, facts and dimensions, and data marts) sufficient to assess migration impacts and dependencies.
* Working knowledge of data integration patterns and pipeline scheduling sufficient to document data flows and coordinate re-platforming activities with engineering teams.
* Proficiency in Structured Query Language (SQL), including complex joins and reconciliations used to validate migration completeness and data quality.
* Strong stakeholder management skills with experience facilitating workshops, aligning cross-functional priorities, and driving decisions across senior audiences.
* Program governance capability, including structured planning, milestone management, dependency management, and executive-ready communications.
* Awareness of regulated, controlled, or audit-relevant reporting considerations and the need to maintain continuity during platform transitions.

**Preferred qualifications, capabilities and skills**

* Hands-on experience with SAP BusinessObjects and/or Crystal Reports (for example: Web Intelligence, scheduling, universe design, or report development).
* Experience building dashboards or reports in modern analytics tools (for example: calculations, parameters, filters, and visualization best practices).
* Experience using analytics automation or artificial intelligence-enabled tools (e.g. Databricks Genie, Snowflake Cortex, ChatGPT/Copilot) to accelerate dataset analysis or workflow efficiency in a controlled enterprise environment.
* Experience with cloud-native data platforms (for example: Snowflake, Databricks, or Google BigQuery) and how reporting tools connect to cloud query engines.
* Experience with SQL performance tuning, data profiling, anomaly detection, and end-to-end data quality validation.
* Experience coordinating user acceptance testing across distributed user groups and supporting structured change management.
* Experience engaging vendors and running structured evaluations, proofs of concept, or request-for-information/request-for-proposal processes.

**ABOUT US**  
  
  

JPMorganChase, one of the oldest financial institutions, offers innovative financial solutions to millions of consumers, small businesses and many of the world's most prominent corporate, institutional and government clients under the J.P. Morgan and Chase brands. Our history spans over 200 years and today we are a leader in investment banking, consumer and small business banking, commercial banking, financial transaction processing and asset management.  
  
We recognize that our people are our strength and the diverse talents they bring to our global workforce are directly linked to our success. We are an equal opportunity employer and place a high value on diversity and inclusion at our company. We do not discriminate on the basis of any protected attribute, including race, religion, color, national origin, gender, sexual orientation, gender identity, gender expression, age, marital or veteran status, pregnancy or disability, or any other basis protected under applicable law. We also make reasonable accommodations for applicants' and employees' religious practices and beliefs, as well as mental health or physical disability needs. Visit our FAQs for more information about requesting an accommodation.

  
  
**ABOUT THE TEAM**
  
  
J.P. Morgan's Commercial & Investment Bank is a global leader across banking, markets, securities services and payments. Corporations, governments and institutions throughout the world entrust us with their business in more than 100 countries. The Commercial & Investment Bank provides strategic advice, raises capital, manages risk and extends liquidity in markets around the world."
https://in.indeed.com/viewjob?jk=5a3f533190adb142,2026-09-28,,Boston Consulting Group,Global Product Manager,"HR, IN",,DM,,,85,Archived,q_apm_01,0-2y,False,"Who We Are

Boston Consulting Group partners with leaders in business and society to tackle their most important challenges and capture their greatest opportunities. BCG was the pioneer in business strategy when it was founded in 1963. Today, we help clients with total transformation-inspiring complex change, enabling organizations to grow, building competitive advantage, and driving bottom-line impact.  
  
To succeed, organizations must blend digital and human capabilities. Our diverse, global teams bring deep industry and functional expertise and a range of perspectives to spark change. BCG delivers solutions through leading-edge management consulting along with technology and design, corporate and digital ventures—and business purpose. We work in a uniquely collaborative model across the firm and throughout all levels of the client organization, generating results that allow our clients to thrive.

What You'll Do

The HR Digital Product Portfolio is one of the largest and most dynamic portfolios within BCG’s Digital Products Organization, enabling technology across BCG’s HR and People functions. Within the Talent Acquisition Product Team, the Candidate Selection squad supports the products and capabilities that underpin how BCG assesses and selects candidates.

As a Senior Product Analyst, you will work closely with the Product Owner, business teams, technology teams, QA, and external vendors to shape effective product solutions. You will independently explore business needs, challenge assumptions, and translate complex requirements into clear, actionable solutions, with the Product Owner providing direction and final sign-off where appropriate.

  

* Lead and facilitate requirements discussions with business and technology teams to understand problems, user needs, business value, and the wider impact of proposed changes.
* Document clear product requirements in Jira, translating business needs into user stories, acceptance criteria, process flows, functional requirements, use cases, and solution options.
* Challenge requests constructively, identifying assumptions, dependencies, risks, unintended consequences, and alternative approaches before solutions are agreed.
* Co-create solutions with business, technology, QA, and vendor teams, helping bridge functional and technical considerations and supporting the Product Owner with prioritization and delivery readiness.
* Build deep product knowledge and take accountability for changes from requirements through test-scenario definition, validation, deployment readiness, and rollout.
* Prioritize and investigate assigned production issues, identify likely root causes, and bring the right squad, vendor, or technology expertise together to drive effective resolution.
* Support successful adoption of new functionality by preparing release notes and partnering with Learning and Development and Process Enablement colleagues on user guidance and learning materials where needed.
* Contribute to cross-functional initiatives and broader Talent Acquisition Product Team priorities as opportunities and business needs evolve.
* Build adjacent product and technical skills, including taking on straightforward SaaS configuration and functional enhancement activities where appropriate.

What You'll Bring

* 6+ years of relevant experience in product analysis, business analysis, technology, operations, or a related field.
* Strong analytical and critical-thinking skills, with confidence to challenge assumptions, identify downstream impacts, and recommend practical solutions.
* Experience eliciting, translating, and documenting business needs into user stories, acceptance criteria, process flows, functional requirements, and use cases.
* Experience partnering with developers and engineers to bridge functional and technical requirements and translate business intent into implementation-ready specifications.
* Experience partnering with QA teams to define test scenarios, validate system behaviour, investigate issues, and manage feedback through delivery.
* Experience working with SaaS products and external vendors, with an interest in developing hands-on configuration and product administration capabilities.
* Strong working knowledge of Jira and Confluence; Talent Acquisition or HR technology experience is strongly preferred, while exposure to ServiceNow, APIs, integrations, MuleSoft, production support, system troubleshooting, or change management is beneficial.

Who You'll Work With

You’ll be part of the Candidate Selection squad within BCG’s global Talent Acquisition Product Team.

You’ll collaborate closely with Product Owners, engineers, developers, QA, Scrum Leads, SaaS Engineers, Talent Acquisition teams, and external vendors. Depending on the product or change, you may also partner with Legal, Data Protection, and Responsible AI teams.

The team works through close business and technology co-creation, combining BCG-built solutions with integrated SaaS platforms and strong vendor partnerships across a global network.

Additional info

At BCG, our people and relationships are at the heart of everything we do. We believe that in-person collaboration plays an important role in our culture, mentorship, and professional development.

For this role, you will generally be expected to work from a BCG office or in person with clients on a regular basis (typically around 50% of working time), depending on business needs and in line with local policies and practices.

We aim to provide a dynamic and collaborative environment that fosters connection and teamwork.

Boston Consulting Group is an Equal Opportunity Employer. All qualified applicants will receive consideration for employment without regard to race, color, age, religion, sex, sexual orientation, gender identity / expression, national origin, disability, protected veteran status, or any other characteristic protected under national, provincial, or local law, where applicable, and those with criminal histories will be considered in a manner consistent with applicable state and local laws."
https://in.indeed.com/viewjob?jk=bdc9ce032f86bfd0,2026-10-01,,Violet Infosystems Private Limited,Product Manager,"MH, IN",,DM,,,85,Fresh,q_apm_01,0-2y,False,"**Open Position: Product Manager**  
**Location: Malad (West), Mumbai**  
**Experience: 4 to 8 Years**  
**Qualification: Any Graduate**  
**Industry: IT/Software**  
**Only Mumbai Suburban-based location (Bhayandar to Churchgate) candidates apply for the Position**

**You can also contact on: 9372974661 / 8928772622 / 7021155918**  
**We are working 6 days, i.e., from Monday to Saturday.**

**Job Description:-**

* Develop and implement product strategies consistent with the company vision.
* Collect and analyze feedback from customers, stakeholders, and other teams to shape requirements, features, and end products.
* Work with senior management to create product plans and roadmaps.
* Lead product managers and coordinate cross-functional teams.
* Produce and review product requirements documents (PRD).
* Ensure products and releases are launched correctly and on schedule.
* Make creative recommendations to expand the product base and vision.
* Suggest ways to track product use and impact on end users.

**Mandatory Skills:-**

* Interpersonal and Leadership Skills.
* The organization works efficiently.
* Time Management.
* Good communication skills.
* Comfortable attending meetings.
* Delegating Tasks.
* Thinking Analytically.
* Negotiator and Influencer.

Job Types: Full-time, Permanent

Pay: ₹650,000.00 - ₹1,000,000.00 per year

Benefits:

* Provident Fund

Work Location: In person"
https://in.indeed.com/viewjob?jk=4bc56b8cfd3dbad8,2026-09-30,,Globocom Infotech,Product Manager,"MH, IN",,DM,,,85,Fresh,q_apm_01,0-2y,False,"Please find attached the **Job Description for the position of Associate Product Manager** at **Globocom Infotech Pvt. Ltd.**, under our **Futuratech – Innovations Team**.

**About Globocom**

Globocom is a multinational digital enterprise with operations across **India, UAE, Singapore and Niger**, with a presence across **110+ telecom companies worldwide** and a turnover of **$15 Million**.

Our key areas of business include:

* Telecom Value-Added Services
* M-Commerce & D2C Platforms
* Digital Media & Performance Marketing
* Gaming, Utility & Video Services
* International Content Acquisition
* Digital Product Development

Globocom is also expanding into **Latin America and Africa**, with a strong focus on innovation and new-age digital products.

**About Futuratech – Innovations Team**

**Futuratech** is Globocom’s dedicated **Innovation & New Product Development division**, focused on building scalable digital solutions across **OTT, EdTech, Entertainment and emerging technology**.

**Website:** Futuratech Technologies

Product Manager – OTT, entertainment, EdTech & New Products

Location: Mumbai  
Employment Type: Full-time  
Department: Product & Innovation  
Reporting To: Head of Innovation

About the Role

We are looking for a Product Manager with 5–8 years of experience to join our Product & Innovation team and work across OTT, EdTech and new digital product initiatives.

This is a hands-on product role for someone who enjoys building products from the ground up, solving customer problems, working closely with technology and business teams, and using data to drive product decisions.

The ideal candidate should be equally comfortable discussing user journeys, product requirements, APIs, analytics, monetization, UX, growth and technology execution.

You will work on products across different stages—from new product discovery and MVP development to scaling existing products and improving engagement, retention and monetization.

---

Key Responsibilities

1. Product Strategy & Roadmap

Define product vision, strategy and roadmap in collaboration with business and technology leadership.  
Identify customer problems, market opportunities and new product opportunities.  
Translate business objectives into clear product goals, priorities and measurable KPIs.  
Own product roadmap and continuously prioritize features based on business impact, user value, effort and data.  
Conduct competitor and market research across OTT, EdTech, consumer apps and emerging digital products.

2. Product Discovery & New Product Development

Take new product ideas from concept → validation → MVP → launch → scale.  
Conduct user research, competitor analysis and market validation.  
Define user personas, use cases and end-to-end customer journeys.  
Create MVP scope and determine what should—and should not—be built.  
Work closely with design and engineering teams to convert concepts into scalable products.  
Participate in experimentation, A/B testing and rapid iteration.

3. OTT Product Management

Work on products such as Navrang OTT and future entertainment products, including:

Content discovery and recommendation journeys  
Home screen and content listing experiences  
Video playback experience  
Subscription and payment journeys  
Free vs paid content strategy  
Trial and subscription flows  
User engagement and retention  
Push notifications and re-engagement  
Content metadata and CMS requirements  
Web, Android and iOS product experiences  
Subscription lifecycle and renewal journeys  
Analytics and monetization funnels

Experience with OTT, streaming, subscription or media products will be highly valuable.

4. Growth & Monetization

The candidate should understand that product success is not just about shipping features.

You will work on:

Acquisition-to-registration funnel  
Registration-to-activation funnel  
Free-to-paid conversion  
Subscription conversion  
Retention and churn  
Engagement and watch/learning time  
ARPU, LTV and CAC  
Referral and viral growth  
Pricing and packaging  
Conversion optimization  
A/B testing and experimentation

You will collaborate closely with Marketing and Performance Marketing teams to ensure acquisition campaigns and product experiences work together.

5. Product Analytics

Define product KPIs and event-tracking requirements.  
Build and monitor product funnels.  
Analyze user behavior and identify drop-offs.  
Use data to validate hypotheses and prioritize improvements.  
Work with analytics/engineering teams on event instrumentation.  
Develop dashboards and product performance reports.  
Track cohort behavior, retention and monetization.

Experience with tools such as GA4, Firebase Analytics, Mixpanel, Amplitude, AppsFlyer, Adjust or similar platforms is preferred.

6. Product Requirements & Execution

Create detailed PRDs, user stories, acceptance criteria and product specifications.  
Define functional and non-functional requirements.  
Create user flows and wireframes where required.  
Work closely with UI/UX designers.  
Collaborate with Android, iOS, Web, Backend and QA teams.  
Participate in sprint planning, grooming, reviews and retrospectives.  
Resolve product-related questions during development.  
Ensure features are delivered according to business objectives and requirements.  
Own UAT and product launch readiness.

7. Cross-functional Collaboration

Work closely with:

Engineering  
UI/UX  
QA  
DevOps  
Content  
Marketing  
Performance Marketing  
Business/Revenue teams  
Customer Support  
Data/Analytics

The PM will act as the bridge between business, technology and users.

---

Required Skills & Experience

Must Have

5–8 years of Product Management experience.  
Experience building and scaling consumer-facing digital products.  
Strong understanding of mobile applications and web products.  
Experience working with Agile/Scrum development teams.  
Strong PRD and product documentation skills.  
Excellent understanding of user journeys and UX.  
Strong analytical and problem-solving ability.  
Understanding of APIs, backend systems, databases and technology architecture.  
Experience with product analytics and event tracking.  
Strong communication and stakeholder-management skills.  
Ability to independently drive products from idea to execution.

Preferred

Experience in one or more of:

OTT / Video Streaming  
EdTech, Entertainment  
Consumer Internet  
Subscription products  
Mobile apps  
Digital media  
E-commerce  
SaaS / B2C platforms  
Performance marketing / growth products

Experience with monetization, subscriptions, payments, attribution and performance marketing will be a strong advantage.

---

What We Are Looking For

We are looking for someone who:

Thinks like a product owner, not a project coordinator.  
Can independently identify problems and propose solutions.  
Is comfortable challenging assumptions.  
Can balance user experience, technology and commercial objectives.  
Uses data rather than opinions to make decisions.  
Can move quickly without compromising product fundamentals.  
Is comfortable working in an entrepreneurial environment with ambiguity.  
Can manage multiple products/projects without losing ownership.  
Understands that launching a feature is not the end—the real job is measuring whether it worked.

---

Key Performance Indicators

Success in this role will be measured through:

Product adoption and engagement  
Activation and conversion rates  
Subscription/revenue growth  
Retention and churn  
Product funnel improvement  
Feature adoption  
Customer satisfaction  
Experimentation velocity  
Product launch timelines  
Quality of product execution  
Business impact of product initiatives

---

Education

Bachelor's degree in Engineering, Computer Science, Management or a related field.

MBA or equivalent product/business education is a plus but not mandatory.

---

Why Join Us?

Opportunity to work across OTT, EdTech and new-age digital products.  
Build products from the ground up rather than only managing incremental features.  
Work directly with senior leadership on product strategy.  
High ownership and decision-making responsibility.  
Exposure to product, technology, growth, monetization and performance marketing.  
Opportunity to experiment with new business models and emerging technologies.  
Fast-paced entrepreneurial environment.

Pay: ₹800,000.00 - ₹1,600,000.00 per year

Benefits:

* Health insurance
* Leave encashment
* Paid sick time
* Provident Fund

Work Location: In person"
https://in.indeed.com/viewjob?jk=56e90d9ba5404344,2026-10-04,,Troop 360,Technical Product Manager,"KA, IN",,DM,,,85,Fresh,q_apm_01,0-2y,False,"**Who Should Apply:** This role is ideal for candidates with 2+ years of software engineering experience and 1+ year of product management experience. If you're earlier in your product management journey and have at least 1 year of software development experience, check out our - Associate Technical Product Manager role, which is designed as the on-ramp into product management for technical talent.

**Job Summary:** As a Technical Product Manager, you’ll act as the bridge between business needs and engineering execution owning not just the “what” but also the “how.” You’ll be responsible for designing workflows, creating screen mockups, and making product decisions that align with scalable architecture and long-term platform principles. This is a 0-1 builder role, ideal for a technically strong PM who enjoys shaping system architecture, crafting product experiences, and collaborating closely with engineers to bring complex warehouse operations to life.

**Responsibilities:** Lead product discovery and development for Multichannel fulfillment platform which comprises these products: Warehouse Management System, Order Management System, Store Management System and Integrations Translate user workflows and enterprise SOPs into well-structured, scalable prototypes and UI mockups using tools like Cursor or vibe-based prototyping. Collaborate deeply with tech leads to make architectural trade-offs that balance configuration, performance, and maintainability. Take a strong stance against short-term feature requests that compromise architectural integrity or platform scalability. Own product documentation, PRDs, APIs, workflows, and screen flows, and ensure end-to-end clarity for engineering teams. Drive sprint planning, backlog grooming, and delivery in close coordination with engineering. Deliver internal and client demos, explaining product workflows to sales, customer success, and enterprise clients with clarity and confidence. Participate in roadmap planning, balancing new feature velocity with tech debt reduction and platform stability goals. Contribute to the design and rollout of AI-powered capabilities simplifying complex user journey.

**Requirements:** Mandatory Engineering Degree Mandatory minimum 2 years of software engineering experience in backend or full-stack development. Mandatory minimum 1 year of product management experience. Proficiency in writing PRDs, defining API contracts, and collaborating with developers on architecture and performance. Track record of owning product decisions independently in a SaaS, enterprise tech, or B2B platform environment. Comfort with creating UI mocks and workflow diagrams without a dedicated design team. Strong understanding of scalability, modular design, and technical debt management. Excellent written and verbal communication, able to present roadmaps, host demos, and align diverse stakeholders.

Pay: From ₹800,000.00 per year

Work Location: In person"
https://in.indeed.com/viewjob?jk=f8ca1a7b250083b5,2026-10-03,,Trikona Construction Consulting,Associate Product Manager,"Remote, IN",,DM,,,85,Fresh,q_apm_01,0-2y,False,"**Associate Product Manager — Platform & Operations**  
**ConstruWX | Courses | Careers | Connections**

**Job Details**

* **Experience:** 6–10 years of relevant experience
* **Fixed Salary:** ₹4–7 lakh per annum, based on experience and capability. Not a constraint for deserving candidates.
* **Reporting To:** **Founder — direct reporting**
* **Employment:** Full-time
* **Location:** Remote / Hybrid, depending on company setup
* **Schedule:** Day shift, Monday to Friday
* **Coding:** Not required

**About ConstruWX**

ConstruWX is building a construction talent ecosystem connecting students, professionals, colleges, employers, and industry experts through courses, careers, and professional communities.

Our platform brings together learning, memberships, webinars, recruitment, institutional groups, and user support across an interconnected WordPress Multisite ecosystem.

**Role Overview**

We are looking for a hands-on **Associate Product Manager** to manage platform operations, translate business requirements into actionable tasks, coordinate engineers, and ensure reliable feature delivery.

**You will report directly to the Founder**, who sets the product vision and business priorities. You will turn those priorities into clear requirements, configurations, test scenarios, and delivery schedules.

This role requires strong WordPress Multisite knowledge and the ability to understand complete user journeys across interconnected modules. Custom coding is handled by platform engineers.

**Key Responsibilities**

**1. WordPress Multisite Administration**

* Manage network-level and individual subsite configurations within a subdirectory-based WordPress Multisite setup.
* Understand network-activated versus site-specific plugins, shared users, site-level roles, permissions, and cross-site access.
* Configure pages, menus, plugin settings, shortcodes, and approved platform features.
* Maintain consistent user experiences across the main site and subsites.
* Assess the impact of configuration or plugin changes across the network before release.

**2. Platform Modules & Workflows**

Administer, configure, and test the following modules and their connected workflows:

ModuleOperational Scope**LifterLMS**Course and lesson structures, categories, quizzes, enrollments, learner progress, and access rules**BuddyPress**Member profiles, activity feeds, college/company groups, group membership, and moderation**Events Manager**Webinar and event listings, registrations, bookings, attendee records, and communications**WP Job Manager**Job listings, employer submissions, and connected candidate application workflows**Paid Memberships Pro**Membership levels, subscriptions, checkout, renewals, and membership-based access**myCRED**Points, earning rules, balances, and engagement workflows**Fluent Support**Support tickets, categorization, assignment, escalation, and resolution tracking**Registration & Access**LinkedIn login, first-time user onboarding, profile completion, and custom page/membership gating**Video & Media**Vimeo lesson playback and media delivery through WP Offload Media Lite and Amazon S3**Custom Platform Features**Placement workflows, certificate issuance and verification, profile integration, and issue reporting as these features are introduced

* Understand how actions in one module affect permissions, records, notifications, and user experiences elsewhere.
* Keep participation certificates separate from professional credentials in requirements and workflows.

**3. Product Requirements & Founder Coordination**

* Work directly with the Founder to clarify business requirements and agree priorities.
* Translate ideas into user stories, workflow descriptions, business rules, and measurable acceptance criteria.
* Maintain an organized product backlog with clear scope, ownership, dependencies, and deadlines.
* Identify gaps and usability problems; recommend practical improvements.
* Escalate decisions affecting scope, cost, priorities, or delivery commitments to the Founder.

**4. Engineer Coordination & Delivery Planning**

* Coordinate day-to-day work with a small team of platform engineers.
* Ensure engineers have complete requirements and clearly defined expected outcomes.
* Run brief progress reviews, track blockers, and verify completed work.
* Maintain rolling **1-week, 2-week, and 1-month look-ahead schedules**.
* Provide the Founder with a concise weekly update covering delivery progress, outstanding defects, risks, and decisions required.

**5. Hands-On Quality Assurance**

* Write and execute use cases, test cases, and end-to-end testing scenarios.
* Test journeys for students, professionals, college coordinators, employers, instructors, and administrators.
* Verify registration, login, memberships, payments, course access, event bookings, group access, job applications, and support workflows.
* Test failed transactions, expired access, incorrect permissions, duplicate submissions, and other exception scenarios.
* Conduct regression, mobile, and cross-browser checks on staging before release.
* Record bugs with reproduction steps, screenshots, severity, and expected versus actual results.
* Provide functional acceptance against agreed criteria and perform post-release checks.

**6. Connected Architecture & Reliability**

* Understand the operational relationship between the **Next.js front end and WordPress back end**, including Cloudflare-hosted front-end delivery and API-driven workflows.
* Coordinate checks for caching, content synchronization, authentication, media delivery, and integration failures.
* Monitor available uptime, performance, error, and transaction dashboards.
* Coordinate incident investigation and resolution with engineers.
* Track plugin updates, compatibility issues, security alerts, and maintenance activities.
* Confirm backup and rollback readiness with engineers before significant releases.

Engineers remain responsible for custom code, technical deployment, server administration, and infrastructure remediation.

**7. Documentation, Support & Improvement**

* Maintain configuration records, module inventories, operating procedures, test repositories, and release notes.
* Help internal teams use platform features correctly.
* Review support tickets to identify recurring issues and improvement opportunities.
* Track agreed indicators such as registration completion, enrollment success, booking success, unresolved defects, and support resolution times.

**Required Skills & Experience**

* **4–7 years of relevant experience** across platform operations, WordPress administration, product delivery, QA, or technical project coordination.
* **Strong hands-on WordPress Multisite knowledge is essential**, including network administration, subsites, shared users, roles, and plugin activation scope.
* Practical experience administering an LMS, membership, community, recruitment, or comparable multi-module platform.
* Ability to configure features through administration interfaces without relying on developers for every routine change.
* Strong testing discipline and experience documenting requirements, acceptance criteria, and reproducible bugs.
* Experience coordinating developers and managing work through tools such as Jira, Trello, Asana, or ClickUp.
* Working understanding of APIs, databases, DNS, caching, staging, production, backups, and access control.
* Clear written communication, structured planning, attention to detail, and consistent follow-through.

**Preferred Experience**

* Direct experience with several of the plugins listed above, particularly **LifterLMS, BuddyPress, WooCommerce, and Paid Memberships Pro**.
* WordPress Multisite platforms connected to a separate front end.
* Payment gateways, transactional emails, LinkedIn authentication, Zoom, Vimeo, and Amazon S3.
* Familiarity with hosting dashboards and concepts such as Docker, Portainer, Nginx, MariaDB, and Redis.
* Experience in education, professional learning, recruitment, or community platforms.

**What Success Looks Like**

* The Founder’s priorities become clear, actionable delivery plans.
* Engineers receive complete requirements and timely clarification.
* Platform configurations and user access work consistently across sites.
* Critical user journeys are tested before and after releases.
* Issues are tracked through verified resolution.
* Users can reliably learn, participate, connect, and access career opportunities.

**This is a hands-on product and platform role requiring operational ownership, strong testing discipline, and close collaboration with the Founder.**

Pay: ₹400,000.00 - ₹700,000.00 per year

Benefits:

* Flexible schedule
* Work from home

Application Question(s):

* Please write in no less than 1000 words how your cv is relevant to this position. Automatic reject if not mentioned. Thanks for understanding
* Please describe your experience in working in a startup environment in as much detail as possible

Education:

* Bachelor's (Preferred)

Experience:

* Product management: 5 years (Required)
* Software development: 10 years (Required)
* Product demos: 3 years (Preferred)
* Platform Management: 3 years (Required)
* Startup: 5 years (Preferred)

Work Location: Remote"
https://in.indeed.com/viewjob?jk=2499d0389f1d9c60,2026-10-01,,U.S. Pharmacopeia,Associate Product Manager/Product Manager (Reference Standards),"TS, IN",,DM,,,85,Fresh,q_apm_01,0-2y,False,"**Description**

**Who is USP?**

The U.S. Pharmacopeial Convention (USP) is an independent scientific organization that collaborates with the world’s leading health and science experts to develop rigorous quality standards for medicines, dietary supplements, and food ingredients. At USP, we believe that scientific excellence is driven by a commitment to fairness, integrity, and global collaboration. This belief is embedded in our core value of Passion for Quality and is demonstrated through the contributions of more than 1,300 professionals across twenty global locations, working to strengthen the supply of safe, high-quality medicines worldwide.

At USP, we value inclusive scientific collaboration and recognize that attracting diverse expertise strengthens our ability to develop trusted public health standards. We foster an organizational culture that supports equitable access to mentorship, professional development, and leadership opportunities. Our partnerships, standards, and research reflect our belief that ensuring broad participation in scientific leadership results in stronger, more impactful outcomes for global health.

USP is proud to be an equal employment opportunity employer (EEOE) and is committed to ensuring fair, merit-based selection processes that enable the best scientific minds—regardless of background—to contribute to advancing public health solutions worldwide. We provide reasonable accommodations to individuals with disabilities and uphold policies that create an inclusive and collaborative work environment.

**Brief Job Overview**

As part of the USP Programs, Regions, Operations, and Strategy (PROpS) Division, the Reference Standards Product Manager leads the development and management of the Small Molecules, Complex Generics, and General Chapters portfolio of reference standards. The Product Management function is responsible for overseeing the full product lifecycle (development to discontinuation), understanding key industry trends, applying data-driven and analytic decision making and making customer-focused recommendations that drive product portfolio growth. This role is an individual contributor who will be responsible for implementation of projects and processes that enable decisions about new and existing products. Core activities will also include the development of prioritization, forecasting, and financial models that enhance product mix, optimization and overall performance. This is a highly collaborative role that will be expected to work globally across the organization including Science, Operations, Sales, Regions, Pricing, Trade Compliance, and Marketing. As a product manager, this role will drive product strategy, lead cross-functional teams in planning product roadmaps, discount and promotion strategies and ensure the successful launch and growth of innovative, high-quality standards and solutions to drive USP’s mission and vision of improving global health.

**How will YOU create impact here at USP?**

As part of our mission to advance scientific rigor and public health standards, you will play a vital role in increasing global access to high-quality medicines through public standards and related programs. USP prioritizes scientific integrity, regulatory excellence, and evidence-based decision-making to ensure health systems worldwide can rely on strong, tested, and globally relevant quality standards.

Additionally, USP’s People and Culture division, in partnership with the Equity Office, invests in leadership and workforce development to equip all employees with the skills to create high-performing, inclusive teams. This includes training in equitable management practices and tools to promote engaged, collaborative, and results-driven work environments.

The Reference Standards Product Manager has the following responsibilities:

* Item forecasting, pricing, and margin analysis
* Develop and present business case and supporting rationale for new and existing items
* Stays abreast of industry and market trends and key competitive intelligence to drive product strategies.
* Lead pipeline prioritization efforts, aligning pipeline to segment value and organizational strategies/prioritization
* Work with Industry Programs, Science and Operations, and others to facilitate new product launches
* Support Industry Programs, Regional and Sales staff in new product training and related customer solutions
* Support continuous improvement of forecasting and product performance against key success metrics
* Manage product mix and optimization for selection and discontinuation of products that enhance profitability
* Identify new product opportunities based on customer needs, feedback, and strategic insights
* Work collaboratively with Marketing, Sales, and Regions to launch and monitor feedback and uptake of items
* Maintain and update product roadmaps to meet targeted product pipeline and growth goals.

**Who is USP Looking For?**

The successful candidate will have a demonstrated understanding of our mission, commitment to excellence through inclusive and equitable behaviors and practices, ability to quickly build credibility with stakeholders, along with the following competencies and experience:

* Bachelor’s/Master’s degree in business, Marketing or Science fields with a MBA Degree.
* Minimum three (3) to seven (7) years of professional experience in Pharmaceutical industry or related field
* At least one (1) to two (2) years managing large product portfolios across B2B and/or B2C companies and managing high performance cross-functional teams.
* Experience with financial analysis, forecasting, data and analytical tools
* Strong quantitative and critical thinking skills with ability to handle complexity and drive data-driven solutions.
* Ability to develop and present dashboards, templates and business cases supported by strong rationale, customer insights and business growth goals.
* Self-starter and highly self-motivated, assumes personal accountability for results and performance.
* Working knowledge of syndicated data and analysis, such as IQVIA, Cortellis, Dailymed, etc
* Knowledge of Microsoft Word, Excel, PowerPoint
* Strong written and verbal communication and cross-functional collaboration skills

**Supervisory Responsibilities**

None, this is an individual contributor role.

**Benefits**

USP provides the benefits to protect yourself and your family today and tomorrow. From company-paid time off and comprehensive healthcare options to retirement savings, you can have peace of mind that your personal and financial well-being is protected.

Note: USP does not accept unsolicited resumes from 3rd party recruitment agencies and is not responsible for fees from recruiters or other agencies except under specific written agreement with USP.

**Job Category** Technical Programs

**Job Type** Full-Time"
https://in.indeed.com/viewjob?jk=27389a3bdb6cac0d,2026-09-29,,Glomopay,Associate Product Manager / Product Manager,"KA, IN",,DM,,,85,Fresh,q_apm_01,0-2y,False,"**About Glomo**
---------------

Glomo is the regulated infrastructure layer that financial platforms build on for cross-border money movement out of India. We hold the licences, the bank integrations, the compliance engine and the settlement rails, and run them behind our clients' own brands.

Brokers, wealth platforms, AMCs, exporters and other businesses use Glomo to onboard their customers, run KYC and compliance checks, move and settle funds across borders, and reconcile it all back into their own systems. Our products span LRS remittances, global investing, card issuance and treasury.

Glomo is regulated by IFSCA through its GIFT City entity. Compliance is part of the product, and every PM here treats it that way.

**The role**
------------

We are hiring an Associate Product Manager / Product Manager, reporting directly to the founders. Level depends on experience.

This is a business product role. At Glomo, PMs sell: you will be in the room with merchants from the first conversation, and you will be accountable for the deal as much as the spec. You are not a feature desk for the sales team. You understand the customer well enough to decide what we should build for them, and what we should not.

You will join sales calls and demos, bring what you learn back to the product team, help shape the roadmap with them, write specs for the features you own, ship them with engineering, and take merchants live.

**What you'll do**
------------------

* **Sell.** Run discovery and demos, map a merchant's needs onto Glomo's products, and work with sales to close.
* **Shape the roadmap.** Bring merchant feedback and market insight to the product team, and work with them to prioritise what we build.
* **Write and ship.** Turn merchant needs into clear PRDs and user flows for the features you own. Work with engineering and design through launch.
* **Take merchants live.** Drive integration and onboarding, and unblock issues across ops, compliance and the merchant's own team.
* **Track adoption.** Watch usage and conversion, find where users drop off, and fix it.
* **Work inside the rules.** Partner with compliance, legal and risk so products meet IFSCA and FEMA/LRS requirements from day one.

**What we're looking for**
--------------------------

* 2+ years of work experience, including a client-facing sales role: account executive, inside sales, pre-sales or enterprise BD, preferably selling software or tech.
* MBA from a premier Indian business school.
* You can run a discovery call and a demo, handle objections, and manage a client relationship.
* Structured thinking and clear writing. You can turn a messy customer problem into a simple spec.
* Comfortable with data: Excel, and ideally basic SQL, to read a funnel and size an opportunity.
* You use AI tools effectively in your day-to-day work, for research, analysis, writing specs and prototyping, and you know where they fall short.
* Curious about how technical products work, and able to hold a conversation with engineers about APIs and integrations.
* You move fast, take ownership, and follow through without being chased.

**Good to have**
----------------

* Experience in financial services: banking, payments, fintech, broking, wealth management or mutual funds.
* Exposure to cross-border payments, or working knowledge of LRS, FEMA or KYC/AML.
* A product internship or prior product stint.
* Early-stage startup experience.
* An engineering undergraduate degree.

**Why Glomo**
-------------

* Work directly with the founders on a small team.
* Own real merchant relationships and real product outcomes from your first month.
* Build regulated cross-border infrastructure that brokers, AMCs and payment platforms run on."
https://in.indeed.com/viewjob?jk=6aad7f689a4411ca,2026-09-29,,Bosch,RBIN Product Manager - Filters & Portfolio Goods - Assistant Manager,"KA, IN",,link,,,85,Fresh,q_apm_01,0-2y,False,"**Company Description**

In India, Bosch is a leading supplier of technology and services in the areas of Mobility Solutions, Industrial Technology, Consumer Goods, and Energy and Building Technology. Additionally, Bosch has in India the largest development center outside Germany, for end-to-end engineering and technology solutions. The Bosch Group operates in India through twelve companies: Bosch Limited – the flagship company of the Bosch Group in India – Bosch Chassis Systems India Private Limited, Bosch Rexroth (India) Private Limited, Bosch Global Software Technologies, Bosch Automotive Electronics India Private Limited, Bosch Electrical Drives India Private Limited, BSH Home Appliances Private Limited, ETAS Automotive India Private Limited, Robert Bosch Automotive Steering Private Limited, Automobility Services and Solutions Private Limited, Newtech Filter India Private Limited and Mivin Engg. Technologies Private Limited. In India, Bosch set-up its manufacturing operation in 1951, which has grown over the years to include 16 manufacturing sites, and seven development and application centers. The Bosch Group in India employs over 30,500 associates and generated consolidated sales of about Rs. 26,827 crores (3.1 billion euros) in fiscal year 2021-22 of which Rs. 24,406 crores (2.8 billion euros) are from consolidated sales to third parties. Bosch Limited is the flagship company of the Bosch Group. It earned revenue of over Rs. 11,782 crores (1.39 billion euros) in fiscal year 2021-22.  
Additional information can be accessed at www.bosch.in Mobility Aftermarket

Bosch offers a wide range of spare parts to the aftermarket and repair shops – from new and exchange parts to repair solutions – as well as repair shop equipment such as diagnostic software and hardware. With service training courses and partner programs for repair shops, Bosch offers automobile competence and knowledge to service technicians all over the world. Thus, repair shops can test and repair more efficiently, more safely, and more quickly.

 **Job Description**

The purpose of this role is to manage and develop product portfolio, and strategy for present and future business growth

Portfolio Management: Formulate product portfolio and execute product life cycle management at business unit to provide /offer a comprehensive range to the market.

Product Road Map: Develop new products and services for domestic and export market to grow market share & improve customer experience.

Profit & Loss: Monitor profitability through cost and price measures for business sustenance.

Sourcing Activities: Liaison with go to source cross functional team for source assessments, cost management and material procurement management to meet market requirements.

Project Management: Drive growth projects at Automotive Aftermarket division for growth opportunities.

Data and Content Management: Create and manage product data for the product portfolio to facilitate the development of catalogs, packaging, promotional and training content.

 **Qualifications**

Functional Skills:

* Proficient in data analysis, User Research Method Development and Market research.
* Proficient in Idea Development and product sense.
* Competent collaboration, communication and presentation skills.

Education:

* B.E/B.Tech (Preferably in Mechanical Engineering).

Experience

* 3- 5years of experience preferably in product marketing in automotive aftermarket parts.
* 2-3 years of experience in KAM & OEM Sales."
https://in.indeed.com/viewjob?jk=fda6717842555199,2026-10-01,,Hawkmartech,Associate Product Manager,"HR, IN",,DM,,,85,Fresh,q_apm_01,0-2y,False,"**Product Manager – CPaaS**

**Company:** Hawk Martech  
**Location:** Gurugram – DLF Corporate Greens  
**Work Mode:** Full-Time | On-Site  
**Experience:** 3–6 Years  
**Department:** Product & Technology

**About the Role**

Hawk Martech is looking for an experienced **Product Manager – CPaaS** to drive the development and growth of communication and customer-engagement products.

The ideal candidate should have **hands-on product management experience in CPaaS (Communications Platform as a Service)** and a strong understanding of communication channels such as **SMS, WhatsApp, RCS, Voice, Email, and communication APIs**.

We are specifically looking for someone who has worked with **CPaaS, communication platforms, messaging platforms, cloud telephony, conversational communication, or API-based communication products** and understands the technical and commercial aspects of these products.

Key ResponsibilitiesProduct Strategy & Roadmap

* Own the **product vision, strategy, roadmap, and execution** for CPaaS and communication products.
* Identify market opportunities and customer problems across messaging, voice, and communication channels.
* Define product priorities based on customer requirements, market trends, business objectives, and technical feasibility.
* Work closely with leadership to define product growth and expansion strategies.
* Manage the complete product lifecycle from **discovery to development, launch, and optimization**.

CPaaS Product Management

* Drive products and features across **SMS, WhatsApp, RCS, Voice, Email, and other communication channels**.
* Understand communication APIs, messaging workflows, delivery mechanisms, templates, routing, authentication, and third-party integrations.
* Work on **omnichannel communication and customer engagement** use cases.
* Understand and manage integrations with telecom operators, messaging providers, communication platforms, and other third-party APIs.
* Identify opportunities to improve message delivery, reliability, scalability, customer experience, and platform adoption.
* Work with technical teams on APIs, webhooks, SDKs, integrations, dashboards, reporting, and automation workflows.

Product Discovery & Market Research

* Conduct customer interviews and gather requirements from enterprise customers, sales teams, and internal stakeholders.
* Research competitors and market developments across the **CPaaS, messaging, cloud communication, and customer engagement** ecosystem.
* Analyze platforms and solutions offered by companies such as **Tanla Platforms, Route Mobile, Gupshup, Exotel, Tata Communications, Airtel IQ, Netcore, Twilio, Plivo, Sinch, Infobip, Bird, Vonage, and similar communication platforms**.
* Identify gaps in existing solutions and convert them into actionable product opportunities.
* Stay updated with developments in **WhatsApp Business, RCS, SMS, Voice APIs, cloud telephony, conversational AI, and communication technology**.

Product Development

* Create detailed **PRDs, user stories, product specifications, workflows, and acceptance criteria**.
* Work closely with engineering, UI/UX, QA, DevOps, and business teams.
* Translate customer and business requirements into clear technical and functional requirements.
* Prioritize features and manage scope, dependencies, timelines, and releases.
* Participate in product testing, UAT, release planning, and post-launch reviews.
* Ensure products are scalable, reliable, secure, and easy to use.

API & Technical Product Management

* Work closely with engineering teams on **REST APIs, webhooks, SDKs, third-party integrations, and event-driven workflows**.
* Understand API documentation, authentication, request/response structures, error handling, and integration dependencies.
* Work with technical teams to define API requirements and integration experiences.
* Ensure seamless integration between CPaaS products and customer systems such as **CRM, marketing automation, e-commerce, and customer-support platforms**.
* A strong understanding of technical architecture and API-based products is required.

Compliance & Telecom Ecosystem

* Stay updated with relevant communication and messaging regulations, policies, and industry requirements.
* Understand areas such as **DLT, TRAI regulations, sender IDs, templates, consent, messaging policies, and delivery compliance**.
* Track changes in WhatsApp Business policies, RCS ecosystem developments, telecom requirements, and other platform policies.
* Work with technical and business teams to ensure product changes are aligned with applicable requirements.

Analytics & Product Performance

* Define and monitor key product and business metrics.
* Track metrics such as:
* Message Delivery Rate
* Delivery Success Rate
* API Usage
* Message Volume
* Customer Activation
* Customer Retention
* Conversion Rate
* Revenue
* Usage & Adoption
* Cost per Message / Communication
* Use product analytics and customer data to identify opportunities for improvement.
* Work with engineering teams to ensure appropriate product tracking and analytics are implemented.

Pricing & Commercial Strategy

* Work with leadership on **pricing, plans, usage-based pricing, channel pricing, and packaging**.
* Understand the commercial model of CPaaS products, including communication costs, vendor costs, margins, and usage-based billing.
* Identify opportunities for upselling, cross-selling, and increasing product adoption.

Required Skills & Qualifications

* **3–6 years of Product Management experience.**
* **Mandatory: Prior experience working on a CPaaS / Communication Platform / Messaging Platform / Cloud Communication product.**
* Strong understanding of **SMS, WhatsApp, RCS, Voice, Email, and communication APIs**.
* Experience with **B2B SaaS or API-driven products**.
* Strong understanding of **REST APIs, webhooks, third-party integrations, and SDKs**.
* Experience working with engineering and technical teams on API-based products.
* Understanding of **telecom, messaging, cloud telephony, or communication technology**.
* Strong product documentation skills, including **PRDs, user stories, workflows, and acceptance criteria**.
* Good understanding of product analytics and data-driven decision-making.
* Strong customer discovery and requirement-gathering skills.
* Excellent written and verbal communication.
* Strong stakeholder management and cross-functional collaboration skills.

Preferred Experience

Candidates with experience in any of the following areas will be highly relevant:

* CPaaS
* SMS & Messaging Platforms
* WhatsApp Business API
* RCS
* Voice APIs
* Cloud Telephony
* Contact Center / CCaaS
* IVR
* SIP
* Omnichannel Communication
* Communication APIs
* Customer Engagement Platforms
* Conversational AI
* Marketing Automation
* CRM Integrations
* B2B SaaS

Experience with **Voice AI, LLMs, conversational AI, or AI-powered communication products** will be an added advantage.

Ideal Candidate Profile

The ideal candidate is someone who has **already worked on a CPaaS or communication technology product**, rather than someone coming purely from a generic SaaS or consumer-app background.

They should understand both sides of the role:

**Business:** customer requirements, pricing, usage, revenue, adoption, and market opportunities.

**Technology:** APIs, integrations, messaging infrastructure, communication channels, workflows, scalability, and technical dependencies.

The candidate should be capable of taking a communication-product requirement from **customer discovery → product strategy → PRD → engineering execution → launch → analytics → continuous improvement**.

Why Join Hawk Martech?

* Opportunity to work on products at the intersection of **Communication, Technology, Digital Marketing, and AI**.
* High ownership across product strategy and execution.
* Opportunity to work closely with engineering, marketing, business, and leadership teams.
* Exposure to enterprise communication and customer-engagement use cases.
* Fast-paced environment with significant opportunities for learning and growth.

**Work Location:** DLF Corporate Greens, Gurugram  
**Work Mode:** On-Site  
**Employment Type:** Full-Time

Pay: ₹60,000.00 - ₹90,000.00 per year

Benefits:

* Food provided

Work Location: In person"
https://in.indeed.com/viewjob?jk=2aab6f22418a1dfb,2026-09-28,,Procter & Gamble,Product Manager,"MH, IN",,DM,,,85,Archived,q_apm_01,0-2y,False,"Location MUMBAI, India Category Information Technology Job Id R000159669 Job Type Full time Experienced Professionals

  

**Job Location**

MUMBAI GENERAL OFFICE

**Job Description**

P&G was founded over 180 years ago as a simple soap and candle company. Today, we're the world’s largest consumer goods company and home to iconic, trusted brands that make life a little bit easier in small but meaningful ways. We've spanned three centuries thanks to three simple ideas: leadership, innovation and citizenship. The insight, innovation and passion of hardworking teams have helped us grow into a global company that is governed responsibly and ethically, that is open and visible, and that supports good causes and protects the environment. This is a place where you can be proud to work and do something that matters.

**Dedication from Us:** You'll be at the core of breakthrough innovations, be given exciting assignments, lead initiatives, and take ownership and responsibility, in creative workspaces where new insights thrive. All the while, you'll receive outstanding training to help you become a leader in your field. It is not just about what you'll do, but how you'll feel: encouraged, valued, purposeful, challenged, heard, and inspired.

**What we Offer:** Continuous mentorship – you will collaborate with peers and receive both formal training as well as day-to-day mentoring from your manager dynamic and encouraging work environment– employees are at the centre, we value every individual and support initiative, promoting agility and work/life balance.

**Job Description**:

The Digital Product Manager/Owner will set priorities for an internal digital product in data domain to all within an organization. They will translate customer needs into valuable, feasible, and usable user stories, personas, user journeys, and user flows. They will deliver a hands-on MVP for new products/features to confirm value. They will be responsible to understand data/API integrations needed to deliver the product. They will drive the digital product strategy, define the roadmap, and guide the digital product team on ""what"" should be built.

**Key Responsibilities:**

* Translate customer needs into valuable, feasible, and usable user stories.
* Drive the digital product strategy and define the roadmap working with multi-functional team.
* Collaborate with regional/global stakeholders and developers to prioritize the product backlog.
* Create MVP (minimum viable product) to confirm product value.
* Design data pipelines leveraging Azure, Databricks and PBI.
* Make data-driven decisions based on complex, multivariable environments.
* Implement best practices for product operations and data management for the product including data governance, security, and compliance.
* Stay up to date with emerging trends and technologies in product management, data engineering and visualization and AI.
* Test/Experiment with AI agents to drive higher value of the product.  
    
  **About us**  
    
  We produce globally recognized brands, and we grow the best business leaders in the industry. With a portfolio of trusted brands as diverse as ours, it is paramount our leaders are able to lead with courage the vast array of brands, categories and functions. We serve consumers around the world with one of the strongest portfolios of trusted, quality, leadership brands, including Always®, Ariel®, Gillette®, Head & Shoulders®, Herbal Essences®, Oral-B®, Pampers®, Pantene®, Tampax® and more. Our community includes operations in approximately 70 countries
    
  worldwide.  
    
  Visit http://www.pg.com to know more.  
    
  We are an equal opportunity employer and value diversity at our company. We do not discriminate against individuals on the basis of race, color, gender, age, national origin, religion, sexual orientation, gender identity or expression, marital status, citizenship, disability, HIV/AIDS status, or any other legally protected factor.  
    
  ***At P&G, the hiring journey is personalized every step of the way, thereby ensuring equal opportunities for all, with a strong foundation of Ethics & Corporate Responsibility guiding everything we do.***  
    
  ***All the available job opportunities are posted either on our website - pgcareers.com, or on our official social media pages, for the convenience of prospective candidates, and do not require them to pay any kind of fees towards their application.”***

**Job Qualifications**

* Bachelor’s degree in computer science, Software Engineering, Data Science, Statistics, or a related field.
* 1-2 years experience as product manager/product owner.
* 1-2 years of experience in data engineering/software engineering with a proven track.
* Proficiency in SQL, and Python programming skills.
* Proficiency in Data bricks/Microsoft Fabric.
* Excellent analytical and problem-solving skills with a keen attention to detail.
* Strong communication and interpersonal skills. Actively participates in teamwork while demonstrating cultural awareness and a willingness to share insights.
* Defines and leads the work necessary to shape team dynamics, organizational culture, or IT practices.
* Certifications preferred: Microsoft Azure Fundamentals, Python Programming Certification, Microsoft Fabric Data Engineer Associate [DP-700] or Databricks Certified Data Engineer Associate / Professional
* Preferred Experience: Experience building AI products and agents on industry platforms like N8N, Lang Graph /Lang chain etc.

**Job Schedule**

Full time

**Job Number**

R000159669

**Job Segmentation**

Experienced Professionals"
https://www.glassdoor.co.in/job-listing/j?jl=1010280790440,2026-10-01,,Boston Consulting Group,Global Product Manager,Gurgaon,,link,Hiring Manager,Product Recruiter,85,Fresh,q_wide_01,Senior / All,False,Global Product Manager opening at Boston Consulting Group (Gurgaon). Direct application link: https://www.glassdoor.co.in/job-listing/j?jl=1010280790440
https://in.indeed.com/viewjob?jk=ba422baaa919886e,2026-09-22,,Amazon.com,"Sr. Product Manager - Tech, Purchase Experience, Amazon Books","TN, IN",,DM,Hiring Manager,Product Recruiter,85,Archived,q_wide_01,Senior / All,False,"**DESCRIPTION**
---------------

Join the Books org and lead product development for our Payment and Purchase Experience charter. We are looking for a Sr. Product Manager - Technical to help create the most trusted and delightful end-to-end purchase and payments CX for Books customers world-wide. You will develop the strategy and vision for this charter and collaborate with an engineering team to oversee the development of related products and features.  
  
Key job responsibilities  
The ideal candidate is highly analytical, demonstrates strong judgment, can work effectively across a matrix organization, and has a proven history of creating delightful customer experiences and delivering results. Experience in the payments and ordering space is a plus.  
  
A day in the life  

* Product Vision and Ownership: End-to-end accountability; leads strategy, value proposition, game-changing ideas, evolution. Focuses on customer delight. Ensures we're focused on the right metrics for the business.
* Customer: What problem are we solving? How can we add more value for customers? Where can we invent?
* Product Development/Roadmap: Defines functional, user experience, legal and other business requirements. Manages feature prioritization; helps engineering, operations, and creative make the right CX trade-offs.
* Compliance headwinds: Adeptly navigates urgent compliance requirements, defines goals, and brings them to fruition through collaboration with tech, legal, and local partners.

  
About the team  
The mission of the Books Customer Value org is to maximize customers’ return on money, time, and energy spent acquiring Books and empower them to read more. We do so by obsessing over value to ensure sharp pricing, making acquiring a book seamless and secure, and providing tools to build a reading habit.

**BASIC QUALIFICATIONS**
------------------------

* Bachelor's degree
* Experience owning/driving roadmap strategy and definition
* Experience with feature delivery and tradeoffs of a product
* Experience contributing to engineering discussions around technology decisions and strategy related to a product
* Experience managing technical products or online services
* Experience in representing and advocating for a variety of critical customers and stakeholders during executive-level prioritization and planning

**PREFERRED QUALIFICATIONS**
----------------------------

* Experience in using analytical tools, such as Tableau, Qlikview, QuickSight
* Experience in building and driving adoption of new tools

  
Our inclusive culture empowers Amazonians to deliver the best results for our customers. If you have a disability and need a workplace accommodation or adjustment during the application and hiring process, including support for the interview or onboarding process, please visit https://amazon.jobs/content/en/how-we-hire/accommodations for more information. If the country/region you’re applying in isn’t listed, please contact your Recruiting Partner."
https://www.instahyre.com/job-445569-product-manager-at-doqfy-internet-bangalore/,2026-10-05,,Doqfy Internet,Product Manager,"India, India",,link,Hiring Manager,Product Recruiter,85,Fresh,q_wide_01,Senior / All,False,"Product Manager opening at Doqfy Internet (India, India). Direct application link: https://www.instahyre.com/job-445569-product-manager-at-doqfy-internet-bangalore/"
https://www.instahyre.com/job-436571-product-manager-at-zynga-bangalore/,2026-10-05,,Zynga,Product Manager,"India, India",,link,Hiring Manager,Product Recruiter,85,Fresh,q_wide_01,Senior / All,False,"Product Manager opening at Zynga (India, India). Direct application link: https://www.instahyre.com/job-436571-product-manager-at-zynga-bangalore/"
https://www.instahyre.com/job-444630-product-manager-at-doqfy-internet-bangalore/,2026-10-05,,Doqfy Internet,Product Manager,"India, India",,link,Hiring Manager,Product Recruiter,85,Fresh,q_wide_01,Senior / All,False,"Product Manager opening at Doqfy Internet (India, India). Direct application link: https://www.instahyre.com/job-444630-product-manager-at-doqfy-internet-bangalore/"
https://www.instahyre.com/job-443624-product-manager-at-star-health-and-allied-insurance-chennai/,2026-10-05,,Star Health and Allied Insurance,Product Manager,"India, India",,link,Hiring Manager,Product Recruiter,85,Fresh,q_wide_01,Senior / All,False,"Product Manager opening at Star Health and Allied Insurance (India, India). Direct application link: https://www.instahyre.com/job-443624-product-manager-at-star-health-and-allied-insurance-chennai/"
https://www.instahyre.com/job-420586-product-manager-at-aris-infra-bangalore/,2026-10-05,,Aris Infra,Product Manager,"India, India",,link,Hiring Manager,Product Recruiter,85,Fresh,q_wide_01,Senior / All,False,"Product Manager opening at Aris Infra (India, India). Direct application link: https://www.instahyre.com/job-420586-product-manager-at-aris-infra-bangalore/"
https://www.instahyre.com/job-416437-product-manager-at-payu-bangalore-gurgaon/,2026-10-05,,PayU,Product Manager,"India, India",,link,Hiring Manager,Product Recruiter,85,Fresh,q_wide_01,Senior / All,False,"Product Manager opening at PayU (India, India). Direct application link: https://www.instahyre.com/job-416437-product-manager-at-payu-bangalore-gurgaon/"
https://www.instahyre.com/job-435682-product-manager-at-playsimple-games-bangalore/,2026-10-05,,Playsimple Games,Product Manager,"India, India",,link,Hiring Manager,Product Recruiter,85,Fresh,q_wide_01,Senior / All,False,"Product Manager opening at Playsimple Games (India, India). Direct application link: https://www.instahyre.com/job-435682-product-manager-at-playsimple-games-bangalore/"
https://www.instahyre.com/job-443339-product-manager-at-star-health-and-allied-insurance-gurgaon/,2026-10-05,,Star Health and Allied Insurance,Product Manager,"India, India",,link,Hiring Manager,Product Recruiter,85,Fresh,q_wide_01,Senior / All,False,"Product Manager opening at Star Health and Allied Insurance (India, India). Direct application link: https://www.instahyre.com/job-443339-product-manager-at-star-health-and-allied-insurance-gurgaon/"
https://www.instahyre.com/job-414306-product-manager-at-amazon-bangalore/,2026-10-05,,Amazon,Product Manager,"India, India",,link,Hiring Manager,Product Recruiter,85,Fresh,q_wide_01,Senior / All,False,"Product Manager opening at Amazon (India, India). Direct application link: https://www.instahyre.com/job-414306-product-manager-at-amazon-bangalore/"
https://www.instahyre.com/job-442037-product-manager-at-purplle-mumbai/,2026-10-05,,Purplle,Product Manager,"India, India",,link,Hiring Manager,Product Recruiter,85,Fresh,q_wide_01,Senior / All,False,"Product Manager opening at Purplle (India, India). Direct application link: https://www.instahyre.com/job-442037-product-manager-at-purplle-mumbai/"
https://www.instahyre.com/job-440454-product-manager-at-pibit-bangalore/,2026-10-05,,Pibit.ai,Product Manager,"India, India",,link,Hiring Manager,Product Recruiter,85,Fresh,q_wide_01,Senior / All,False,"Product Manager opening at Pibit.ai (India, India). Direct application link: https://www.instahyre.com/job-440454-product-manager-at-pibit-bangalore/"
https://www.instahyre.com/job-442184-product-manager-at-purplle-mumbai/,2026-10-05,,Purplle,Product Manager,"India, India",,link,Hiring Manager,Product Recruiter,85,Fresh,q_wide_01,Senior / All,False,"Product Manager opening at Purplle (India, India). Direct application link: https://www.instahyre.com/job-442184-product-manager-at-purplle-mumbai/"
https://www.instahyre.com/job-440884-product-manager-at-tekion-bangalore/,2026-10-05,,Tekion,Product Manager,"India, India",,link,Hiring Manager,Product Recruiter,85,Fresh,q_wide_01,Senior / All,False,"Product Manager opening at Tekion (India, India). Direct application link: https://www.instahyre.com/job-440884-product-manager-at-tekion-bangalore/"
https://www.instahyre.com/job-428392-product-manager-at-drimco-gmbh-germany/,2026-10-05,,DRIMCO GmbH,Product Manager,"India, India",,link,Hiring Manager,Product Recruiter,85,Fresh,q_wide_01,Senior / All,False,"Product Manager opening at DRIMCO GmbH (India, India). Direct application link: https://www.instahyre.com/job-428392-product-manager-at-drimco-gmbh-germany/"
https://www.instahyre.com/job-404215-product-manager-at-spotdraft-bangalore/,2026-10-05,,SpotDraft,Product Manager,"India, India",,link,Hiring Manager,Product Recruiter,85,Fresh,q_wide_01,Senior / All,False,"Product Manager opening at SpotDraft (India, India). Direct application link: https://www.instahyre.com/job-404215-product-manager-at-spotdraft-bangalore/"
https://www.instahyre.com/job-432369-product-manager-at-nuplay-ai-bangalore/,2026-10-05,,NuPlay AI,Product Manager,"India, India",,link,Hiring Manager,Product Recruiter,85,Fresh,q_wide_01,Senior / All,False,"Product Manager opening at NuPlay AI (India, India). Direct application link: https://www.instahyre.com/job-432369-product-manager-at-nuplay-ai-bangalore/"
https://www.instahyre.com/job-445195-product-manager-at-flipkart-chennai/,2026-10-05,,Flipkart,Product Manager,"India, India",,link,Hiring Manager,Product Recruiter,85,Fresh,q_wide_01,Senior / All,False,"Product Manager opening at Flipkart (India, India). Direct application link: https://www.instahyre.com/job-445195-product-manager-at-flipkart-chennai/"
https://www.instahyre.com/job-425695-product-manager-at-klimb-mumbai-navi-mumbai/,2026-10-05,,Klimb.io,Product Manager,"India, India",,link,Hiring Manager,Product Recruiter,85,Fresh,q_wide_01,Senior / All,False,"Product Manager opening at Klimb.io (India, India). Direct application link: https://www.instahyre.com/job-425695-product-manager-at-klimb-mumbai-navi-mumbai/"
https://www.instahyre.com/job-439975-product-manager-at-apna-bangalore/,2026-10-05,,apna,Product Manager,"India, India",,link,Hiring Manager,Product Recruiter,85,Fresh,q_wide_01,Senior / All,False,"Product Manager opening at apna (India, India). Direct application link: https://www.instahyre.com/job-439975-product-manager-at-apna-bangalore/"
https://www.instahyre.com/job-328461-product-manager-at-reliance-jio-bangalore/,2026-10-05,,Reliance Jio,Product Manager,"India, India",,link,Hiring Manager,Product Recruiter,85,Fresh,q_wide_01,Senior / All,False,"Product Manager opening at Reliance Jio (India, India). Direct application link: https://www.instahyre.com/job-328461-product-manager-at-reliance-jio-bangalore/"
https://www.instahyre.com/job-435060-product-manager-at-nasiko-bangalore/,2026-10-05,,Nasiko,Product Manager,"India, India",,link,Hiring Manager,Product Recruiter,85,Fresh,q_wide_01,Senior / All,False,"Product Manager opening at Nasiko (India, India). Direct application link: https://www.instahyre.com/job-435060-product-manager-at-nasiko-bangalore/"
https://www.instahyre.com/job-440837-product-manager-at-tradl-ai-bangalore/,2026-10-05,,Tradl AI,Product Manager,"India, India",,link,Hiring Manager,Product Recruiter,85,Fresh,q_wide_01,Senior / All,False,"Product Manager opening at Tradl AI (India, India). Direct application link: https://www.instahyre.com/job-440837-product-manager-at-tradl-ai-bangalore/"
https://www.instahyre.com/job-438452-product-manager-at-apna-bangalore/,2026-10-05,,apna,Product Manager,"India, India",,link,Hiring Manager,Product Recruiter,85,Fresh,q_wide_01,Senior / All,False,"Product Manager opening at apna (India, India). Direct application link: https://www.instahyre.com/job-438452-product-manager-at-apna-bangalore/"
https://www.instahyre.com/job-419484-product-manager-at-virgio-bangalore/,2026-10-05,,Virgio,Product Manager,"India, India",,link,Hiring Manager,Product Recruiter,85,Fresh,q_wide_01,Senior / All,False,"Product Manager opening at Virgio (India, India). Direct application link: https://www.instahyre.com/job-419484-product-manager-at-virgio-bangalore/"
https://www.instahyre.com/job-443833-product-manager-at-sahi-bangalore/,2026-10-05,,Sahi,Product Manager,"India, India",,link,Hiring Manager,Product Recruiter,85,Fresh,q_wide_01,Senior / All,False,"Product Manager opening at Sahi (India, India). Direct application link: https://www.instahyre.com/job-443833-product-manager-at-sahi-bangalore/"
https://www.linkedin.com/jobs/view/4475534602,2026-10-05,,TekIT Software Solutions Pvt. Ltd. (India & USA),Product Manager – Network Services,Bengaluru,,link,Hiring Manager,Product Recruiter,85,Fresh,q_wide_01,Senior / All,False,Product Manager – Network Services opening at TekIT Software Solutions Pvt. Ltd. (India & USA) (Bengaluru). Direct application link: https://www.linkedin.com/jobs/view/4475534602
https://www.linkedin.com/jobs/view/4454658110,2026-10-03,,Ema,Product Manager,Bengaluru,,link,Hiring Manager,Product Recruiter,85,Fresh,q_wide_01,Senior / All,False,Product Manager opening at Ema (Bengaluru). Direct application link: https://www.linkedin.com/jobs/view/4454658110
https://www.linkedin.com/jobs/view/4473382417,2026-10-02,,Google,"Product Manager II, Google Workspace",Bengaluru,,link,Hiring Manager,Product Recruiter,85,Fresh,q_wide_01,Senior / All,False,"Product Manager II, Google Workspace opening at Google (Bengaluru). Direct application link: https://www.linkedin.com/jobs/view/4473382417"
https://www.linkedin.com/jobs/view/4472557403,2026-10-01,,IGNOSIS AI,Product Manager,Ahmedabad,,link,Hiring Manager,Product Recruiter,85,Fresh,q_wide_01,Senior / All,False,Product Manager opening at IGNOSIS AI (Ahmedabad). Direct application link: https://www.linkedin.com/jobs/view/4472557403
https://www.linkedin.com/jobs/view/4440781227,2026-10-01,,Route Mobile Limited,Product Manager,Mumbai Metropolitan Region,,link,Hiring Manager,Product Recruiter,85,Fresh,q_wide_01,Senior / All,False,Product Manager opening at Route Mobile Limited (Mumbai Metropolitan Region). Direct application link: https://www.linkedin.com/jobs/view/4440781227
https://www.linkedin.com/jobs/view/4472916664,2026-10-01,,Global HealthX,Product Manager,Hyderabad,,link,Hiring Manager,Product Recruiter,85,Fresh,q_wide_01,Senior / All,False,Product Manager opening at Global HealthX (Hyderabad). Direct application link: https://www.linkedin.com/jobs/view/4472916664
https://www.linkedin.com/jobs/view/4472695766,2026-10-01,,eBay,"Sr. Product Manager, Digital Services AI",Bengaluru,,link,Hiring Manager,Product Recruiter,85,Fresh,q_wide_01,Senior / All,False,"Sr. Product Manager, Digital Services AI opening at eBay (Bengaluru). Direct application link: https://www.linkedin.com/jobs/view/4472695766"
https://www.linkedin.com/jobs/view/4455796338,2026-10-01,,Prime Video & Amazon MGM Studios,"Principal Product Manager - Tech, Prime Video Commerce & International Product",Mumbai Metropolitan Region,,link,Hiring Manager,Product Recruiter,85,Fresh,q_wide_01,0-2y,False,"Principal Product Manager - Tech, Prime Video Commerce & International Product opening at Prime Video & Amazon MGM Studios (Mumbai Metropolitan Region). Direct application link: https://www.linkedin.com/jobs/view/4455796338"
https://www.linkedin.com/jobs/view/4472527492,2026-10-01,,Shipsoft Solutions,Product Manager,Chennai,,link,Hiring Manager,Product Recruiter,85,Fresh,q_wide_01,Senior / All,False,Product Manager opening at Shipsoft Solutions (Chennai). Direct application link: https://www.linkedin.com/jobs/view/4472527492
https://www.linkedin.com/jobs/view/4473723466,2026-09-30,,Park+,Product Manager,Gurugram,,link,Hiring Manager,Product Recruiter,85,Fresh,q_wide_01,Senior / All,False,Product Manager opening at Park+ (Gurugram). Direct application link: https://www.linkedin.com/jobs/view/4473723466
https://www.linkedin.com/jobs/view/4455777878,2026-09-30,,Amazon,"Sr. Product Manager - Tech, Alexa Smart Properties",Bengaluru,,link,Hiring Manager,Product Recruiter,85,Fresh,q_wide_01,Senior / All,False,"Sr. Product Manager - Tech, Alexa Smart Properties opening at Amazon (Bengaluru). Direct application link: https://www.linkedin.com/jobs/view/4455777878"
https://www.linkedin.com/jobs/view/4473757897,2026-09-30,,super.money,Product Manager,Bengaluru,,link,Hiring Manager,Product Recruiter,85,Fresh,q_wide_01,Senior / All,False,Product Manager opening at super.money (Bengaluru). Direct application link: https://www.linkedin.com/jobs/view/4473757897
https://www.linkedin.com/jobs/view/4473730962,2026-09-30,,Airtel Payments Bank,Product Manager - FASTag,Gurugram,,link,Hiring Manager,Product Recruiter,85,Fresh,q_wide_01,Senior / All,False,Product Manager - FASTag opening at Airtel Payments Bank (Gurugram). Direct application link: https://www.linkedin.com/jobs/view/4473730962
https://www.linkedin.com/jobs/view/4472734004,2026-09-30,,Dentalkart,Product Manager,Delhi,,link,Hiring Manager,Product Recruiter,85,Fresh,q_wide_01,Senior / All,False,Product Manager opening at Dentalkart (Delhi). Direct application link: https://www.linkedin.com/jobs/view/4472734004
https://www.linkedin.com/jobs/view/4463853506,2026-09-30,,Priceline,Product Manager,Mumbai,,link,Hiring Manager,Product Recruiter,85,Fresh,q_wide_01,Senior / All,False,Product Manager opening at Priceline (Mumbai). Direct application link: https://www.linkedin.com/jobs/view/4463853506
https://www.linkedin.com/jobs/view/4429967609,2026-09-28,,Sibros,Product Manager (Core Platform and Infrastructure),Pune Division,,link,Hiring Manager,Product Recruiter,85,Archived,q_wide_01,Senior / All,False,Product Manager (Core Platform and Infrastructure) opening at Sibros (Pune Division). Direct application link: https://www.linkedin.com/jobs/view/4429967609
https://www.naukri.com/job-listings-product-manager-cimet-gurugram-4-to-6-years-051026007428,2026-10-05,,CIMET,Product Manager,"Gurugram, India",,link,Hiring Manager,Product Recruiter,85,Fresh,q_wide_01,Senior / All,False,"Product Manager opening at CIMET (Gurugram, India). Direct application link: https://www.naukri.com/job-listings-product-manager-cimet-gurugram-4-to-6-years-051026007428"
https://www.naukri.com/job-listings-product-manager-sapient-publicissapient-hyderabad-bengaluru-delhi-ncr-6-to-11-years-051026007588,2026-10-05,,Sapient (publicissapient),Product Manager,"Hyderabad, Bengaluru, Delhi / NCR, India",,link,Hiring Manager,Product Recruiter,85,Fresh,q_wide_01,Senior / All,False,"Product Manager opening at Sapient (publicissapient) (Hyderabad, Bengaluru, Delhi / NCR, India). Direct application link: https://www.naukri.com/job-listings-product-manager-sapient-publicissapient-hyderabad-bengaluru-delhi-ncr-6-to-11-years-051026007588"
https://www.naukri.com/job-listings-product-manager-epam-systems-hyderabad-chennai-bengaluru-14-to-18-years-040926020444,2026-10-05,,Epam Systems,Product Manager,"Hyderabad, Chennai, Bengaluru, India",,link,Hiring Manager,Product Recruiter,85,Fresh,q_wide_01,Senior / All,False,"Product Manager opening at Epam Systems (Hyderabad, Chennai, Bengaluru, India). Direct application link: https://www.naukri.com/job-listings-product-manager-epam-systems-hyderabad-chennai-bengaluru-14-to-18-years-040926020444"
https://www.naukri.com/job-listings-product-manager-visa-consolidated-support-services-india-pvt-ltd-bengaluru-5-to-10-years-011026927576,2026-10-01,,Visa Consolidated Support Services India,Product Manager,"Bengaluru, India",,link,Hiring Manager,Product Recruiter,85,Fresh,q_wide_01,Senior / All,False,"Product Manager opening at Visa Consolidated Support Services India (Bengaluru, India). Direct application link: https://www.naukri.com/job-listings-product-manager-visa-consolidated-support-services-india-pvt-ltd-bengaluru-5-to-10-years-011026927576"
https://www.naukri.com/job-listings-product-manager-optum-global-solutions-india-private-limited-bengaluru-3-to-8-years-011026927447,2026-10-01,,Optum,Product Manager,"Bengaluru, India",,link,Hiring Manager,Product Recruiter,85,Fresh,q_wide_01,Senior / All,False,"Product Manager opening at Optum (Bengaluru, India). Direct application link: https://www.naukri.com/job-listings-product-manager-optum-global-solutions-india-private-limited-bengaluru-3-to-8-years-011026927447"
https://www.naukri.com/job-listings-product-manager-tesco-polska-bengaluru-6-to-11-years-011026501212,2026-10-01,,Tesco,Product Manager,"Bengaluru, India",,link,Hiring Manager,Product Recruiter,85,Fresh,q_wide_01,Senior / All,False,"Product Manager opening at Tesco (Bengaluru, India). Direct application link: https://www.naukri.com/job-listings-product-manager-tesco-polska-bengaluru-6-to-11-years-011026501212"
https://www.naukri.com/job-listings-product-manager-rategain-noida-5-to-8-years-011026504292,2026-10-01,,Rategain,Product Manager,"Noida, India",,link,Hiring Manager,Product Recruiter,85,Fresh,q_wide_01,Senior / All,False,"Product Manager opening at Rategain (Noida, India). Direct application link: https://www.naukri.com/job-listings-product-manager-rategain-noida-5-to-8-years-011026504292"
https://www.naukri.com/job-listings-product-manager-idp-chennai-8-to-13-years-011026011286,2026-10-01,,IDP,Product Manager,"Chennai, India",,link,Hiring Manager,Product Recruiter,85,Fresh,q_wide_01,Senior / All,False,"Product Manager opening at IDP (Chennai, India). Direct application link: https://www.naukri.com/job-listings-product-manager-idp-chennai-8-to-13-years-011026011286"
https://www.naukri.com/job-listings-product-manager-promanage-biz-chennai-2-to-5-years-300926031867,2026-09-30,,Sulekha,Product Manager,"Chennai, India",,link,Hiring Manager,Product Recruiter,85,Fresh,q_wide_01,Senior / All,False,"Product Manager opening at Sulekha (Chennai, India). Direct application link: https://www.naukri.com/job-listings-product-manager-promanage-biz-chennai-2-to-5-years-300926031867"
https://www.naukri.com/job-listings-product-manager-tata-consultancy-services-bengaluru-6-to-8-years-300926008228,2026-09-30,,Tata Consultancy Services,Product Manager,"Bengaluru, India",,link,Hiring Manager,Product Recruiter,85,Fresh,q_wide_01,Senior / All,False,"Product Manager opening at Tata Consultancy Services (Bengaluru, India). Direct application link: https://www.naukri.com/job-listings-product-manager-tata-consultancy-services-bengaluru-6-to-8-years-300926008228"
https://www.naukri.com/job-listings-product-manager-india-dow-chemical-international-pvt-ltd-mumbai-6-to-10-years-300926502765,2026-09-30,,Dow Chemical International Private Limited,Product Manager - India,"Mumbai, India",,link,Hiring Manager,Product Recruiter,85,Fresh,q_wide_01,Senior / All,False,"Product Manager - India opening at Dow Chemical International Private Limited (Mumbai, India). Direct application link: https://www.naukri.com/job-listings-product-manager-india-dow-chemical-international-pvt-ltd-mumbai-6-to-10-years-300926502765"
https://www.naukri.com/job-listings-product-manager-selective-global-search-mumbai-7-to-12-years-010926014772,2026-09-30,,Selective Global Search,Product Manager,"Mumbai, India",,link,Hiring Manager,Product Recruiter,85,Fresh,q_wide_01,Senior / All,False,"Product Manager opening at Selective Global Search (Mumbai, India). Direct application link: https://www.naukri.com/job-listings-product-manager-selective-global-search-mumbai-7-to-12-years-010926014772"
https://www.naukri.com/job-listings-product-manager-nutrabay-gurugram-2-to-5-years-300926501726,2026-09-30,,Nutrabay,Product Manager,"Gurugram, India",,link,Hiring Manager,Product Recruiter,85,Fresh,q_wide_01,Senior / All,False,"Product Manager opening at Nutrabay (Gurugram, India). Direct application link: https://www.naukri.com/job-listings-product-manager-nutrabay-gurugram-2-to-5-years-300926501726"
https://www.naukri.com/job-listings-product-manager-hcltech-bengaluru-12-to-20-years-290926000109,2026-09-29,,HCLTech,Product Manager,"Bengaluru, India",,link,Hiring Manager,Product Recruiter,85,Fresh,q_wide_01,Senior / All,False,"Product Manager opening at HCLTech (Bengaluru, India). Direct application link: https://www.naukri.com/job-listings-product-manager-hcltech-bengaluru-12-to-20-years-290926000109"
https://www.naukri.com/job-listings-product-manager-hcltech-bengaluru-7-to-12-years-290926000006,2026-09-29,,HCLTech,Product Manager,"Bengaluru, India",,link,Hiring Manager,Product Recruiter,85,Fresh,q_wide_01,Senior / All,False,"Product Manager opening at HCLTech (Bengaluru, India). Direct application link: https://www.naukri.com/job-listings-product-manager-hcltech-bengaluru-7-to-12-years-290926000006"
https://www.naukri.com/job-listings-product-manager-tata-consultancy-services-bengaluru-6-to-8-years-290926041903,2026-09-29,,Tata Consultancy Services,Product Manager,"Bengaluru, India",,link,Hiring Manager,Product Recruiter,85,Fresh,q_wide_01,Senior / All,False,"Product Manager opening at Tata Consultancy Services (Bengaluru, India). Direct application link: https://www.naukri.com/job-listings-product-manager-tata-consultancy-services-bengaluru-6-to-8-years-290926041903"
https://www.naukri.com/job-listings-product-manager-star-health-insurance-chennai-4-to-6-years-290926016387,2026-09-29,,Star Health Insurance,Product Manager,"Chennai, India",,link,Hiring Manager,Product Recruiter,85,Fresh,q_wide_01,Senior / All,False,"Product Manager opening at Star Health Insurance (Chennai, India). Direct application link: https://www.naukri.com/job-listings-product-manager-star-health-insurance-chennai-4-to-6-years-290926016387"
https://www.naukri.com/job-listings-product-manager-schneider-electric-india-pvt-ltd-gurugram-12-to-17-years-290926503397,2026-09-29,,Schneider Electric,Product Manager,"Gurugram, India",,link,Hiring Manager,Product Recruiter,85,Fresh,q_wide_01,Senior / All,False,"Product Manager opening at Schneider Electric (Gurugram, India). Direct application link: https://www.naukri.com/job-listings-product-manager-schneider-electric-india-pvt-ltd-gurugram-12-to-17-years-290926503397"
https://www.naukri.com/job-listings-product-manager-techblocks-consulting-pvt-ltd-hyderabad-6-to-10-years-290926917417,2026-09-29,,TechBlocks,Product Manager,"Hyderabad, India",,link,Hiring Manager,Product Recruiter,85,Fresh,q_wide_01,Senior / All,False,"Product Manager opening at TechBlocks (Hyderabad, India). Direct application link: https://www.naukri.com/job-listings-product-manager-techblocks-consulting-pvt-ltd-hyderabad-6-to-10-years-290926917417"
https://www.naukri.com/job-listings-product-manager-rubiscape-pune-4-to-7-years-290926504396,2026-09-29,,Rubiscape,Product Manager,"Pune, India",,link,Hiring Manager,Product Recruiter,85,Fresh,q_wide_01,Senior / All,False,"Product Manager opening at Rubiscape (Pune, India). Direct application link: https://www.naukri.com/job-listings-product-manager-rubiscape-pune-4-to-7-years-290926504396"
https://www.naukri.com/job-listings-product-manager-mbs-hatcheries-coimbatore-2-to-6-years-290926501328,2026-09-29,,MBS Hatcheries,Product Manager,"Coimbatore, India",,link,Hiring Manager,Product Recruiter,85,Fresh,q_wide_01,Senior / All,False,"Product Manager opening at MBS Hatcheries (Coimbatore, India). Direct application link: https://www.naukri.com/job-listings-product-manager-mbs-hatcheries-coimbatore-2-to-6-years-290926501328"
https://www.naukri.com/job-listings-product-manager-blue-data-consulting-and-it-services-surat-2-to-5-years-100726027559,2026-09-29,,Blue Data Consulting And It Services,Product Manager,"Surat(VIP Road Vesu ), India",,link,Hiring Manager,Product Recruiter,85,Fresh,q_wide_01,Senior / All,False,"Product Manager opening at Blue Data Consulting And It Services (Surat(VIP Road Vesu ), India). Direct application link: https://www.naukri.com/job-listings-product-manager-blue-data-consulting-and-it-services-surat-2-to-5-years-100726027559"
https://www.naukri.com/job-listings-product-manager-apps-for-bharat-bengaluru-3-to-5-years-280926502887,2026-09-28,,Apps For Bharat,Product Manager,"Bengaluru, India",,link,Hiring Manager,Product Recruiter,85,Archived,q_wide_01,Senior / All,False,"Product Manager opening at Apps For Bharat (Bengaluru, India). Direct application link: https://www.naukri.com/job-listings-product-manager-apps-for-bharat-bengaluru-3-to-5-years-280926502887"
https://www.naukri.com/job-listings-product-manager-simplilearn-bengaluru-5-to-9-years-280926025783,2026-09-28,,Simplilearn,Product Manager,"Bengaluru(HSR Layout), India",,link,Hiring Manager,Product Recruiter,85,Archived,q_wide_01,Senior / All,False,"Product Manager opening at Simplilearn (Bengaluru(HSR Layout), India). Direct application link: https://www.naukri.com/job-listings-product-manager-simplilearn-bengaluru-5-to-9-years-280926025783"
https://www.naukri.com/job-listings-product-manager-sun-pharma-industries-mumbai-2-to-6-years-280926501614,2026-09-28,,Sun Pharma,Product Manager,"Mumbai, India",,link,Hiring Manager,Product Recruiter,85,Archived,q_wide_01,Senior / All,False,"Product Manager opening at Sun Pharma (Mumbai, India). Direct application link: https://www.naukri.com/job-listings-product-manager-sun-pharma-industries-mumbai-2-to-6-years-280926501614"
https://www.glassdoor.co.in/job-listing/j?jl=1010283817793,2026-10-03,,Google,"Product Manager II, Google Workspace",Bengaluru,,link,Hiring Manager,Product Recruiter,85,Fresh,q_wide_01,Senior / All,False,"Product Manager II, Google Workspace opening at Google (Bengaluru). Direct application link: https://www.glassdoor.co.in/job-listing/j?jl=1010283817793"
https://www.glassdoor.co.in/job-listing/j?jl=1010281741202,2026-10-02,,eBay Inc.,"Sr. Product Manager, Digital Services AI",Bengaluru,,link,Hiring Manager,Product Recruiter,85,Fresh,q_wide_01,Senior / All,False,"Sr. Product Manager, Digital Services AI opening at eBay Inc. (Bengaluru). Direct application link: https://www.glassdoor.co.in/job-listing/j?jl=1010281741202"
https://www.glassdoor.co.in/job-listing/j?jl=1010280420526,2026-10-01,,UST,Product Manager I,Bengaluru,,link,Hiring Manager,Product Recruiter,85,Fresh,q_wide_01,Senior / All,False,Product Manager I opening at UST (Bengaluru). Direct application link: https://www.glassdoor.co.in/job-listing/j?jl=1010280420526
https://www.glassdoor.co.in/job-listing/j?jl=1010281534912,2026-10-01,,Atlassian,Principal Technical Product Manager - Commerce (Billing & Monetization),Bengaluru,,link,Hiring Manager,Product Recruiter,85,Fresh,q_wide_01,Senior / All,False,Principal Technical Product Manager - Commerce (Billing & Monetization) opening at Atlassian (Bengaluru). Direct application link: https://www.glassdoor.co.in/job-listing/j?jl=1010281534912
https://www.glassdoor.co.in/job-listing/j?jl=1010279257611,2026-10-01,,Tesco India,Product Manager,Bengaluru,,link,Hiring Manager,Product Recruiter,85,Fresh,q_wide_01,Senior / All,False,Product Manager opening at Tesco India (Bengaluru). Direct application link: https://www.glassdoor.co.in/job-listing/j?jl=1010279257611
https://www.glassdoor.co.in/job-listing/j?jl=1010279502315,2026-10-01,,Visa Worldwide Pte. Limited,Product Manager,Bengaluru,,link,Hiring Manager,Product Recruiter,85,Fresh,q_wide_01,Senior / All,False,Product Manager opening at Visa Worldwide Pte. Limited (Bengaluru). Direct application link: https://www.glassdoor.co.in/job-listing/j?jl=1010279502315
https://www.glassdoor.co.in/job-listing/j?jl=1010278876554,2026-09-30,,Zixflow,Product Manager,India,,link,Hiring Manager,Product Recruiter,85,Fresh,q_wide_01,Senior / All,False,Product Manager opening at Zixflow (India). Direct application link: https://www.glassdoor.co.in/job-listing/j?jl=1010278876554
https://www.glassdoor.co.in/job-listing/j?jl=1010277973008,2026-09-30,,Glomopay,Associate Product Manager / Product Manager,Bengaluru,,link,Hiring Manager,Product Recruiter,85,Fresh,q_wide_01,0-2y,False,Associate Product Manager / Product Manager opening at Glomopay (Bengaluru). Direct application link: https://www.glassdoor.co.in/job-listing/j?jl=1010277973008
https://www.glassdoor.co.in/job-listing/j?jl=1010277832095,2026-09-30,,Jobhuk,Product Manager,Bengaluru,,link,Hiring Manager,Product Recruiter,85,Fresh,q_wide_01,Senior / All,False,Product Manager opening at Jobhuk (Bengaluru). Direct application link: https://www.glassdoor.co.in/job-listing/j?jl=1010277832095
https://www.glassdoor.co.in/job-listing/j?jl=1010277874836,2026-09-30,,ADCI - BLR 14 SEZ - F07,"Principal Product Manager, Retail Business Services, RBS: Cost To Serve",Bengaluru,,link,Hiring Manager,Product Recruiter,85,Fresh,q_wide_01,Senior / All,False,"Principal Product Manager, Retail Business Services, RBS: Cost To Serve opening at ADCI - BLR 14 SEZ - F07 (Bengaluru). Direct application link: https://www.glassdoor.co.in/job-listing/j?jl=1010277874836"
https://www.glassdoor.co.in/job-listing/j?jl=1010276730205,2026-09-29,,Société Générale,Product Owner - Feature Team,Bengaluru,,link,Hiring Manager,Product Recruiter,85,Fresh,q_wide_01,Senior / All,False,Product Owner - Feature Team opening at Société Générale (Bengaluru). Direct application link: https://www.glassdoor.co.in/job-listing/j?jl=1010276730205
https://www.glassdoor.co.in/job-listing/j?jl=1010276771644,2026-09-29,,SonicWall,Principal Product Manager- SD-WAN & SASE,Bengaluru,,link,Hiring Manager,Product Recruiter,85,Fresh,q_wide_01,Senior / All,False,Principal Product Manager- SD-WAN & SASE opening at SonicWall (Bengaluru). Direct application link: https://www.glassdoor.co.in/job-listing/j?jl=1010276771644
https://www.linkedin.com/jobs/view/4475528840,2026-10-05,,TekIT Software Solutions Pvt. Ltd. (India & USA),Product Manager – OpenShift,Bengaluru,,link,Hiring Manager,Product Recruiter,85,Fresh,q_wide_01,Senior / All,False,Product Manager – OpenShift opening at TekIT Software Solutions Pvt. Ltd. (India & USA) (Bengaluru). Direct application link: https://www.linkedin.com/jobs/view/4475528840
https://www.linkedin.com/jobs/view/4473487129,2026-10-04,,Thermo Fisher Scientific,"Global Product Manager, Antibody Solutions",Bengaluru East,,link,Hiring Manager,Product Recruiter,85,Fresh,q_wide_01,Senior / All,False,"Global Product Manager, Antibody Solutions opening at Thermo Fisher Scientific (Bengaluru East). Direct application link: https://www.linkedin.com/jobs/view/4473487129"
https://www.linkedin.com/jobs/view/4456495017,2026-10-04,,Lucidity,Technical Product Manager,Bengaluru,,link,Hiring Manager,Product Recruiter,85,Fresh,q_wide_01,Senior / All,False,Technical Product Manager opening at Lucidity (Bengaluru). Direct application link: https://www.linkedin.com/jobs/view/4456495017
https://www.linkedin.com/jobs/view/4474137843,2026-10-01,,Yulu,Product Manager,Greater Bengaluru Area,,link,Hiring Manager,Product Recruiter,85,Fresh,q_wide_01,Senior / All,False,Product Manager opening at Yulu (Greater Bengaluru Area). Direct application link: https://www.linkedin.com/jobs/view/4474137843
https://www.linkedin.com/jobs/view/4440660649,2026-10-01,,Cvent,Product Manager II,Bengaluru,,link,Hiring Manager,Product Recruiter,85,Fresh,q_wide_01,Senior / All,False,Product Manager II opening at Cvent (Bengaluru). Direct application link: https://www.linkedin.com/jobs/view/4440660649
https://www.linkedin.com/jobs/view/4463031535,2026-09-30,,N-able,Principal Product Manager,Bengaluru,,link,Hiring Manager,Product Recruiter,85,Fresh,q_wide_01,Senior / All,False,Principal Product Manager opening at N-able (Bengaluru). Direct application link: https://www.linkedin.com/jobs/view/4463031535
https://www.linkedin.com/jobs/view/4454462984,2026-09-29,,Broadcom,Product Manager,Bengaluru,,link,Hiring Manager,Product Recruiter,85,Fresh,q_wide_01,Senior / All,False,Product Manager opening at Broadcom (Bengaluru). Direct application link: https://www.linkedin.com/jobs/view/4454462984
https://www.linkedin.com/jobs/view/4464358064,2026-09-29,,GE HealthCare,Sr Technical Product Manager,Bengaluru,,link,Hiring Manager,Product Recruiter,85,Fresh,q_wide_01,Senior / All,False,Sr Technical Product Manager opening at GE HealthCare (Bengaluru). Direct application link: https://www.linkedin.com/jobs/view/4464358064
https://www.naukri.com/job-listings-product-manager-neuroglia-health-bengaluru-3-to-7-years-240626014523,2026-10-01,,Neuroglia Health,Product Manager,"Bengaluru, India",,link,Hiring Manager,Product Recruiter,85,Fresh,q_wide_01,Senior / All,False,"Product Manager opening at Neuroglia Health (Bengaluru, India). Direct application link: https://www.naukri.com/job-listings-product-manager-neuroglia-health-bengaluru-3-to-7-years-240626014523"
https://www.naukri.com/job-listings-associate-product-manager-narayana-hrudayalaya-limited-bengaluru-4-to-9-years-011026018864,2026-10-01,,Narayana Health (NH),Associate Product Manager,"Bengaluru, India",,link,Hiring Manager,Product Recruiter,85,Fresh,q_wide_01,0-2y,False,"Associate Product Manager opening at Narayana Health (NH) (Bengaluru, India). Direct application link: https://www.naukri.com/job-listings-associate-product-manager-narayana-hrudayalaya-limited-bengaluru-4-to-9-years-011026018864"
https://www.naukri.com/job-listings-associate-product-manager-narayana-health-bengaluru-6-to-11-years-011026503150,2026-10-01,,Narayana Health (NH),Associate Product Manager,"Bengaluru, India",,link,Hiring Manager,Product Recruiter,85,Fresh,q_wide_01,0-2y,False,"Associate Product Manager opening at Narayana Health (NH) (Bengaluru, India). Direct application link: https://www.naukri.com/job-listings-associate-product-manager-narayana-health-bengaluru-6-to-11-years-011026503150"
https://www.naukri.com/job-listings-product-manager-neolacta-lifesciences-pvt-ltd-bengaluru-5-to-10-years-300926502229,2026-09-30,,Neolacta Lifesciences,Product Manager,"Bengaluru, India",,link,Hiring Manager,Product Recruiter,85,Fresh,q_wide_01,Senior / All,False,"Product Manager opening at Neolacta Lifesciences (Bengaluru, India). Direct application link: https://www.naukri.com/job-listings-product-manager-neolacta-lifesciences-pvt-ltd-bengaluru-5-to-10-years-300926502229"
https://www.naukri.com/job-listings-product-manager-people-pro-consulting-bengaluru-8-to-12-years-290926016806,2026-09-29,,People Pro Consulting,Product Manager,"Bengaluru, India",,link,Hiring Manager,Product Recruiter,85,Fresh,q_wide_01,Senior / All,False,"Product Manager opening at People Pro Consulting (Bengaluru, India). Direct application link: https://www.naukri.com/job-listings-product-manager-people-pro-consulting-bengaluru-8-to-12-years-290926016806"
https://www.naukri.com/job-listings-enterprise-product-manager-principal-product-manager-dmart-pune-chennai-bengaluru-15-to-24-years-290926030056,2026-09-29,,DMart,"Enterprise Product Manager, principal product Manager","Bengaluru, Pune, Chennai, India",,DM,Hiring Manager,Product Recruiter,85,Fresh,q_wide_01,Senior / All,False,"Enterprise Product Manager, principal product Manager opening at DMart (Bengaluru, Pune, Chennai, India). Direct application link: https://www.naukri.com/job-listings-enterprise-product-manager-principal-product-manager-dmart-pune-chennai-bengaluru-15-to-24-years-290926030056"
https://www.naukri.com/job-listings-product-manager-rak-ceramics-bengaluru-8-to-13-years-280926027089,2026-09-28,,RAK Ceramics,Product Manager,"Bengaluru, India",,link,Hiring Manager,Product Recruiter,85,Archived,q_wide_01,Senior / All,False,"Product Manager opening at RAK Ceramics (Bengaluru, India). Direct application link: https://www.naukri.com/job-listings-product-manager-rak-ceramics-bengaluru-8-to-13-years-280926027089"
https://www.naukri.com/job-listings-ai-product-manager-capgemini-technology-services-india-limited-mumbai-hyderabad-bengaluru-1-to-6-years-280926920089,2026-09-28,,Capgemini,AI Product Manager,"Bengaluru, Mumbai, Hyderabad, India",,link,Hiring Manager,Product Recruiter,85,Archived,q_wide_01,Senior / All,False,"AI Product Manager opening at Capgemini (Bengaluru, Mumbai, Hyderabad, India). Direct application link: https://www.naukri.com/job-listings-ai-product-manager-capgemini-technology-services-india-limited-mumbai-hyderabad-bengaluru-1-to-6-years-280926920089"
https://www.linkedin.com/jobs/view/4472694335,2026-10-01,,Urban Company,Product Manager,Gurugram,,link,Hiring Manager,Product Recruiter,85,Fresh,q_wide_01,Senior / All,False,Product Manager opening at Urban Company (Gurugram). Direct application link: https://www.linkedin.com/jobs/view/4472694335
https://www.linkedin.com/jobs/view/4472542733,2026-10-01,,Expedia Group,Product Manager III,Gurgaon,,link,Hiring Manager,Product Recruiter,85,Fresh,q_wide_01,Senior / All,False,Product Manager III opening at Expedia Group (Gurgaon). Direct application link: https://www.linkedin.com/jobs/view/4472542733
https://www.linkedin.com/jobs/view/4472611740,2026-09-30,,airtel,Product Manager,Gurgaon,,link,Hiring Manager,Product Recruiter,85,Fresh,q_wide_01,Senior / All,False,Product Manager opening at airtel (Gurgaon). Direct application link: https://www.linkedin.com/jobs/view/4472611740
https://www.linkedin.com/jobs/view/4472731361,2026-09-28,,SMC Group,AI Product Manager,"Delhi, India",,link,Hiring Manager,Product Recruiter,85,Archived,q_wide_01,Senior / All,False,"AI Product Manager opening at SMC Group (Delhi, India). Direct application link: https://www.linkedin.com/jobs/view/4472731361"
https://www.naukri.com/job-listings-product-manager-pharma-morepen-laboratories-gurugram-3-to-8-years-051026004396,2026-10-05,,Morepen Laboratories,Product manager-Pharma,"Gurugram, India",,link,Hiring Manager,Product Recruiter,85,Fresh,q_wide_01,Senior / All,False,"Product manager-Pharma opening at Morepen Laboratories (Gurugram, India). Direct application link: https://www.naukri.com/job-listings-product-manager-pharma-morepen-laboratories-gurugram-3-to-8-years-051026004396"
https://www.naukri.com/job-listings-sr-product-manager-applied-ai-coursera-gurugram-8-to-13-years-011026503152,2026-10-01,,Coursera,"Sr Product Manager, Applied AI","Gurugram, India",,link,Hiring Manager,Product Recruiter,85,Fresh,q_wide_01,Senior / All,False,"Sr Product Manager, Applied AI opening at Coursera (Gurugram, India). Direct application link: https://www.naukri.com/job-listings-sr-product-manager-applied-ai-coursera-gurugram-8-to-13-years-011026503152"
https://www.naukri.com/job-listings-product-manager-iii-expedia-group-gurugram-4-to-9-years-011026502666,2026-10-01,,Expedia,Product Manager III,"Gurugram, India",,link,Hiring Manager,Product Recruiter,85,Fresh,q_wide_01,Senior / All,False,"Product Manager III opening at Expedia (Gurugram, India). Direct application link: https://www.naukri.com/job-listings-product-manager-iii-expedia-group-gurugram-4-to-9-years-011026502666"
https://www.naukri.com/job-listings-product-manager-digital-jones-lang-lasalle-gurugram-5-to-10-years-011026502614,2026-10-01,,Jones Lang LaSalle (JLL),"Product Manager, Digital","Gurugram, India",,link,Hiring Manager,Product Recruiter,85,Fresh,q_wide_01,Senior / All,False,"Product Manager, Digital opening at Jones Lang LaSalle (JLL) (Gurugram, India). Direct application link: https://www.naukri.com/job-listings-product-manager-digital-jones-lang-lasalle-gurugram-5-to-10-years-011026502614"
https://www.naukri.com/job-listings-product-manager-ai-product-ux-medhavi-skills-university-sikkim-gurugram-3-to-7-years-011026502385,2026-10-01,,Medhavi Skills University,"Product Manager - AI, Product & UX","Gurugram, India",,link,Hiring Manager,Product Recruiter,85,Fresh,q_wide_01,Senior / All,False,"Product Manager - AI, Product & UX opening at Medhavi Skills University (Gurugram, India). Direct application link: https://www.naukri.com/job-listings-product-manager-ai-product-ux-medhavi-skills-university-sikkim-gurugram-3-to-7-years-011026502385"
https://www.naukri.com/job-listings-product-manager-current-account-airtel-payments-bank-gurugram-6-to-9-years-300926014852,2026-09-30,,Airtel Payments Bank,Product Manager Current Account,"Gurugram, India",,link,Hiring Manager,Product Recruiter,85,Fresh,q_wide_01,Senior / All,False,"Product Manager Current Account opening at Airtel Payments Bank (Gurugram, India). Direct application link: https://www.naukri.com/job-listings-product-manager-current-account-airtel-payments-bank-gurugram-6-to-9-years-300926014852"
https://www.naukri.com/job-listings-product-manager-ai-american-infosource-business-solutions-pvt-ltd-gurugram-9-to-14-years-300926502178,2026-09-30,,AIS business solution,Product Manager - AI,"Gurugram, India",,link,Hiring Manager,Product Recruiter,85,Fresh,q_wide_01,Senior / All,False,"Product Manager - AI opening at AIS business solution (Gurugram, India). Direct application link: https://www.naukri.com/job-listings-product-manager-ai-american-infosource-business-solutions-pvt-ltd-gurugram-9-to-14-years-300926502178"
https://www.naukri.com/job-listings-product-manager-voice-smartping-gurugram-6-to-11-years-300926005133,2026-09-30,,Smartping,Product Manager - Voice,"Gurugram, India",,link,Hiring Manager,Product Recruiter,85,Fresh,q_wide_01,Senior / All,False,"Product Manager - Voice opening at Smartping (Gurugram, India). Direct application link: https://www.naukri.com/job-listings-product-manager-voice-smartping-gurugram-6-to-11-years-300926005133"
https://www.naukri.com/job-listings-product-manager-ss-supply-chain-solutions-pvt-ltd-gurugram-3-to-8-years-290926500838,2026-09-29,,SS Supply Chain Solutions,Product Manager,"Gurugram, India",,link,Hiring Manager,Product Recruiter,85,Fresh,q_wide_01,Senior / All,False,"Product Manager opening at SS Supply Chain Solutions (Gurugram, India). Direct application link: https://www.naukri.com/job-listings-product-manager-ss-supply-chain-solutions-pvt-ltd-gurugram-3-to-8-years-290926500838"
https://www.naukri.com/job-listings-product-manager-ss-supply-chain-solutions-pvt-ltd-gurugram-6-to-11-years-280926501463,2026-09-28,,SS Supply Chain Solutions,Product Manager,"Gurugram, India",,link,Hiring Manager,Product Recruiter,85,Archived,q_wide_01,Senior / All,False,"Product Manager opening at SS Supply Chain Solutions (Gurugram, India). Direct application link: https://www.naukri.com/job-listings-product-manager-ss-supply-chain-solutions-pvt-ltd-gurugram-6-to-11-years-280926501463"
https://www.naukri.com/job-listings-associate-product-manager-zenergize-power-tech-pvt-ltd-gurugram-4-to-9-years-280926502657,2026-09-28,,Zenergize Power Tech,Associate Product Manager,"Gurugram, India",,link,Hiring Manager,Product Recruiter,85,Archived,q_wide_01,0-2y,False,"Associate Product Manager opening at Zenergize Power Tech (Gurugram, India). Direct application link: https://www.naukri.com/job-listings-associate-product-manager-zenergize-power-tech-pvt-ltd-gurugram-4-to-9-years-280926502657"
https://www.glassdoor.co.in/job-listing/j?jl=1010282601142,2026-10-02,,CSB Bank,Product Manager - Gold Loan| Mumbai,Mumbai,,link,Hiring Manager,Product Recruiter,85,Fresh,q_wide_01,Senior / All,False,Product Manager - Gold Loan| Mumbai opening at CSB Bank (Mumbai). Direct application link: https://www.glassdoor.co.in/job-listing/j?jl=1010282601142
https://www.glassdoor.co.in/job-listing/j?jl=1010282144548,2026-10-02,,JPMorganChase,"Technical Product Manager - ETL, Data Reporting, SQL",Mumbai,,link,Hiring Manager,Product Recruiter,85,Fresh,q_wide_01,Senior / All,False,"Technical Product Manager - ETL, Data Reporting, SQL opening at JPMorganChase (Mumbai). Direct application link: https://www.glassdoor.co.in/job-listing/j?jl=1010282144548"
https://www.glassdoor.co.in/job-listing/j?jl=1010281218514,2026-10-01,,Violet Infosystems Private Limited,AI Product Manager,Mumbai,,link,Hiring Manager,Product Recruiter,85,Fresh,q_wide_01,Senior / All,False,AI Product Manager opening at Violet Infosystems Private Limited (Mumbai). Direct application link: https://www.glassdoor.co.in/job-listing/j?jl=1010281218514
https://www.glassdoor.co.in/job-listing/j?jl=1010279272688,2026-10-01,,Morningstar,"Product Manager, Integrations",Mumbai,,link,Hiring Manager,Product Recruiter,85,Fresh,q_wide_01,Senior / All,False,"Product Manager, Integrations opening at Morningstar (Mumbai). Direct application link: https://www.glassdoor.co.in/job-listing/j?jl=1010279272688"
https://www.glassdoor.co.in/job-listing/j?jl=1010281222873,2026-10-01,,Violet Infosystems Private Limited,Product Manager,India,,link,Hiring Manager,Product Recruiter,85,Fresh,q_wide_01,Senior / All,False,Product Manager opening at Violet Infosystems Private Limited (India). Direct application link: https://www.glassdoor.co.in/job-listing/j?jl=1010281222873
https://www.glassdoor.co.in/job-listing/j?jl=1010279033765,2026-09-30,,Globocom Infotech,Product Manager,India,,link,Hiring Manager,Product Recruiter,85,Fresh,q_wide_01,Senior / All,False,Product Manager opening at Globocom Infotech (India). Direct application link: https://www.glassdoor.co.in/job-listing/j?jl=1010279033765
https://www.glassdoor.co.in/job-listing/j?jl=1010277910239,2026-09-30,,Open Axis Private Limited,Digital Product Manager,Mumbai,,link,Hiring Manager,Product Recruiter,85,Fresh,q_wide_01,Senior / All,False,Digital Product Manager opening at Open Axis Private Limited (Mumbai). Direct application link: https://www.glassdoor.co.in/job-listing/j?jl=1010277910239
https://www.glassdoor.co.in/job-listing/j?jl=1010278360958,2026-09-30,,Dow,Product Manager - India,Navi Mumbai,,link,Hiring Manager,Product Recruiter,85,Fresh,q_wide_01,Senior / All,False,Product Manager - India opening at Dow (Navi Mumbai). Direct application link: https://www.glassdoor.co.in/job-listing/j?jl=1010278360958
https://www.glassdoor.co.in/job-listing/j?jl=1010276445491,2026-09-29,,Procter & Gamble,Product Manager,Mumbai,,link,Hiring Manager,Product Recruiter,85,Fresh,q_wide_01,Senior / All,False,Product Manager opening at Procter & Gamble (Mumbai). Direct application link: https://www.glassdoor.co.in/job-listing/j?jl=1010276445491
https://www.glassdoor.co.in/job-listing/j?jl=1010276906382,2026-09-29,,CSB Bank,Product Manager - TPP| Mumbai,Mumbai,,link,Hiring Manager,Product Recruiter,85,Fresh,q_wide_01,Senior / All,False,Product Manager - TPP| Mumbai opening at CSB Bank (Mumbai). Direct application link: https://www.glassdoor.co.in/job-listing/j?jl=1010276906382
https://www.glassdoor.co.in/job-listing/j?jl=1010277633096,2026-09-29,,Exclusive Networks,Product Manager,Mumbai,,link,Hiring Manager,Product Recruiter,85,Fresh,q_wide_01,Senior / All,False,Product Manager opening at Exclusive Networks (Mumbai). Direct application link: https://www.glassdoor.co.in/job-listing/j?jl=1010277633096
https://www.linkedin.com/jobs/view/4475540333,2026-10-05,,Systematix Private Wealth,Product Manager (Private Wealth),Mumbai Metropolitan Region,,link,Hiring Manager,Product Recruiter,85,Fresh,q_wide_01,Senior / All,False,Product Manager (Private Wealth) opening at Systematix Private Wealth (Mumbai Metropolitan Region). Direct application link: https://www.linkedin.com/jobs/view/4475540333
https://www.linkedin.com/jobs/view/4473894789,2026-10-04,,ACURA SOLUTIONS LTD,Product Manager - Digital Banking,Mumbai,,link,Hiring Manager,Product Recruiter,85,Fresh,q_wide_01,Senior / All,False,Product Manager - Digital Banking opening at ACURA SOLUTIONS LTD (Mumbai). Direct application link: https://www.linkedin.com/jobs/view/4473894789
https://www.linkedin.com/jobs/view/4474208901,2026-10-04,,SolarSquare,Growth Product Manager,Mumbai,,link,Hiring Manager,Product Recruiter,85,Fresh,q_wide_01,Senior / All,False,Growth Product Manager opening at SolarSquare (Mumbai). Direct application link: https://www.linkedin.com/jobs/view/4474208901
https://www.linkedin.com/jobs/view/4464530327,2026-10-02,,IDFC FIRST Bank,Product Manager-Retail FX/Remittances,Mumbai,,link,Hiring Manager,Product Recruiter,85,Fresh,q_wide_01,Senior / All,False,Product Manager-Retail FX/Remittances opening at IDFC FIRST Bank (Mumbai). Direct application link: https://www.linkedin.com/jobs/view/4464530327
https://www.linkedin.com/jobs/view/4472879517,2026-10-02,,IMPRESSION MAKERS,Product Manager,Mumbai,,link,Hiring Manager,Product Recruiter,85,Fresh,q_wide_01,Senior / All,False,Product Manager opening at IMPRESSION MAKERS (Mumbai). Direct application link: https://www.linkedin.com/jobs/view/4472879517
https://www.linkedin.com/jobs/view/4464530295,2026-10-02,,IDFC FIRST Bank,Product Manager-Current Account,Mumbai,,link,Hiring Manager,Product Recruiter,85,Fresh,q_wide_01,Senior / All,False,Product Manager-Current Account opening at IDFC FIRST Bank (Mumbai). Direct application link: https://www.linkedin.com/jobs/view/4464530295
https://www.linkedin.com/jobs/view/4472555306,2026-10-02,,AU SMALL FINANCE BANK,Product Manager,Mumbai Metropolitan Region,,link,Hiring Manager,Product Recruiter,85,Fresh,q_wide_01,Senior / All,False,Product Manager opening at AU SMALL FINANCE BANK (Mumbai Metropolitan Region). Direct application link: https://www.linkedin.com/jobs/view/4472555306
https://www.linkedin.com/jobs/view/4472516830,2026-10-01,,"PracticeSuite, Inc.",AI Product Manager,Mumbai,,link,Hiring Manager,Product Recruiter,85,Fresh,q_wide_01,Senior / All,False,"AI Product Manager opening at PracticeSuite, Inc. (Mumbai). Direct application link: https://www.linkedin.com/jobs/view/4472516830"
https://www.linkedin.com/jobs/view/4472553349,2026-10-01,,datavruti,Product Manager – Customer Data & Identity - Mumbai - InsurTech (BTech),Mumbai,,link,Hiring Manager,Product Recruiter,85,Fresh,q_wide_01,Senior / All,False,Product Manager – Customer Data & Identity - Mumbai - InsurTech (BTech) opening at datavruti (Mumbai). Direct application link: https://www.linkedin.com/jobs/view/4472553349
https://www.linkedin.com/jobs/view/4472179292,2026-09-30,,Neysa,Product Manager – AI & Information Security,Mumbai Metropolitan Region,,link,Hiring Manager,Product Recruiter,85,Fresh,q_wide_01,Senior / All,False,Product Manager – AI & Information Security opening at Neysa (Mumbai Metropolitan Region). Direct application link: https://www.linkedin.com/jobs/view/4472179292
https://www.linkedin.com/jobs/view/4473721346,2026-09-30,,Morningstar,"Product Manager, Integrations",Mumbai,,link,Hiring Manager,Product Recruiter,85,Fresh,q_wide_01,Senior / All,False,"Product Manager, Integrations opening at Morningstar (Mumbai). Direct application link: https://www.linkedin.com/jobs/view/4473721346"
https://www.linkedin.com/jobs/view/4452270710,2026-09-29,,Purplle.com,Product Manager — Brand Platform,Mumbai Metropolitan Region,,link,Hiring Manager,Product Recruiter,85,Fresh,q_wide_01,Senior / All,False,Product Manager — Brand Platform opening at Purplle.com (Mumbai Metropolitan Region). Direct application link: https://www.linkedin.com/jobs/view/4452270710
https://www.linkedin.com/jobs/view/4470861395,2026-09-28,,FlexiLoans,Product Manager - III (Growth & New Products),Mumbai,,link,Hiring Manager,Product Recruiter,85,Archived,q_wide_01,Senior / All,False,Product Manager - III (Growth & New Products) opening at FlexiLoans (Mumbai). Direct application link: https://www.linkedin.com/jobs/view/4470861395
https://www.linkedin.com/jobs/view/4470874541,2026-09-28,,Procter & Gamble,Product Manager,Mumbai Metropolitan Region,,link,Hiring Manager,Product Recruiter,85,Archived,q_wide_01,Senior / All,False,Product Manager opening at Procter & Gamble (Mumbai Metropolitan Region). Direct application link: https://www.linkedin.com/jobs/view/4470874541
https://www.linkedin.com/jobs/view/4473042266,2026-09-28,,compoundexpress,Product Manager – CRM & Platform – Mumbai,Mumbai Metropolitan Region,,link,Hiring Manager,Product Recruiter,85,Archived,q_wide_01,Senior / All,False,Product Manager – CRM & Platform – Mumbai opening at compoundexpress (Mumbai Metropolitan Region). Direct application link: https://www.linkedin.com/jobs/view/4473042266
https://www.naukri.com/job-listings-product-manager-with-nbfc-benchmark-services-mumbai-2-to-7-years-051026005047,2026-10-05,,Benchmark Services,Product Manager with NBFC,"Mumbai, India",,link,Hiring Manager,Product Recruiter,85,Fresh,q_wide_01,Senior / All,False,"Product Manager with NBFC opening at Benchmark Services (Mumbai, India). Direct application link: https://www.naukri.com/job-listings-product-manager-with-nbfc-benchmark-services-mumbai-2-to-7-years-051026005047"
https://www.naukri.com/job-listings-technical-product-manager-os-consultancy-hr-placement-service-mumbai-all-areas-7-to-12-years-041026004786,2026-10-04,,OS Consultancy Hr & Placement Service,Technical Product Manager,"Mumbai (All Areas), India",,link,Hiring Manager,Product Recruiter,85,Fresh,q_wide_01,Senior / All,False,"Technical Product Manager opening at OS Consultancy Hr & Placement Service (Mumbai (All Areas), India). Direct application link: https://www.naukri.com/job-listings-technical-product-manager-os-consultancy-hr-placement-service-mumbai-all-areas-7-to-12-years-041026004786"
https://www.naukri.com/job-listings-product-manager-hallmark-engineers-mumbai-all-areas-7-to-10-years-031026003502,2026-10-03,,Hallmark Engineers,Product Manager,"Mumbai (All Areas), India",,link,Hiring Manager,Product Recruiter,85,Fresh,q_wide_01,Senior / All,False,"Product Manager opening at Hallmark Engineers (Mumbai (All Areas), India). Direct application link: https://www.naukri.com/job-listings-product-manager-hallmark-engineers-mumbai-all-areas-7-to-10-years-031026003502"
https://www.naukri.com/job-listings-associate-product-manager-baldor-technologies-mumbai-2-to-4-years-011026013374,2026-10-01,,Baldor Technologies,Associate Product Manager,"Mumbai(Marol), India",,link,Hiring Manager,Product Recruiter,85,Fresh,q_wide_01,0-2y,False,"Associate Product Manager opening at Baldor Technologies (Mumbai(Marol), India). Direct application link: https://www.naukri.com/job-listings-associate-product-manager-baldor-technologies-mumbai-2-to-4-years-011026013374"
https://www.naukri.com/job-listings-marketing-and-product-manager-meril-mumbai-all-areas-3-to-8-years-011026035659,2026-10-01,,Meril,Marketing and Product Manager,"Mumbai (All Areas)(Andheri East), India",,link,Hiring Manager,Product Recruiter,85,Fresh,q_wide_01,Senior / All,False,"Marketing and Product Manager opening at Meril (Mumbai (All Areas)(Andheri East), India). Direct application link: https://www.naukri.com/job-listings-marketing-and-product-manager-meril-mumbai-all-areas-3-to-8-years-011026035659"
https://www.naukri.com/job-listings-product-manager-exclusive-net-work-private-limited-mumbai-3-to-8-years-300926502778,2026-09-30,,Exclusive Networks,Product Manager,"Mumbai, India",,link,Hiring Manager,Product Recruiter,85,Fresh,q_wide_01,Senior / All,False,"Product Manager opening at Exclusive Networks (Mumbai, India). Direct application link: https://www.naukri.com/job-listings-product-manager-exclusive-net-work-private-limited-mumbai-3-to-8-years-300926502778"
https://www.naukri.com/job-listings-product-manager-process-customer-experience-cx-owner-proffer-it-consultancy-private-limited-mumbai-8-to-12-years-300926502012,2026-09-30,,Proffer It Consultancy,Product Manager - Process & Customer Experience (CX) Owner,"Mumbai, India",,link,Hiring Manager,Product Recruiter,85,Fresh,q_wide_01,Senior / All,False,"Product Manager - Process & Customer Experience (CX) Owner opening at Proffer It Consultancy (Mumbai, India). Direct application link: https://www.naukri.com/job-listings-product-manager-process-customer-experience-cx-owner-proffer-it-consultancy-private-limited-mumbai-8-to-12-years-300926502012"
https://www.naukri.com/job-listings-product-manager-distribution-unsecured-loans-yes-bank-mumbai-all-areas-8-to-12-years-300926032673,2026-09-30,,Yes Bank,Product Manager : Distribution Unsecured Loans,"Mumbai (All Areas)(Santacruz), India",,link,Hiring Manager,Product Recruiter,85,Fresh,q_wide_01,Senior / All,False,"Product Manager : Distribution Unsecured Loans opening at Yes Bank (Mumbai (All Areas)(Santacruz), India). Direct application link: https://www.naukri.com/job-listings-product-manager-distribution-unsecured-loans-yes-bank-mumbai-all-areas-8-to-12-years-300926032673"
https://www.naukri.com/job-listings-product-manager-b2b-saas-remote-profex-tech-bengaluru-delhi-ncr-mumbai-all-areas-5-to-10-years-200726003633,2026-09-30,,Profex Tech,Product Manager || B2B Saas || Remote,"Mumbai (All Areas), Bengaluru, Delhi / NCR, India",,link,Hiring Manager,Product Recruiter,85,Fresh,q_wide_01,Senior / All,False,"Product Manager || B2B Saas || Remote opening at Profex Tech (Mumbai (All Areas), Bengaluru, Delhi / NCR, India). Direct application link: https://www.naukri.com/job-listings-product-manager-b2b-saas-remote-profex-tech-bengaluru-delhi-ncr-mumbai-all-areas-5-to-10-years-200726003633"
https://www.naukri.com/job-listings-product-manager-anandrathi-mumbai-all-areas-8-to-12-years-290926020480,2026-09-29,,AnandRathi,Product Manager,"Mumbai (All Areas)(Goregaon East), India",,link,Hiring Manager,Product Recruiter,85,Fresh,q_wide_01,Senior / All,False,"Product Manager opening at AnandRathi (Mumbai (All Areas)(Goregaon East), India). Direct application link: https://www.naukri.com/job-listings-product-manager-anandrathi-mumbai-all-areas-8-to-12-years-290926020480"
https://www.naukri.com/job-listings-product-manager-current-account-yes-bank-mumbai-all-areas-10-to-15-years-140726016688,2026-09-29,,Yes Bank,Product  Manager- Current account,"Mumbai (All Areas), India",,link,Hiring Manager,Product Recruiter,85,Fresh,q_wide_01,Senior / All,False,"Product  Manager- Current account opening at Yes Bank (Mumbai (All Areas), India). Direct application link: https://www.naukri.com/job-listings-product-manager-current-account-yes-bank-mumbai-all-areas-10-to-15-years-140726016688"
https://www.naukri.com/job-listings-tech-product-manager-luxoft-india-llp-mumbai-pune-chennai-12-to-17-years-290926918102,2026-09-29,,Luxoft,Tech Product Manager,"Mumbai, Pune, Chennai, India",,link,Hiring Manager,Product Recruiter,85,Fresh,q_wide_01,Senior / All,False,"Tech Product Manager opening at Luxoft (Mumbai, Pune, Chennai, India). Direct application link: https://www.naukri.com/job-listings-tech-product-manager-luxoft-india-llp-mumbai-pune-chennai-12-to-17-years-290926918102"
https://www.naukri.com/job-listings-sr-business-analyst-product-manager-us-healthcare-gebbs-healthcare-solutions-pvt-ltd-mumbai-7-to-12-years-280926502194,2026-09-28,,Gebbs Healthcare Solutions,Sr. Business Analyst / Product Manager - US Healthcare,"Mumbai, India",,link,Hiring Manager,Product Recruiter,85,Archived,q_wide_01,0-2y,False,"Sr. Business Analyst / Product Manager - US Healthcare opening at Gebbs Healthcare Solutions (Mumbai, India). Direct application link: https://www.naukri.com/job-listings-sr-business-analyst-product-manager-us-healthcare-gebbs-healthcare-solutions-pvt-ltd-mumbai-7-to-12-years-280926502194"
https://www.naukri.com/job-listings-product-manager-two-wheeler-au-financiers-india-limited-mumbai-5-to-7-years-280926504286,2026-09-28,,AU Small Finance Bank,Product Manager Two Wheeler,"Mumbai, India",,link,Hiring Manager,Product Recruiter,85,Archived,q_wide_01,Senior / All,False,"Product Manager Two Wheeler opening at AU Small Finance Bank (Mumbai, India). Direct application link: https://www.naukri.com/job-listings-product-manager-two-wheeler-au-financiers-india-limited-mumbai-5-to-7-years-280926504286"
https://www.naukri.com/job-listings-product-manager-gold-loan-au-financiers-india-limited-mumbai-3-to-12-years-280926501277,2026-09-28,,AU Small Finance Bank,Product Manager Gold Loan,"Mumbai, India",,link,Hiring Manager,Product Recruiter,85,Archived,q_wide_01,Senior / All,False,"Product Manager Gold Loan opening at AU Small Finance Bank (Mumbai, India). Direct application link: https://www.naukri.com/job-listings-product-manager-gold-loan-au-financiers-india-limited-mumbai-3-to-12-years-280926501277"
https://www.naukri.com/job-listings-product-manager-vendor-buyer-finance-tata-capital-ltd-mumbai-3-to-8-years-280926500976,2026-09-28,,Tata Capital,Product Manager - Vendor & Buyer Finance,"Mumbai, India",,link,Hiring Manager,Product Recruiter,85,Archived,q_wide_01,Senior / All,False,"Product Manager - Vendor & Buyer Finance opening at Tata Capital (Mumbai, India). Direct application link: https://www.naukri.com/job-listings-product-manager-vendor-buyer-finance-tata-capital-ltd-mumbai-3-to-8-years-280926500976"
https://www.naukri.com/job-listings-group-product-manager-olyx-global-hr-mumbai-all-areas-5-to-10-years-280926018030,2026-09-28,,Olyx Global Hr,Group Product Manager,"Mumbai (All Areas), India",,link,Hiring Manager,Product Recruiter,85,Archived,q_wide_01,Senior / All,False,"Group Product Manager opening at Olyx Global Hr (Mumbai (All Areas), India). Direct application link: https://www.naukri.com/job-listings-group-product-manager-olyx-global-hr-mumbai-all-areas-5-to-10-years-280926018030"
https://www.naukri.com/job-listings-product-manager-ai-initiatives-chatbot-skillventory-navi-mumbai-mumbai-all-areas-3-to-8-years-280926026640,2026-09-28,,Skillventory,Product Manager - AI Initiatives & Chatbot,"Navi Mumbai, Mumbai (All Areas)(Santacruz West), India",,link,Hiring Manager,Product Recruiter,85,Archived,q_wide_01,Senior / All,False,"Product Manager - AI Initiatives & Chatbot opening at Skillventory (Navi Mumbai, Mumbai (All Areas)(Santacruz West), India). Direct application link: https://www.naukri.com/job-listings-product-manager-ai-initiatives-chatbot-skillventory-navi-mumbai-mumbai-all-areas-3-to-8-years-280926026640"
https://in.indeed.com/viewjob?jk=0b9a6a9eee04d328,2026-10-02,,TransUnion,Technical Product Manager,"TN, IN",,DM,Hiring Manager,Product Recruiter,85,Fresh,q_wide_01,Senior / All,False,"TransUnion's Job Applicant Privacy Notice

**Team Overview**

What: we drive credit risk solution delivery as technical product managers
  
  
How: we deliver new products to market, enhance existing products, modernize our platforms and products, and innovate new technical solutions for customers
  
  
Who: Technical product mangement leader will be Carla Leatherman&#xa;&#xa;This is a hybrid position and involves regular performance of job responsibilities virtually as well as in-person at an assigned TU office location for a minimum of two days a week.  
  

**Role Overview And Core Responsibilities**

**Overview**

We are seeking a Technical Product Manager, Advisor to own technical delivery and application outcomes for a major product area or program workstream. You will translate strategy into a feasible 2–3 PI roadmap and lead multiple teams through design, build, testing, release, adoption, and continuous improvement.

  
  

This role may support real-time products and partners with Solutions, Data Science, Analytics, Compliance, Engineering, and Operations to deliver scalable credit risk solutions.

  
  

Success requires technical fluency, concise communication, independent judgment, and influence across a complex matrix. The TPM Advisor aligns partners, manages dependencies, and escalates issues with clear options and trade-offs.

  
  

**Why the role exists:** Turn product strategy into coordinated technical delivery for complex, multi-team initiatives, specifically for our online credit risk products.

**Outcomes it drives:** Predictable delivery, scalable and compliant solutions, stronger adoption, reliability, customer value, and growth.

**What the person owns:** The roadmap, priorities, dependencies, risks, cross-functional decisions, release readiness, launch, and continuous improvement for online credit risk products.

  
  

**Required Knowledge And Experiences**

### **Core Responsibilities**

**Workstream Strategy & Delivery Leadership**

* Translate strategy into a feasible, KPI-aligned roadmap for a major workstream across multiple teams and 2–3 PIs.
* Own priorities, sequencing, capacity assumptions, delivery waterlines, dependencies, and readiness criteria.
* Lead strategic Alternative Credit initiatives, including Alternative Data, Blended Scores, integrations, compliance, modernization, and customer onboarding.
* Resolve competing priorities using customer value, impact, risk, feasibility, urgency, and opportunity cost.
* Maintain predictable delivery by surfacing trade-offs and driving timely corrective action.

**Cross Functional Program Leadership**

* Lead complex delivery across Solutions, Engineering, Data Science, Analytics, Compliance, Operations, Architecture, Customer Success, and support teams.
* Turn roadmap commitments into outcome-based plans with clear milestones, owners, forecasts, dependencies, and success measures.
* Manage cross-team risks, impediments, and decisions; escalate with clear options, impacts, and recommendations.
* Establish planning, forecasting, risk-review, and KPI cadences that improve transparency and accountability.
* Provide stakeholders clear visibility into delivery health, changes, and corrective actions.

**Product Development Lifecycle Ownership**

* Own delivery from discovery and commitment through launch, adoption, and iteration.
* Maintain traceability across outcomes, roadmap commitments, requirements, delivery plans, releases, and results.
* Re-plan using customer feedback, KPIs, regulatory changes, risk, capacity, and readiness.
* Lead discovery, requirements, and solution trade-offs for complex, high-visibility initiatives.
* Ensure regulatory, model-governance, audit, data-quality, operational, and customer requirements are met.

**Quality, Risk & Operational Readiness**

* Lead workstream-level delivery, technical, operational, security, compliance, regulatory, and customer risk management.
* Maintain mitigation plans, escalation paths, release gates, readiness reviews, and clear accountability across teams.
* Balance timeline, scope, quality, technical debt, and operational risk in delivery recommendations.
* Partner with engineering to monitor reliability, defects, stability, and post-launch outcomes.
* Use root-cause analysis and lessons learned to reduce recurring issues and rework.

**Technical Expectations**

The Technical Product Manager understands application architecture, data flows, integration patterns, cloud constraints, and operational considerations well enough to guide delivery decisions with engineering.

* Partner with engineering and architecture on application design, implementation, testing, documentation, and operational readiness.
* Guide data-processing and integration decisions involving data movement, performance, resilience, debugging, and environment readiness.
* Partner with Data Science and Analytics to productionize models, features, score workflows, monitoring, and performance measures.
* Balance customer value, compliance, reliability, scalability, time to value, and technical debt.
* Communicate requirements, decisions, risks, trade-offs, and status clearly to technical teams and leaders.

**Leadership Expectations**

Lead through influence and ambiguity, align teams on priorities and trade-offs, and operate independently while strengthening delivery practices and outcomes.

* Set clear workstream priorities and delivery guardrails while empowering teams to execute.
* Build commitment through evidence, transparency, and clear trade-offs.
* Influence stakeholders without direct authority and maintain alignment through change.
* Coach junior TPMs and partner teams on planning, execution, risk, and accountability.

**Qualifications**

* Typically 8+ years in technical product management, application development, engineering, systems analysis, or data-processing delivery, including ownership of a major workstream across multiple teams.
* Bachelor’s degree required; financial services, insurance, or banking experience preferred.
* Experience with Agile/Scrum or SAFe delivery from requirements through post-launch adoption.
* Proven ability to translate strategy into a KPI-aligned 2–3 PI roadmap with priorities, capacity, waterlines, dependencies, and trade-offs.
* Demonstrated ownership of multi-team execution, credible forecasts, cross-functional decisions, and corrective action.
* Experience leading risk, quality, release, and operational readiness, including evidence-based escalation and post-launch improvement.
* Strong technical partnership skills across application design, data processing, integrations, cloud platforms, performance, resiliency, and operational readiness.
* Clear written and verbal communication for business, technical, and senior leadership audiences.
* Ability to influence without authority and strengthen the practices of junior TPMs and partner teams.
* **Preferred:** Experience with credit risk, consumer reporting, FCRA, model governance, alternative data, scores or predictive models, cloud modernization, and GCP or AWS in an online environment; SAFe PO/PM or related certification.

**Expectations in the First 90 Days**

* Learn the product strategy, application ecosystem, delivery model, FactorTrust platform, Alternative Data products, Blended Scores, customer use cases, and regulatory context.
* Build strong partnerships across Product, Engineering, Data Science, Analytics, Compliance, Operations, Legal, Marketing, and Customer Success.
* Assess the roadmap, delivery health, dependencies, quality controls, and operational risks; recommend an initial 2–3 PI plan.
* Establish a multi-team cadence for planning, forecasting, risk review, decisions, KPI reporting, ownership, and escalation.

**What You’ll Accomplish Beyond 90 Days**

* Independently lead discovery, solution design, delivery, testing, release, and adoption for complex initiatives.
* Own a feasible, KPI-aligned roadmap and delivery waterline across multiple teams and 2–3 PIs.
* Drive Alternative Credit and FactorTrust initiatives from concept through production, including compliance and modernization work.
* Lead quality, risk, release, and operational readiness; identify exposure early and drive mitigation.
* Deliver measurable improvements in customer value, adoption, reliability, compliance, efficiency, and growth.
* Introduce reusable planning, forecasting, governance, and readiness practices
  

  

**TransUnion Overview:**

At TransUnion, we encourage and are committed to creating a real, positive impact and shared sense of purpose within our **Workforce for Good** , which empowers our people to grow, innovate and contribute to a better future for our communities and customers. We strive to build an environment where our associates are in the driver’s seat of their professional development— while having access to help along the way. We recognize that success comes when our associates thrive both professionally and personally; that’s why we prioritize work/life flexibility and offer resources for our teams across the globe to collaborate and drive excellence.

  

Be a part of our **Workforce for Good** – you’ll work with great people, pioneering products and cutting-edge technology.

  
  

TransUnion Job Title

  
  
  
Advisor, Product Management"
https://in.indeed.com/viewjob?jk=ab8ff2273658065d,2026-10-02,,TransUnion,Technical Product Manager,"TN, IN",,DM,Hiring Manager,Product Recruiter,85,Fresh,q_wide_01,Senior / All,False,"TransUnion's Job Applicant Privacy Notice

**Team Overview**

Overview
  
We are seeking a Technical Product Manager, Senior Advisor to own strategy, investment, delivery, and outcomes for a full product line or large platform domain. This leader sets multi-year direction, converts trends and risks into funded roadmaps, coordinates delivery across organizations, and drives improvements in customer value, quality, scalability, resilience, and efficiency.
  
  
This role may serve as the Technical Product Manager for our batch delivered products. The TPM partners with Solutions, Data Science, Analytics, Compliance, Engineering, and Operations teams to deliver scalable credit risk solutions that support lenders, consumers, and enterprise customers.
  
  
Success requires strategic judgment, technical fluency, and influence in a complex matrix. The TPM Senior Advisor aligns Director-level stakeholders, coaches managers and senior individual contributors, and frames decisions with clear options, risks, and recommendations.
  
  
Why the role exists: Turn product strategy into coordinated technical delivery for complex, multi-team initiatives, specifically for our batch credit risk products.
  
  
Outcomes it drives: Predictable delivery, scalable and compliant solutions, stronger adoption, reliability, customer value, and growth.
  
  
What the person owns: The roadmap, priorities, dependencies, risks, cross-functional decisions, release readiness, launch, and continuous improvement for batch credit risk products.&#xa;&#xa;This is a hybrid position and involves regular performance of job responsibilities virtually as well as in-person at an assigned TU office location for a minimum of two days a week.  
  

**Role Overview And Core Responsibilities**

**Core Responsibilities**

**Product Line Strategy & Complex Delivery Leadership**

* Set integrated, multi-year direction for a product line or platform, balancing demand, capacity, funding, dependencies, and outcomes.
* Own a capacity-constrained roadmap with clear waterlines, sequencing, KPIs, investment choices, and readiness criteria.
* Resolve cross-organizational priorities using value, impact, risk, urgency, feasibility, and opportunity cost.
* Create planning mechanisms that improve transparency, predictability, investment allocation, and value realization.

**Cross Functional Program Leadership**

* Lead complex delivery across Solutions, Engineering, Data Science, Analytics, Compliance, Operations, Architecture, Customer Success, and support teams.
* Turn roadmap commitments into outcome-based plans with clear milestones, owners, forecasts, dependencies, and success measures.
* Remove structural blockers and maintain senior stakeholder alignment through ambiguity and change.
* Establish reusable governance, operating models, and KPI-based cadences that improve delivery performance.
* Provide leaders clear visibility into delivery health, risks, forecasts, decisions, and corrective actions.

**Product Development Lifecycle Ownership**

* Own delivery from strategy and commitment through launch, adoption, modernization, and retirement.
* Maintain traceability across outcomes, roadmap commitments, requirements, delivery plans, releases, and results.
* Re-plan using customer feedback, KPIs, market and regulatory changes, risk, capacity, and readiness.
* Lead discovery and solution shaping, aligning teams on outcomes, architecture, trade-offs, and sequencing.
* Enforce readiness, completion, quality, approval, and release standards.
* Use retrospectives and root-cause analysis to reduce rework and recurring delivery friction.

**Quality, Risk & Operational Readiness**

* Anticipate systemic delivery, technical, operational, security, compliance, regulatory, and customer risks.
* Establish risk, quality, and readiness mechanisms, including mitigation plans, escalation paths, release gates, and readiness reviews.
* Use data-driven risk assessments to influence architecture, investment, operating, and delivery decisions.
* Partner with engineering to monitor reliability, defects, technical debt, stability, and post-launch outcomes.
* Drive improvements that reduce recurring exposure, incidents, rework, and customer impact.

**Technical Expectations**

The Technical Product Manager understands distributed systems, cloud scaling, data flows, integration patterns, and platform constraints well enough to guide architecture and connect modernization to business strategy.

* Partner with architecture and engineering leaders on target-state design, modernization, and reusable platform capabilities.
* Guide decisions on cloud scale, resilience, performance, data processing, integrations, and migration sequencing.
* Balance customer value, security, compliance, reliability, time to value, and total cost of ownership.
* Ensure coherent data flows, APIs, events, batch processes, and integration patterns.
* Use technical and operational measures to steer investment and communicate trade-offs to senior stakeholders.
* Promote simplification, automation, observability, reusable patterns, and legacy retirement.

**Leadership Expectations**

Leads through influence and ambiguity, coaches managers and senior individual contributors, and aligns Director-level stakeholders on direction, investment, trade-offs, and accountability.

* Set clear strategic and architectural guardrails while empowering teams to decide and deliver.
* Coach leaders on product and systems thinking, prioritization, influence, risk, and outcomes.
* Build commitment through evidence, transparency, and clear trade-offs.
* Maintain trust, momentum, and outcome focus through significant change.
  

  

**Required Knowledge And Experiences**

**Qualifications**

* Typically 10+ years in technical product management, engineering, architecture, systems analysis, data platforms, or related roles.
* Experience in financial services, insurance, or banking; bachelor’s degree required.
* Proven ownership of a product line or large platform, including multi-year strategy, funded roadmaps, and measurable outcomes.
* Success leading complex cross-organizational delivery and senior stakeholder alignment through change.
* Strong executive communication and decision framing.
* Ability to guide decisions involving distributed systems, cloud scaling, data flows, integrations, resilience, and modernization.
* Experience using KPIs to identify bottlenecks and improve technology, processes, and operating models.
* Experience with data-intensive financial products, credit risk, consumer reporting, scorecards, predictive models, or alternative data.
* **Preferred:** FCRA and model-governance knowledge; multi-source data products; SAFe PO/PM or related certification; GCP or AWS; credit data, scores, or attributes; lending or financial-decisioning platforms; and legacy-to-cloud modernization.

**Expectations in the First 90 Days**

* Build a clear view of product strategy, customers, economics, architecture, operations, obligations, commitments, and risks.
* Establish decision paths with senior business and technology partners.
* Assess the roadmap, funding, KPIs, delivery health, modernization path, dependencies, and key bottlenecks.
* Confirm near-term priorities and outline the multi-year direction and improvement agenda.

**What You’ll Accomplish Beyond 90 Days**

* Own a funded multi-year roadmap with clear investments, outcomes, dependencies, and measures.
* Lead cross-organizational delivery aligned to architecture, sequencing, risk, readiness, and business outcomes.
* Run a KPI-based rhythm that surfaces bottlenecks, drives accountability, and produces structural improvements.
* Advance platform modernization with architecture and engineering leaders.
* Influence Director-level stakeholders and coach managers and senior individual contributors.
* Improve customer value, adoption, delivery flow, reliability, compliance, efficiency, and total cost of ownership.
  

  

**TransUnion Overview:**

At TransUnion, we encourage and are committed to creating a real, positive impact and shared sense of purpose within our **Workforce for Good** , which empowers our people to grow, innovate and contribute to a better future for our communities and customers. We strive to build an environment where our associates are in the driver’s seat of their professional development— while having access to help along the way. We recognize that success comes when our associates thrive both professionally and personally; that’s why we prioritize work/life flexibility and offer resources for our teams across the globe to collaborate and drive excellence.

  

Be a part of our **Workforce for Good** – you’ll work with great people, pioneering products and cutting-edge technology.

  
  

TransUnion Job Title

  
  
  
Sr Advisor, Product Management"
https://in.indeed.com/viewjob?jk=aa9c033f6f576123,2026-10-02,,Arup,Product Manager (AI/ML),"TS, IN",,DM,Hiring Manager,Product Recruiter,85,Fresh,q_wide_01,Senior / All,False,"Product Management

UKIMEA Region



HYD00003A Requisition #

**Joining Arup**

Arup is an UK-headquartered independent firm with 92 offices in 34 countries and 18,000+ staff across the globe. Dedicated to sustainable development, Arup is a collective of engineers, designers, consultants, and experts worldwide. Founded to be humane and excellent, we collaborate with our clients and partners using imagination, technology, and rigour to shape a better world.

Working for Arup India, offers the chance to work on exciting projects with a truly collaborative team including top experts in their field who are approachable and always happy to help. It's an exciting time to be a part our growth in India.

**The Opportunity**

Arup Digital Products (ADP) are seeking a Product Manager to lead the strategy, development and delivery of AI and Machine Learning capabilities across Arup’s engineering simulation software portfolio. This role will focus on identifying, scoping and delivering high-value AI/ML features that enhance engineering productivity, accelerate simulation workflows and unlock new insights from simulation data.

This is an opportunity to own the product vision and roadmap for AI/ML functionality end to end, working at the intersection of data science, simulation engineering and software product development. You will collaborate with product, engineering and data science teams in India and the UK, as well as customers worldwide, to embed practical AI/ML capabilities into established CAE workflows used by automotive and aerospace customers.

At Arup, you belong to an extraordinary collective – in which we encourage individuality to thrive. Our strength comes from how we respect, share and connect our diverse experiences, perspectives and ideas.

You will have the opportunity do socially useful work that has meaning – to Arup, to your career, to our members and to the clients and communities we serve.

  

**Is this role right for you?**

We are looking for:

* Demonstrable experience owning and delivering software products across the full product lifecycle, including discovery, delivery and launch.
* Experience working with AI/ML technologies in a product context, with a strong conceptual understanding of techniques, data requirements, evaluation, validation and practical deployment considerations.
* The ability to translate complex technical and CAE workflow requirements into clear user stories, acceptance criteria and value-led product narratives.
* Hands-on experience with agile development methodologies, cross-functional delivery teams and evidence-based prioritisation.
* Strong communication and stakeholder management skills, with the ability to influence technical and non-technical audiences, senior stakeholders and international customers.
  

**Reward and Benefits**

We offer a competitive salary at all levels, and one of the best benefits packages in our sector. Core benefits include Provident Fund contribution, NPS option, Mediclaim cover (incl. family), Term Life and Accident Insurance, Employee Assistance Prog. scheme for the family to safeguard your physical and mental wellbeing. In addition, all permanent employees are eligible for the Global Profit Share scheme. Subject to scheme rules employees can receive two Profit Share payments per year, which are dependent on the firm’s financial performance.

  

**Different people, shared values**

At Arup, we believe when talented people collaborate, great things are possible. Arup hires people with proven skills and open minds. We are taking deliberate action to create an inclusive culture that is grounded in our purpose to shape a better world.

At Arup, we welcome candidates from all backgrounds, regardless of age, disability, gender, gender identity, gender expression, race, religion or belief, sexual orientation, socioeconomic background, and any other protected characteristic. Our internal employee networks - BAME, Culture, Disability, LGBTQ+ and Women - provide a space for you to express your views and to make a positive difference - discover more about life at Arup here.

At Arup, we are committed to making all stages of our recruitment process accessible to candidates with disabilities. Please speak to our recruitment team and we will work with you to make reasonable adjustments to ensure you can perform at your best throughout your application.

At Arup, we appreciate that everyone’s circumstances are different and having the freedom to flex the way we work is essential to our wellbeing. If flexibility matters to you let us know when you apply, and we will discuss how this could work in your role.

**What happens next?**

If this could be the next step in your journey, please apply online. All applications will be considered, and we will try our very best to respond to you within 72 hours of receiving your application.

Stay safe online - Arup will never ask for payment or your bank details as part of our recruitment process.

#LI-DNI"
https://in.indeed.com/viewjob?jk=3bbb60ead7c01d3b,2026-10-02,,nan,"Product Owner, Workday, Compensation & Advance Compensation","KA, IN",TalentAcquisitionIndia@revantage.com,email,Hiring Manager,Product Recruiter,85,Fresh,q_wide_01,Senior / All,True,"**Position Overview**  
  
The **Experienced Product Owner** is an experienced, functionally deep Workday professional who owns one or more Workday modules end-to-end on behalf of Revantage and its PortCos. This is not a passive coordination role — it is an active, hands-on domain mastery role. You are the subject-matter expert, the decision-maker, the stakeholder champion, and the product strategist for your assigned module(s). You will work across a complex multi-PortCo environment, running user forums, managing the release roadmap, driving adoption, and continuously finding ways to extract more value from the platform. This role focuses on the **Total Rewards: Compensation & Advance Compensation** Module. Additional module expertise is a plus.
  
  
**Key Responsibilities**  
  
**Domain Ownership & Functional Mastery**

  

* Own your assigned Workday module(s): **Compensation & Advance Compensation** end-to-end — from strategy and design through configuration, testing, deployment, and ongoing optimization.
* Develop and maintain deep functional expertise in your domain(s), staying current with Workday product updates, roadmap changes, and community best practices.
* Serve as the primary point of contact and escalation resource for your module area across all PortCos.
* Maintain comprehensive knowledge of how your module(s) interact with upstream and downstream systems and processes — and design solutions with those dependencies in mind.
* Think beyond Workday: identify complementary or supplementary technologies that could enhance capability in your domain — whether that is AI-powered tools, third-party integrations, or adjacent platforms.

**PortCo Engagement & Stakeholder Management**

  

* Build and maintain strong relationships with HR leaders, operations teams, and business stakeholders across multiple PortCos.
* Act as a trusted advisor — understanding each PortCo's unique workforce model, business context, and HR priorities.
* Run structured Product Owner forums, working groups, and user communities to surface requirements, share updates, and drive alignment.
* Manage competing priorities across PortCos with transparency — communicating trade-offs, timelines, and decisions clearly to all stakeholders.
* Facilitate requirements workshops and design sessions, translating business needs into clear, actionable Workday solutions.

**Roadmap & Release Ownership**

  

* Own and maintain the product roadmap for your module(s) — balancing strategic enhancements, PortCo-driven requirements, bug fixes, and Workday release adoption.
* Evaluate every Workday bi-annual release for impact and opportunity within your domain — leading opt-in decisions, testing, and rollout planning.
* Prioritize the backlog in collaboration with stakeholders, the Functional Architect, and People Technology leadership.
* Ensure all enhancements are delivered with appropriate change management, training, and communications to end users and HR teams.
* Track and report on the delivery and benefit realization of roadmap initiatives.

**Hands-On Delivery**

  

* Remain hands-on with Workday configuration in your module area — able to configure, test, validate and deploy.
* Lead user acceptance testing (UAT) for enhancements and releases within your domain.
* Create design documents, configuration specifications, and test plans before deployment.
* Own day-to-day delivery.

**Ecosystem & Innovation Thinking**

  

* Continuously evaluate the HR technology landscape for innovations relevant to your module area — e.g., AI in recruiting, manager effectiveness tools, payroll analytics.
* Propose and build the business case for technology enhancements or new tool adoption where Workday alone does not fully meet business needs.
* Collaborate with vendors (Workday, Paradox, HiredScore, Peakon, etc.) to stay ahead of product developments and advocate for Revantage's priorities.

**Required Qualifications**

  

* 5+ years of Workday functional experience with deep, hands-on expertise in at least two Workday modules.
* Demonstrated experience owning a Workday module in a production environment — including enhancements, releases, stakeholder management, and roadmap ownership.
* Nice to have experience working in a multi-entity, multi-PortCo, or shared-services HR technology model.
* Strong understanding of Workday business process configuration, security roles, reporting, and calculated fields.
* Proven ability to engage and influence senior HR stakeholders without direct authority.
* Experience running forums, steering committees, or user communities across a distributed stakeholder base.
* Global Workday implementation or support experience — able to navigate multi-jurisdiction complexity.
* Excellent written and verbal communication skills — able to translate technical concepts for business audiences and vice versa.

**Module-specific Experience (by Role): Compensation & Advanced Compensation**  
  
Salary structures, merit and bonus planning, compensation cycles, and global pay practices — configuration and operational support.

* **Compensation Structures:** Grade profiles, salary ranges, pay bands, compensation plans (salary, hourly, allowance), and eligibility rules.
* **Merit & Bonus Planning:** Merit matrices, bonus plan configuration, target amounts, proration rules, and manager worksheet setup.
* **Compensation Cycles:** Annual and off-cycle review configuration, approval routing, budget pools, and cycle administration.
* **Advanced Compensation:** Long-term incentive plans, equity award management, one-time payments, and complex plan eligibility.
* **Global Pay Practices:** Multi-currency compensation, country-specific allowances, cost-of-living adjustments, and grade localization.
* **Integrations & Reporting:** Payroll input mapping, compensation statement generation, comp data audits, and Prism-ready pay analytics

**Preferred Qualifications**

  

* Workday Pro certification in one or more relevant modules.
* Experience with third-party HR technology integrations and vendor management.
* Exposure to change management methodologies and communication planning.
* Prior experience in private equity, financial services, or multi-company real estate environments.
* Familiarity with Agile or product management frameworks (backlog management, sprint planning, road mapping tools).

**About Revantage**  
  
Revantage is a Blackstone portfolio company and a leading provider of corporate services across Blackstone's Real Estate portfolio. Headquartered in Chicago, Revantage supports a diverse and complex ecosystem of portfolio companies (PortCos) spanning residential, commercial, logistics, hospitality, and life-sciences real estate globally — across North America, Europe, and Asia-Pacific.  
  
Our People Technology team sits at the centre of this multi-entity, multi-jurisdictional operating model. We run a single Workday tenant that serves a federated landscape of PortCos, each with its own workforce, HR policies, compensation structures, payroll requirements, and compliance obligations. This complexity demands technology professionals who thrive in ambiguity, operate with an enterprise mindset, and can design solutions that scale across legal entities, geographies, and business models.

*Job Applicant Privacy Notice*

***EEO Statement***

*The Company is an equal opportunity employer. In accordance with applicable law, we prohibit discrimination against any applicant, employee, or other covered person based on any legally recognized basis, including, but not limited to: veteran status, uniformed servicemember status, race, color, caste, immigration status, religion, religious creed (including religious dress and grooming practices), sex, gender, gender expression, gender identity, marital status, sexual orientation, pregnancy (including childbirth, lactation or related medical conditions), age, national origin or ancestry, citizenship, physical or mental disability, genetic information (including testing and characteristics), protected leave status, domestic violence victim status, or any other consideration protected by federal, state or local law. We are committed to providing reasonable accommodations, if you need an accommodation to complete the application process, please email* *TalentAcquisitionIndia@revantage.com*"
https://in.indeed.com/viewjob?jk=d68ae87b035e32a3,2026-10-02,,nan,"Product Owner, Workday, Time Tracking & Absence Management","KA, IN",TalentAcquisitionIndia@revantage.com,email,Hiring Manager,Product Recruiter,85,Fresh,q_wide_01,Senior / All,True,"**Position Overview**  
  
The **Experienced Product Owner** is an experienced, functionally deep Workday professional who owns one or more Workday modules end-to-end on behalf of Revantage and its PortCos. This is not a passive coordination role — it is an active, hands-on domain mastery role. You are the subject-matter expert, the decision-maker, the stakeholder champion, and the product strategist for your assigned module(s). You will work across a complex multi-PortCo environment, running user forums, managing the release roadmap, driving adoption, and continuously finding ways to extract more value from the platform. This role focuses on the **Time Tracking & Absence Management** Module. Additional module expertise is a plus.
  
  
**Key Responsibilities**  
  
**Domain Ownership & Functional Mastery**

  

* Own your assigned Workday module(s): **Time Tracking & Absence Management** end-to-end — from strategy and design through configuration, testing, deployment, and ongoing optimization.
* Develop and maintain deep functional expertise in your domain(s), staying current with Workday product updates, roadmap changes, and community best practices.
* Serve as the primary point of contact and escalation resource for your module area across all PortCos.
* Maintain comprehensive knowledge of how your module(s) interact with upstream and downstream systems and processes — and design solutions with those dependencies in mind.
* Think beyond Workday: identify complementary or supplementary technologies that could enhance capability in your domain — whether that is AI-powered tools, third-party integrations, or adjacent platforms.

**PortCo Engagement & Stakeholder Management**

  

* Build and maintain strong relationships with HR leaders, operations teams, and business stakeholders across multiple PortCos.
* Act as a trusted advisor — understanding each PortCo's unique workforce model, business context, and HR priorities.
* Run structured Product Owner forums, working groups, and user communities to surface requirements, share updates, and drive alignment.
* Manage competing priorities across PortCos with transparency — communicating trade-offs, timelines, and decisions clearly to all stakeholders.
* Facilitate requirements workshops and design sessions, translating business needs into clear, actionable Workday solutions.

**Roadmap & Release Ownership**

  

* Own and maintain the product roadmap for your module(s) — balancing strategic enhancements, PortCo-driven requirements, bug fixes, and Workday release adoption.
* Evaluate every Workday bi-annual release for impact and opportunity within your domain — leading opt-in decisions, testing, and rollout planning.
* Prioritize the backlog in collaboration with stakeholders, the Functional Architect, and People Technology leadership.
* Ensure all enhancements are delivered with appropriate change management, training, and communications to end users and HR teams.
* Track and report on the delivery and benefit realization of roadmap initiatives.

**Hands-On Delivery**

  

* Remain hands-on with Workday configuration in your module area — able to configure, test, validate and deploy.
* Lead user acceptance testing (UAT) for enhancements and releases within your domain.
* Create design documents, configuration specifications, and test plans before deployment.
* Own day-to-day delivery.

**Ecosystem & Innovation Thinking**

  

* Continuously evaluate the HR technology landscape for innovations relevant to your module area — e.g., AI in recruiting, manager effectiveness tools, payroll analytics.
* Propose and build the business case for technology enhancements or new tool adoption where Workday alone does not fully meet business needs.
* Collaborate with vendors (Workday, Paradox, HiredScore, Peakon, etc.) to stay ahead of product developments and advocate for Revantage's priorities.

**Required Qualifications**

  

* 5+ years of Workday functional experience with deep, hands-on expertise in at least two Workday modules.
* Demonstrated experience owning a Workday module in a production environment — including enhancements, releases, stakeholder management, and roadmap ownership.
* Nice to have experience working in a multi-entity, multi-PortCo, or shared-services HR technology model.
* Strong understanding of Workday business process configuration, security roles, reporting, and calculated fields.
* Proven ability to engage and influence senior HR stakeholders without direct authority.
* Experience running forums, steering committees, or user communities across a distributed stakeholder base.
* Global Workday implementation or support experience — able to navigate multi-jurisdiction complexity.
* Excellent written and verbal communication skills — able to translate technical concepts for business audiences and vice versa.

**Module-specific Experience (by Role): Time & Absence**  
  
Time tracking, leave management, scheduling, and absence compliance — configuration and operational support.

* **Time Tracking:** Time entry methods (web clock, mobile, elapsed vs. in/out), time entry templates, calculation rules, overtime, and manager approval workflows.
* **Absence Management:** Leave type configuration (PTO, sick, parental, unpaid), accrual plans, carryover/payout rules, eligibility conditions, and balance adjustments.
* **Compliance:** Country-specific leave entitlements, statutory mandates (FMLA, local requirements), and leave of absence business processes.

**Preferred Qualifications**

  

* Workday Pro certification in one or more relevant modules.
* Experience with third-party HR technology integrations and vendor management.
* Exposure to change management methodologies and communication planning.
* Prior experience in private equity, financial services, or multi-company real estate environments.
* Familiarity with Agile or product management frameworks (backlog management, sprint planning, road mapping tools).

**About Revantage**  
  
Revantage is a Blackstone portfolio company and a leading provider of corporate services across Blackstone's Real Estate portfolio. Headquartered in Chicago, Revantage supports a diverse and complex ecosystem of portfolio companies (PortCos) spanning residential, commercial, logistics, hospitality, and life-sciences real estate globally — across North America, Europe, and Asia-Pacific.  
  
Our People Technology team sits at the centre of this multi-entity, multi-jurisdictional operating model. We run a single Workday tenant that serves a federated landscape of PortCos, each with its own workforce, HR policies, compensation structures, payroll requirements, and compliance obligations. This complexity demands technology professionals who thrive in ambiguity, operate with an enterprise mindset, and can design solutions that scale across legal entities, geographies, and business models.

*Job Applicant Privacy Notice*

***EEO Statement***

*The Company is an equal opportunity employer. In accordance with applicable law, we prohibit discrimination against any applicant, employee, or other covered person based on any legally recognized basis, including, but not limited to: veteran status, uniformed servicemember status, race, color, caste, immigration status, religion, religious creed (including religious dress and grooming practices), sex, gender, gender expression, gender identity, marital status, sexual orientation, pregnancy (including childbirth, lactation or related medical conditions), age, national origin or ancestry, citizenship, physical or mental disability, genetic information (including testing and characteristics), protected leave status, domestic violence victim status, or any other consideration protected by federal, state or local law. We are committed to providing reasonable accommodations, if you need an accommodation to complete the application process, please email* *TalentAcquisitionIndia@revantage.com*"
https://in.indeed.com/viewjob?jk=6451a280822b5a1a,2026-10-01,,LSEG (London Stock Exchange Group),Technical Product Owner,"KA, IN",,DM,Hiring Manager,Product Recruiter,85,Fresh,q_wide_01,Senior / All,False,"**ROLE SUMMARY:**

As the Technical Product Owner you will need to be technically strong and product-minded as you will be leading the development and evolution of our Content Sourcing Systems!

You will be responsible for defining platform capabilities that enable secure, scalable, and efficient collection of all non-realtime data for LSEG Data and Analytics.

You’ll be joining our Data Platforms Sourcing Engineering team as a Senior Technical Product Owner. This team’s products are the tools used by Content Operations and Data Scientists to find, retrieve, check, validate and transform all the data behind LSEG’s provision of financial market data to over 40,000 customers.

You will work with customers across LSEG to define new tools and capabilities that consolidate, modernise and grow D&A’s data collection.

By building trust with partners, managing expectations transparently, and ensuring alignment across teams, you will build solutions that provide measurable business value. Success will be measured not only by delivery, but also by adoption, customer satisfaction, and time-to-value.

  

**Key responsibilities will include:**

* Defining, prioritizing, and delivering desirable, feasible, viable, and secure Sourcing products.

* Creating the product vision/roadmap, managing the program backlog, identifying customer needs, and aligning ART efforts with business strategy.

* Articulating the roadmap, value decisions and trade-offs, and priorities to customers across the organisation, including senior leaders and non-technical staff.

* Drive PI planning to ensure teams are aligned on outcomes, dependencies and integration

  

**WHAT YOU'LL BE DOING:**

**Platform Ownership:** Own and evolve the product vision, roadmap, and strategy for Sourcing Engineering and its core capabilities, acting as the interface between the business stakeholders and development teams.

**Product Backlog & Outcome:** Own and communicate a product backlog of epics and features, leading trade-off decisions to balance customer needs, architectural integrity, and business value.

**Capability Development:** Define and deliver new platform features to support self-service teams to meet their goals of agility and flexibility in the creation and delivery of data products.

**Strategic Road mapping:** Collaborate with engineering, operations and data strategy leadership to shape the long-term platform strategy based on customer insights, emerging technologies, and enterprise needs.

**Modern Product Practices:** Together with System Architect and Release Train Engineer, lead large-scale agile delivery (SAFe), manage cross-team coordination, and ensure transparency across stakeholders.

**Developer Enablement:** Champion design thinking and user journey clarity to ensure features address real user needs; attend demos and provide approval when deliverables meet business needs.

**Agile Ceremony Cadence:** Drive ART readiness for PI Planning by coordinating across interested parties including, Product Owners, technology, and Business Owners to align scope and objectives.

**Cross ART Collaboration:** Work with other ARTs to set product goals and roadmap; promote shared accountability across functions & streams and proactively calling out blockers & risks to ensure a “no-surprises” environment.

**Innovation, Security & Compliance:** Champion new technologies and processes, balanced against the need to maintain rigorous security controls, and compliance with applicable regulations and laws.

  

**WHAT YOU'LL BRING:**

* 15+ years of professional experience in product management, product ownership, and data or platform engineering or a related field.

* Proven ability to communicate succinctly with functional teams, partners of all levels and leadership.

* Product ownership experience working with Scrum teams, attending scrum ceremonies, owning the scrum team backlog.

* Ability to elicit requirements from customers and articulate them as hierarchical user story format (Epics, Features, Stories).

* Financial services experience; knowledge of data used within financial services.

* Experience of Agile methodologies, ideally with a certification (SAFe or similar).

* Computer Science, Engineering, or a related STEM education.

* Preferred Skills

* Hands-On JIRA and Confluence proficiency, familiarity with agile reporting dashboards.

* Knowledge and experience with end-to-end processes of data collection, processing, and distribution, including understanding of data operations/content operations workflows.

* Exposure to technology platforms, architecture principles, and enterprise integration patterns.

* Experience with value stream mapping, process improvement, and user journey design.

* Strong analytical approach with a focus on measurable outcomes and business value

  

**What you’ll get in return**

**High-impact projects:** We work on a variety of pioneering AI products and leverage extensive datasets to solve complex, high-value challenges.

**Competitive benefits:** You will enjoy a strong compensation package, comprehensive benefits, and ongoing investment in career growth and skill development.

**Industry leadership:** This is an opportunity to be a founding member of the organization that’s delivering brand-new products that democratize modeling and analytics solutions.

**Collaborative environment** : We provide opportunities for continuous learning and professional development in a work environment of dedicated, highly experienced teams.

  

We recognize that to attract the best talent, we need to be flexible, and we are open to discussing work arrangements with you. We take a hybrid approach to the workplace; this role is considered ‘digital first’, which requires attending the office at least one day per week while some teams and colleagues choose to collaborate in the office more frequently.
  
  
You will experience the critical role we have in helping to re-engineer the financial ecosystem to support and drive sustainable economic growth. Together, we are aiming to achieve this growth by accelerating the just transition to net zero, enabling growth of the green economy and creating inclusive economic opportunity.

  

**We're proud to have been recognised as a Great Place to Work® in India ‘25**

  

**Career Stage:**

Manager

**London Stock Exchange Group (LSEG) Information:**

Join us and be part of a team that values innovation, quality, and continuous improvement. If you're ready to take your career to the next level and make a significant impact, we'd love to hear from you.

LSEG is a leading global financial markets infrastructure and data provider. Our purpose is driving financial stability, empowering economies and enabling customers to create sustainable growth.

Our purpose is the foundation on which our culture is built. Our values of **Integrity, Partnership** , **Excellence** and **Change** underpin our purpose and set the standard for everything we do, every day. They go to the heart of who we are and guide our decision making and everyday actions.

Working with us means that you will be part of a dynamic organisation of 25,000 people across 65 countries. However, we will value your individuality and enable you to bring your true self to work so you can help enrich our diverse workforce.

We are proud to be an equal opportunities employer. This means that we do not discriminate on the basis of anyone’s race, religion, colour, national origin, gender, sexual orientation, gender identity, gender expression, age, marital status, veteran status, pregnancy or disability, or any other basis protected under applicable law. Conforming with applicable law, we can reasonably accommodate applicants' and employees' religious practices and beliefs, as well as mental health or physical disability needs.

You will be part of a collaborative and creative culture where we encourage new ideas. We are committed to sustainability across our global business and we are proud to partner with our customers to help them meet their sustainability objectives. Our charity, the LSEG Foundation provides charitable grants to community groups that help people access economic opportunities and build a secure future with financial independence. Colleagues can get involved through fundraising and volunteering.

LSEG offers a range of tailored benefits and support, including healthcare, retirement planning, paid volunteering days and wellbeing initiatives.

Please take a moment to read this privacy notice carefully, as it describes what personal information London Stock Exchange Group (LSEG) (we) may hold about you, what it’s used for, and how it’s obtained, your rights and how to contact us as a data subject .

If you are submitting as a Recruitment Agency Partner, it is essential and your responsibility to ensure that candidates applying to LSEG are aware of this privacy notice."
https://in.indeed.com/viewjob?jk=3c0bc6bf86bced76,2026-10-01,,Amgen,R-256479- Digital Product Manager (AI),"TS, IN",,DM,Hiring Manager,Product Recruiter,85,Fresh,q_wide_01,Senior / All,False,"India - Hyderabad

JOB ID: R-256479 LOCATION: India - Hyderabad WORK LOCATION TYPE: On Site DATE POSTED: Oct. 01, 2026 CATEGORY: Strategy and Innovation

**Join Amgen’s Mission of Serving Patients**

  
  

At Amgen, if you feel like you’re part of something bigger, it’s because you are. Our shared mission—to serve patients living with serious illnesses—drives all that we do.

Since 1980, we’ve helped pioneer the world of biotech in our fight against the world’s toughest diseases. With our focus on four therapeutic areas –Oncology, Inflammation, General Medicine, and Rare Disease– we reach millions of patients each year. As a member of the Amgen team, you’ll help make a lasting impact on the lives of patients as we research, manufacture, and deliver innovative medicines to help people live longer, fuller happier lives.

Our award-winning culture is collaborative, innovative, and science based. If you have a passion for challenges and the opportunities that lay within them, you’ll thrive as part of the Amgen team. Join us and transform the lives of patients while transforming your career.

  
  

**Digital Product Manager (AI)** The Digital Product Manager at Amgen oversees the lifecycle of digital products, working closely with various teams to define the product vision, roadmap, and growth opportunities.

  
  

**Role Overview**

We are seeking a Digital Product Manager, to join the AI & Data Innovation Lab Product Management Team. This role is focused on rapidly validating high-potential AI and data-driven business opportunities before major investment, helping Amgen determine which AI initiatives should be scaled, refined, paused, or redirected.
  
  
Operating at the intersection of business strategy, AI product innovation, data, technology, and enterprise transformation, this role will provide strategic product leadership across ambiguous, cross-functional opportunities and influence senior business and technology stakeholders on product direction, prioritization, investment, and scale.
  
  
This role requires a strong product mindset, sufficient technical depth to evaluate whether AI and data opportunities are practical, scalable, measurable, and aligned to Amgen’s enterprise technology direction. The successful candidate will understand how AI products are built, validated, deployed, monitored, and scaled in complex enterprise environments.

  
  

**What You’ll Do**

* **Design and execute rapid discovery sprints, prototypes, pilots, user research, and experiments to assess desirability,** feasibility, viability, value, and risk. Use evidence to determine whether opportunities should advance, pivot, pause, or scale.

* Identify, frame, and validate AI-enabled business opportunities across Amgen. Translate broad transformation themes into clear problem statements, testable hypotheses, user needs, data requirements, success metrics, and validation plans.

* Assess how **LLMs, AI agents, machine learning models, NLP, automation, knowledge retrieval, analytics,** and intelligent workflow tools can improve productivity, decision quality, scientific discovery, operational efficiency, and workforce effectiveness.

* Evaluate whether proposed AI opportunities have the right data foundations, system integrations, architecture patterns, model capabilities, security controls, and operational support needed to move from concept to scalable solution.

* Partner with engineering, data science, and technical teams to align on scope, tradeoffs, and execution path.

* Conduct landscape assessments across different industries to learn how AI is leveraged to solve shared problem spaces at the macro level.

* Develop product requirements that account for user experience, data availability, model performance, output quality, explainability, reliability, latency, integration needs, governance, and ongoing measurement.

* Synthesize findings from validation work into clear product recommendations, opportunity briefs, technical feasibility assessments, business cases, and executive-ready narratives. Help leaders make informed decisions about where to invest, scale, or stop.

* **Ensure validation efforts consider responsible AI, data privacy, model risk, cybersecurity, compliance, regulatory** considerations, human oversight, change management, and enterprise scalability from the earliest stages of discovery.

* **Facilitate workshops, discovery sessions, prioritization discussions, technical feasibility reviews, user experience design, process mapping, and decision forums. Communicate complex AI and data concepts in a clear, business-oriented way for senior leaders and non-technical stakeholders.**

**Basic Qualifications:**

* 8-13 years of work experience in the related field
* Doctorate; or Master’s degree and 2 years of Information Systems, Technology, Product, Digital, AI, Data, Business Transformation, or related experience; or

* Bachelor’s degree and 4 years of Information Systems, Technology, Product, Digital, AI, Data, Business Transformation, or related experience; or

* Associate’s degree and 8 years of Information Systems, Technology, Product, Digital, AI, Data, Business Transformation, or related experience; or

* High School Diploma or GED and 10 years of Information Systems, Technology, Product, Digital, AI, Data, Business Transformation, or related experience.

**Preferred Qualifications:**

* 4+ years of product management, product strategy, innovation, consulting, digital transformation, or related experience.

* 2+ years of experience with AI, machine learning, data products, automation, LLMs, agents, NLP, analytics, or enterprise AI solutions.

* Working knowledge of **AI product development**, **including discovery, prototyping, model evaluation, deployment, monitoring, and iteration.**

* Familiarity with generative AI, LLMs, retrieval-augmented generation, AI agents, prompt engineering, model orchestration, NLP, predictive analytics, or intelligent automation.

* Design thinking experience

* Ability to evaluate AI opportunities across desirability, feasibility, viability, value, risk, scalability, and data readiness.

* Experience with AI platforms, MLOps, or enterprise AI architecture.

* Familiarity with AI (e.g., LLMs, agents, NLP) and ML productization at scale.

* Strong presentation and public speaking skills with experience communicating to executives

* Familiarity with biotech workflows (e.g., lab automation, computational biology, clinical data, etc).

* Hands-on ability to analyze product usage, model output quality, or design A/B experiments.

* Comfort working in fast-paced, cross-functional environments where priorities evolve quickly.

* Strong stakeholder management skills, including the ability to build relationships and collaborate effectively across functions and levels.

* Consulting experience, with demonstrated ability to structure and solve complex business problems.

* Experience conducting cross-industry landscape assessments to identify how AI is being leveraged to address shared problem spaces and uncover macro-level trends and opportunities"
https://in.indeed.com/viewjob?jk=c26e0266e341b2e1,2026-10-01,,nan,"Product Owner, Workday, Talent & Performance","KA, IN",TalentAcquisitionIndia@revantage.com,email,Hiring Manager,Product Recruiter,85,Fresh,q_wide_01,Senior / All,True,"**Position Overview**  
  
The **Experienced Product Owner** is an experienced, functionally deep Workday professional who owns one or more Workday modules end-to-end on behalf of Revantage and its PortCos. This is not a passive coordination role — it is an active, hands-on domain mastery role. You are the subject-matter expert, the decision-maker, the stakeholder champion, and the product strategist for your assigned module(s). You will work across a complex multi-PortCo environment, running user forums, managing the release roadmap, driving adoption, and continuously finding ways to extract more value from the platform. This role focuses on the Talent & Performance Module. Additional module expertise is a plus.
  
  
**Key Responsibilities**  
  
**Domain Ownership & Functional Mastery**

  

* Own your assigned Workday module(s): Talent & Performance end-to-end — from strategy and design through configuration, testing, deployment, and ongoing optimization.
* Develop and maintain deep functional expertise in your domain(s), staying current with Workday product updates, roadmap changes, and community best practices.
* Serve as the primary point of contact and escalation resource for your module area across all PortCos.
* Maintain comprehensive knowledge of how your module(s) interact with upstream and downstream systems and processes — and design solutions with those dependencies in mind.
* Think beyond Workday: identify complementary or supplementary technologies that could enhance capability in your domain — whether that is AI-powered tools, third-party integrations, or adjacent platforms.

**PortCo Engagement & Stakeholder Management**

  

* Build and maintain strong relationships with HR leaders, operations teams, and business stakeholders across multiple PortCos.
* Act as a trusted advisor — understanding each PortCo's unique workforce model, business context, and HR priorities.
* Run structured Product Owner forums, working groups, and user communities to surface requirements, share updates, and drive alignment.
* Manage competing priorities across PortCos with transparency — communicating trade-offs, timelines, and decisions clearly to all stakeholders.
* Facilitate requirements workshops and design sessions, translating business needs into clear, actionable Workday solutions.

**Roadmap & Release Ownership**

  

* Own and maintain the product roadmap for your module(s) — balancing strategic enhancements, PortCo-driven requirements, bug fixes, and Workday release adoption.
* Evaluate every Workday bi-annual release for impact and opportunity within your domain — leading opt-in decisions, testing, and rollout planning.
* Prioritize the backlog in collaboration with stakeholders, the Functional Architect, and People Technology leadership.
* Ensure all enhancements are delivered with appropriate change management, training, and communications to end users and HR teams.
* Track and report on the delivery and benefit realization of roadmap initiatives.

**Hands-On Delivery**

  

* Remain hands-on with Workday configuration in your module area — able to configure, test, validate and deploy.
* Lead user acceptance testing (UAT) for enhancements and releases within your domain.
* Create design documents, configuration specifications, and test plans before deployment.
* Own day-to-day delivery.

**Ecosystem & Innovation Thinking**

  

* Continuously evaluate the HR technology landscape for innovations relevant to your module area — e.g., AI in recruiting, manager effectiveness tools, payroll analytics.
* Propose and build the business case for technology enhancements or new tool adoption where Workday alone does not fully meet business needs.
* Collaborate with vendors (Workday, Paradox, HiredScore, Peakon, etc.) to stay ahead of product developments and advocate for Revantage's priorities.

**Required Qualifications**

  

* 5+ years of Workday functional experience with deep, hands-on expertise in at least two Workday modules.
* Demonstrated experience owning a Workday module in a production environment — including enhancements, releases, stakeholder management, and roadmap ownership.
* Nice to have experience working in a multi-entity, multi-PortCo, or shared-services HR technology model.
* Strong understanding of Workday business process configuration, security roles, reporting, and calculated fields.
* Proven ability to engage and influence senior HR stakeholders without direct authority.
* Experience running forums, steering committees, or user communities across a distributed stakeholder base.
* Global Workday implementation or support experience — able to navigate multi-jurisdiction complexity.
* Excellent written and verbal communication skills — able to translate technical concepts for business audiences and vice versa.

**Module-specific Experience (by Role):** Talent & Learning: Performance reviews, goal management, succession planning, learning campaigns, content management, and skills framework.

**Preferred Qualifications**

  

* Workday Pro certification in one or more relevant modules.
* Experience with third-party HR technology integrations and vendor management.
* Exposure to change management methodologies and communication planning.
* Prior experience in private equity, financial services, or multi-company real estate environments.
* Familiarity with Agile or product management frameworks (backlog management, sprint planning, road mapping tools).

**About Revantage**  
  
Revantage is a Blackstone portfolio company and a leading provider of corporate services across Blackstone's Real Estate portfolio. Headquartered in Chicago, Revantage supports a diverse and complex ecosystem of portfolio companies (PortCos) spanning residential, commercial, logistics, hospitality, and life-sciences real estate globally — across North America, Europe, and Asia-Pacific.  
  
Our People Technology team sits at the centre of this multi-entity, multi-jurisdictional operating model. We run a single Workday tenant that serves a federated landscape of PortCos, each with its own workforce, HR policies, compensation structures, payroll requirements, and compliance obligations. This complexity demands technology professionals who thrive in ambiguity, operate with an enterprise mindset, and can design solutions that scale across legal entities, geographies, and business models.

*Job Applicant Privacy Notice*

***EEO Statement***

*The Company is an equal opportunity employer. In accordance with applicable law, we prohibit discrimination against any applicant, employee, or other covered person based on any legally recognized basis, including, but not limited to: veteran status, uniformed servicemember status, race, color, caste, immigration status, religion, religious creed (including religious dress and grooming practices), sex, gender, gender expression, gender identity, marital status, sexual orientation, pregnancy (including childbirth, lactation or related medical conditions), age, national origin or ancestry, citizenship, physical or mental disability, genetic information (including testing and characteristics), protected leave status, domestic violence victim status, or any other consideration protected by federal, state or local law. We are committed to providing reasonable accommodations, if you need an accommodation to complete the application process, please email* *TalentAcquisitionIndia@revantage.com*"
https://in.indeed.com/viewjob?jk=ed761a078aa8f186,2026-10-01,,nan,"Product Owner, Workday, US Payroll & Benefits","KA, IN",TalentAcquisitionIndia@revantage.com,email,Hiring Manager,Product Recruiter,85,Fresh,q_wide_01,Senior / All,True,"**Position Overview**  
  
The **Experienced Product Owner** is an experienced, functionally deep Workday professional who owns one or more Workday modules end-to-end on behalf of Revantage and its PortCos. This is not a passive coordination role — it is an active, hands-on domain mastery role. You are the subject-matter expert, the decision-maker, the stakeholder champion, and the product strategist for your assigned module(s). You will work across a complex multi-PortCo environment, running user forums, managing the release roadmap, driving adoption, and continuously finding ways to extract more value from the platform. This role focuses on the **US Payroll & Benefits** Module. Additional module expertise is a plus.
  
  
**Key Responsibilities**  
  
**Domain Ownership & Functional Mastery**

  

* Own your assigned Workday module(s): **US Payroll & Benefits** end-to-end — from strategy and design through configuration, testing, deployment, and ongoing optimization.
* Develop and maintain deep functional expertise in your domain(s), staying current with Workday product updates, roadmap changes, and community best practices.
* Serve as the primary point of contact and escalation resource for your module area across all PortCos.
* Maintain comprehensive knowledge of how your module(s) interact with upstream and downstream systems and processes — and design solutions with those dependencies in mind.
* Think beyond Workday: identify complementary or supplementary technologies that could enhance capability in your domain — whether that is AI-powered tools, third-party integrations, or adjacent platforms.

**PortCo Engagement & Stakeholder Management**

  

* Build and maintain strong relationships with HR leaders, operations teams, and business stakeholders across multiple PortCos.
* Act as a trusted advisor — understanding each PortCo's unique workforce model, business context, and HR priorities.
* Run structured Product Owner forums, working groups, and user communities to surface requirements, share updates, and drive alignment.
* Manage competing priorities across PortCos with transparency — communicating trade-offs, timelines, and decisions clearly to all stakeholders.
* Facilitate requirements workshops and design sessions, translating business needs into clear, actionable Workday solutions.

**Roadmap & Release Ownership**

  

* Own and maintain the product roadmap for your module(s) — balancing strategic enhancements, PortCo-driven requirements, bug fixes, and Workday release adoption.
* Evaluate every Workday bi-annual release for impact and opportunity within your domain — leading opt-in decisions, testing, and rollout planning.
* Prioritize the backlog in collaboration with stakeholders, the Functional Architect, and People Technology leadership.
* Ensure all enhancements are delivered with appropriate change management, training, and communications to end users and HR teams.
* Track and report on the delivery and benefit realization of roadmap initiatives.

**Hands-On Delivery**

  

* Remain hands-on with Workday configuration in your module area — able to configure, test, validate and deploy.
* Lead user acceptance testing (UAT) for enhancements and releases within your domain.
* Create design documents, configuration specifications, and test plans before deployment.
* Own day-to-day delivery.

**Ecosystem & Innovation Thinking**

  

* Continuously evaluate the HR technology landscape for innovations relevant to your module area — e.g., AI in recruiting, manager effectiveness tools, payroll analytics.
* Propose and build the business case for technology enhancements or new tool adoption where Workday alone does not fully meet business needs.
* Collaborate with vendors (Workday, Paradox, HiredScore, Peakon, etc.) to stay ahead of product developments and advocate for Revantage's priorities.

**Required Qualifications**

  

* 5+ years of Workday functional experience with deep, hands-on expertise in at least two Workday modules.
* Demonstrated experience owning a Workday module in a production environment — including enhancements, releases, stakeholder management, and roadmap ownership.
* Nice to have experience working in a multi-entity, multi-PortCo, or shared-services HR technology model.
* Strong understanding of Workday business process configuration, security roles, reporting, and calculated fields.
* Proven ability to engage and influence senior HR stakeholders without direct authority.
* Experience running forums, steering committees, or user communities across a distributed stakeholder base.
* Global Workday implementation or support experience — able to navigate multi-jurisdiction complexity.
* Excellent written and verbal communication skills — able to translate technical concepts for business audiences and vice versa.

**Module-specific Experience:**  
  
**US Payroll**  
  
Payroll processing, tax configuration, and compliance — configuration and operational support.

* **Payroll Processing:** Pay group setup, payroll calendars, run categories, gross-to-net calculation, and on/off-cycle run management.
* **Earnings & Deductions:** Earning codes, deduction codes, arrears handling, garnishments, and pay component mapping from time and compensation.
* **Tax Configuration:** Federal, state, and local tax setup, reciprocity rules, tax withholding elections, and year-end W-2 processing.
* **Compliance:** ACA reporting, FLSA overtime, pay equity audits, and regulatory filing support.
* **Integrations & Reporting:** GL mapping, bank file generation, payroll reconciliation, and audit-ready payroll registers.

**US Benefits**  
  
Benefit plan configuration, open enrollment, and compliance — configuration and operational support.

* **Plan Configuration:** Medical, dental, vision, FSA/HSA, life, disability, and voluntary benefit plan setup including carrier connections.
* **Eligibility & Enrollment:** Eligibility rules, dependent coverage, qualifying life events, passive and active enrollment configuration.
* **Open Enrollment:** OE event setup, employee self-service configuration, enrollment windows, and communication triggers.
* **ACA Compliance:** 1095-C configuration, measurement periods, affordability calculations, and IRS filing support.
* **Integrations & Reporting:** Benefit carrier file feeds, COBRA administration handoffs, benefit cost reporting, and enrollment audits.

**Preferred Qualifications**

  

* Workday Pro certification in one or more relevant modules.
* Experience with third-party HR technology integrations and vendor management.
* Exposure to change management methodologies and communication planning.
* Prior experience in private equity, financial services, or multi-company real estate environments.
* Familiarity with Agile or product management frameworks (backlog management, sprint planning, road mapping tools).

**About Revantage**  
  
Revantage is a Blackstone portfolio company and a leading provider of corporate services across Blackstone's Real Estate portfolio. Headquartered in Chicago, Revantage supports a diverse and complex ecosystem of portfolio companies (PortCos) spanning residential, commercial, logistics, hospitality, and life-sciences real estate globally — across North America, Europe, and Asia-Pacific.  
  
Our People Technology team sits at the centre of this multi-entity, multi-jurisdictional operating model. We run a single Workday tenant that serves a federated landscape of PortCos, each with its own workforce, HR policies, compensation structures, payroll requirements, and compliance obligations. This complexity demands technology professionals who thrive in ambiguity, operate with an enterprise mindset, and can design solutions that scale across legal entities, geographies, and business models.

*Job Applicant Privacy Notice*

***EEO Statement***

*The Company is an equal opportunity employer. In accordance with applicable law, we prohibit discrimination against any applicant, employee, or other covered person based on any legally recognized basis, including, but not limited to: veteran status, uniformed servicemember status, race, color, caste, immigration status, religion, religious creed (including religious dress and grooming practices), sex, gender, gender expression, gender identity, marital status, sexual orientation, pregnancy (including childbirth, lactation or related medical conditions), age, national origin or ancestry, citizenship, physical or mental disability, genetic information (including testing and characteristics), protected leave status, domestic violence victim status, or any other consideration protected by federal, state or local law. We are committed to providing reasonable accommodations, if you need an accommodation to complete the application process, please email* *TalentAcquisitionIndia@revantage.com*"
https://in.indeed.com/viewjob?jk=8366e5a2db06cd77,2026-10-01,,JPMorganChase,"Technical Product Manager - ETL, Data Reporting, SQL","MH, IN",,link,Hiring Manager,Product Recruiter,85,Fresh,q_wide_01,Senior / All,False,"**JOB DESCRIPTION**  
  
  

Make your mark by leading a high-visibility modernization that reshapes how teams access trusted insights at scale. You will drive a firmwide legacy analytics decommission and migration, partnering with senior leaders and global delivery teams to deliver measurable outcomes by a strategic deadline. Join a team that values ownership, career mobility, and hands-on impact across a complex technology transformation.

As a Product Manager at JPMorganChase within Commercial & Investment Banking unit, you will lead end-to-end delivery of a legacy business intelligence platform decommission and migration to modern cloud-native analytics tools. You will own inventory analysis, migration planning, and cross-functional execution to move thousands of reports, schedules, and users to approved replacement capabilities. You will partner with technology, data, and business stakeholders to prioritize migration waves, reduce scope through rationalization, and ensure continuity for critical reporting. You will provide transparent governance and executive communications to ensure delivery against a firm strategic deadline.

This role sits within a senior leadership-sponsored transformation program and focuses on retiring legacy reporting capabilities while enabling scalable, modern analytics. You will coordinate across multiple geographies and functions to align business priorities, data dependencies, and delivery sequencing. Success in this role requires strong product ownership, structured program governance, and the ability to translate complex reporting and data flows into actionable migration plans. You will balance speed of delivery with risk awareness, ensuring that regulated or controlled reporting obligations remain continuously supported.

**Job Responsibilities**

* Own and continuously improve a comprehensive inventory of reports, schedules, and data extract processes, driving rationalization and recertification to reduce migration scope and risk.
* Map report logic and data flows to business processes, application integrations, and downstream dependencies, prioritizing migration waves based on criticality and complexity.
* Lead stakeholder engagement across business and technology functions, facilitating workshops to document current usage, capture requirements, and define future-state reporting needs.
* Define functional and non-functional requirements for replacement reporting capabilities, including scheduling, distribution, embedded analytics, and integration needs.
* Drive evaluation and selection of replacement tools by coordinating structured demos, proof-of-concept activities, and decision forums aligned to program objectives and constraints.
* Oversee migration planning and execution across data warehouse, data pipelines (extract, transform, load), and reporting layers, ensuring source-to-target mapping and semantic definitions are maintained.
* Leverage analytics and approved automation approaches (including responsible use of artificial intelligence-enabled tooling) to accelerate usage analysis, pattern detection, and migration prioritization while maintaining appropriate risk awareness.
* Produce clear program governance artifacts (status reporting, risks/issues/dependencies, milestone tracking, and escalation materials) for senior technology and business leadership.
* Coordinate cross-functional delivery across a global team, proactively surfacing blockers, managing competing priorities, and driving timely decisions.
* Deliver change management activities including user communications, training coordination for new platforms, adoption tracking, and transition support through cutover.

**Required qualifications, capabilities and skills**

* Proven experience as a technical product manager or senior business analyst delivering large-scale technology decommission, data migration, or reporting transformation programs in financial services.
* Demonstrated knowledge of enterprise reporting landscapes, including report lifecycle management, self-service reporting, automated scheduling/distribution, embedded analytics, and integration with data pipelines.
* Hands-on experience with at least one enterprise reporting or analytics platform (for example: Tableau, ThoughtSpot, Microsoft Power BI, MicroStrategy, Sigma, Cognos, SAP BusinessObjects, or similar).
* Experience analyzing, rationalizing, and migrating large report inventories, including prioritization, wave planning, and execution tracking.
* Working knowledge of data warehousing concepts (for example: dimensional modeling, facts and dimensions, and data marts) sufficient to assess migration impacts and dependencies.
* Working knowledge of data integration patterns and pipeline scheduling sufficient to document data flows and coordinate re-platforming activities with engineering teams.
* Proficiency in Structured Query Language (SQL), including complex joins and reconciliations used to validate migration completeness and data quality.
* Strong stakeholder management skills with experience facilitating workshops, aligning cross-functional priorities, and driving decisions across senior audiences.
* Program governance capability, including structured planning, milestone management, dependency management, and executive-ready communications.
* Awareness of regulated, controlled, or audit-relevant reporting considerations and the need to maintain continuity during platform transitions.

**Preferred qualifications, capabilities and skills**

* Hands-on experience with SAP BusinessObjects and/or Crystal Reports (for example: Web Intelligence, scheduling, universe design, or report development).
* Experience building dashboards or reports in modern analytics tools (for example: calculations, parameters, filters, and visualization best practices).
* Experience using analytics automation or artificial intelligence-enabled tools (e.g. Databricks Genie, Snowflake Cortex, ChatGPT/Copilot) to accelerate dataset analysis or workflow efficiency in a controlled enterprise environment.
* Experience with cloud-native data platforms (for example: Snowflake, Databricks, or Google BigQuery) and how reporting tools connect to cloud query engines.
* Experience with SQL performance tuning, data profiling, anomaly detection, and end-to-end data quality validation.
* Experience coordinating user acceptance testing across distributed user groups and supporting structured change management.
* Experience engaging vendors and running structured evaluations, proofs of concept, or request-for-information/request-for-proposal processes.

**ABOUT US**  
  
  

JPMorganChase, one of the oldest financial institutions, offers innovative financial solutions to millions of consumers, small businesses and many of the world's most prominent corporate, institutional and government clients under the J.P. Morgan and Chase brands. Our history spans over 200 years and today we are a leader in investment banking, consumer and small business banking, commercial banking, financial transaction processing and asset management.  
  
We recognize that our people are our strength and the diverse talents they bring to our global workforce are directly linked to our success. We are an equal opportunity employer and place a high value on diversity and inclusion at our company. We do not discriminate on the basis of any protected attribute, including race, religion, color, national origin, gender, sexual orientation, gender identity, gender expression, age, marital or veteran status, pregnancy or disability, or any other basis protected under applicable law. We also make reasonable accommodations for applicants' and employees' religious practices and beliefs, as well as mental health or physical disability needs. Visit our FAQs for more information about requesting an accommodation.

  
  
**ABOUT THE TEAM**
  
  
J.P. Morgan's Commercial & Investment Bank is a global leader across banking, markets, securities services and payments. Corporations, governments and institutions throughout the world entrust us with their business in more than 100 countries. The Commercial & Investment Bank provides strategic advice, raises capital, manages risk and extends liquidity in markets around the world."
https://www.linkedin.com/jobs/view/4455786778,2026-10-01,,Amazon,"Sr Product Manager, Amazon Wholesale",Bengaluru,,link,Hiring Manager,Product Recruiter,85,Fresh,q_wide_01,Senior / All,False,"Sr Product Manager, Amazon Wholesale opening at Amazon (Bengaluru). Direct application link: https://www.linkedin.com/jobs/view/4455786778"
https://www.naukri.com/job-listings-sr-product-manager-coupa-software-inc-hyderabad-8-to-13-years-300926502615,2026-09-30,,Coupa,Sr. Product Manager,"Hyderabad, India",,link,Hiring Manager,Product Recruiter,85,Fresh,q_wide_01,Senior / All,False,"Sr. Product Manager opening at Coupa (Hyderabad, India). Direct application link: https://www.naukri.com/job-listings-sr-product-manager-coupa-software-inc-hyderabad-8-to-13-years-300926502615"
https://in.indeed.com/viewjob?jk=5a3f533190adb142,2026-09-28,,Boston Consulting Group,Global Product Manager,"HR, IN",,DM,Hiring Manager,Product Recruiter,85,Archived,q_wide_01,Senior / All,False,"Who We Are

Boston Consulting Group partners with leaders in business and society to tackle their most important challenges and capture their greatest opportunities. BCG was the pioneer in business strategy when it was founded in 1963. Today, we help clients with total transformation-inspiring complex change, enabling organizations to grow, building competitive advantage, and driving bottom-line impact.  
  
To succeed, organizations must blend digital and human capabilities. Our diverse, global teams bring deep industry and functional expertise and a range of perspectives to spark change. BCG delivers solutions through leading-edge management consulting along with technology and design, corporate and digital ventures—and business purpose. We work in a uniquely collaborative model across the firm and throughout all levels of the client organization, generating results that allow our clients to thrive.

What You'll Do

The HR Digital Product Portfolio is one of the largest and most dynamic portfolios within BCG’s Digital Products Organization, enabling technology across BCG’s HR and People functions. Within the Talent Acquisition Product Team, the Candidate Selection squad supports the products and capabilities that underpin how BCG assesses and selects candidates.

As a Senior Product Analyst, you will work closely with the Product Owner, business teams, technology teams, QA, and external vendors to shape effective product solutions. You will independently explore business needs, challenge assumptions, and translate complex requirements into clear, actionable solutions, with the Product Owner providing direction and final sign-off where appropriate.

  

* Lead and facilitate requirements discussions with business and technology teams to understand problems, user needs, business value, and the wider impact of proposed changes.
* Document clear product requirements in Jira, translating business needs into user stories, acceptance criteria, process flows, functional requirements, use cases, and solution options.
* Challenge requests constructively, identifying assumptions, dependencies, risks, unintended consequences, and alternative approaches before solutions are agreed.
* Co-create solutions with business, technology, QA, and vendor teams, helping bridge functional and technical considerations and supporting the Product Owner with prioritization and delivery readiness.
* Build deep product knowledge and take accountability for changes from requirements through test-scenario definition, validation, deployment readiness, and rollout.
* Prioritize and investigate assigned production issues, identify likely root causes, and bring the right squad, vendor, or technology expertise together to drive effective resolution.
* Support successful adoption of new functionality by preparing release notes and partnering with Learning and Development and Process Enablement colleagues on user guidance and learning materials where needed.
* Contribute to cross-functional initiatives and broader Talent Acquisition Product Team priorities as opportunities and business needs evolve.
* Build adjacent product and technical skills, including taking on straightforward SaaS configuration and functional enhancement activities where appropriate.

What You'll Bring

* 6+ years of relevant experience in product analysis, business analysis, technology, operations, or a related field.
* Strong analytical and critical-thinking skills, with confidence to challenge assumptions, identify downstream impacts, and recommend practical solutions.
* Experience eliciting, translating, and documenting business needs into user stories, acceptance criteria, process flows, functional requirements, and use cases.
* Experience partnering with developers and engineers to bridge functional and technical requirements and translate business intent into implementation-ready specifications.
* Experience partnering with QA teams to define test scenarios, validate system behaviour, investigate issues, and manage feedback through delivery.
* Experience working with SaaS products and external vendors, with an interest in developing hands-on configuration and product administration capabilities.
* Strong working knowledge of Jira and Confluence; Talent Acquisition or HR technology experience is strongly preferred, while exposure to ServiceNow, APIs, integrations, MuleSoft, production support, system troubleshooting, or change management is beneficial.

Who You'll Work With

You’ll be part of the Candidate Selection squad within BCG’s global Talent Acquisition Product Team.

You’ll collaborate closely with Product Owners, engineers, developers, QA, Scrum Leads, SaaS Engineers, Talent Acquisition teams, and external vendors. Depending on the product or change, you may also partner with Legal, Data Protection, and Responsible AI teams.

The team works through close business and technology co-creation, combining BCG-built solutions with integrated SaaS platforms and strong vendor partnerships across a global network.

Additional info

At BCG, our people and relationships are at the heart of everything we do. We believe that in-person collaboration plays an important role in our culture, mentorship, and professional development.

For this role, you will generally be expected to work from a BCG office or in person with clients on a regular basis (typically around 50% of working time), depending on business needs and in line with local policies and practices.

We aim to provide a dynamic and collaborative environment that fosters connection and teamwork.

Boston Consulting Group is an Equal Opportunity Employer. All qualified applicants will receive consideration for employment without regard to race, color, age, religion, sex, sexual orientation, gender identity / expression, national origin, disability, protected veteran status, or any other characteristic protected under national, provincial, or local law, where applicable, and those with criminal histories will be considered in a manner consistent with applicable state and local laws."
https://www.linkedin.com/jobs/view/4475540902,2026-10-05,,Multiplier AI,AI PROJECT MANAGER / AI PRODUCT OWNER,"Noida, Uttar Pradesh, India",,link,Hiring Manager,Product Recruiter,85,Fresh,q_wide_01,Senior / All,False,"AI PROJECT MANAGER / AI PRODUCT OWNER opening at Multiplier AI (Noida, Uttar Pradesh, India). Direct application link: https://www.linkedin.com/jobs/view/4475540902"
https://www.linkedin.com/jobs/view/4447272785,2026-10-04,,Sumo Logic,Principal Product Manager,"Noida, Uttar Pradesh, India",,link,Hiring Manager,Product Recruiter,85,Fresh,q_wide_01,Senior / All,False,"Principal Product Manager opening at Sumo Logic (Noida, Uttar Pradesh, India). Direct application link: https://www.linkedin.com/jobs/view/4447272785"
https://www.linkedin.com/jobs/view/4473159169,2026-10-02,,Open Theory Labs,Product Manager,Gurugram,,link,Hiring Manager,Product Recruiter,85,Fresh,q_wide_01,Senior / All,False,Product Manager opening at Open Theory Labs (Gurugram). Direct application link: https://www.linkedin.com/jobs/view/4473159169
https://www.linkedin.com/jobs/view/4472575915,2026-10-01,,Ericsson,IT Product Owner - Intelligent Service Management,Gurgaon,,link,Hiring Manager,Product Recruiter,85,Fresh,q_wide_01,Senior / All,False,IT Product Owner - Intelligent Service Management opening at Ericsson (Gurgaon). Direct application link: https://www.linkedin.com/jobs/view/4472575915
https://www.linkedin.com/jobs/view/4473779930,2026-09-30,,BigStep Technologies,Product Manager,Gurugram,,link,Hiring Manager,Product Recruiter,85,Fresh,q_wide_01,Senior / All,False,Product Manager opening at BigStep Technologies (Gurugram). Direct application link: https://www.linkedin.com/jobs/view/4473779930
https://www.linkedin.com/jobs/view/4471281661,2026-09-29,,airtel,Cloud Security Product Manager,Gurugram,,link,Hiring Manager,Product Recruiter,85,Fresh,q_wide_01,Senior / All,False,Cloud Security Product Manager opening at airtel (Gurugram). Direct application link: https://www.linkedin.com/jobs/view/4471281661
https://www.linkedin.com/jobs/view/4471373313,2026-09-28,,Schneider Electric,Product Manager,Gurgaon,,link,Hiring Manager,Product Recruiter,85,Archived,q_wide_01,Senior / All,False,Product Manager opening at Schneider Electric (Gurgaon). Direct application link: https://www.linkedin.com/jobs/view/4471373313
https://www.linkedin.com/jobs/view/4462929507,2026-09-28,,EXL,Product Owner,Gurugram,,link,Hiring Manager,Product Recruiter,85,Archived,q_wide_01,Senior / All,False,Product Owner opening at EXL (Gurugram). Direct application link: https://www.linkedin.com/jobs/view/4462929507
https://in.indeed.com/viewjob?jk=bdc9ce032f86bfd0,2026-10-01,,Violet Infosystems Private Limited,Product Manager,"MH, IN",,DM,Hiring Manager,Product Recruiter,85,Fresh,q_wide_01,Senior / All,False,"**Open Position: Product Manager**  
**Location: Malad (West), Mumbai**  
**Experience: 4 to 8 Years**  
**Qualification: Any Graduate**  
**Industry: IT/Software**  
**Only Mumbai Suburban-based location (Bhayandar to Churchgate) candidates apply for the Position**

**You can also contact on: 9372974661 / 8928772622 / 7021155918**  
**We are working 6 days, i.e., from Monday to Saturday.**

**Job Description:-**

* Develop and implement product strategies consistent with the company vision.
* Collect and analyze feedback from customers, stakeholders, and other teams to shape requirements, features, and end products.
* Work with senior management to create product plans and roadmaps.
* Lead product managers and coordinate cross-functional teams.
* Produce and review product requirements documents (PRD).
* Ensure products and releases are launched correctly and on schedule.
* Make creative recommendations to expand the product base and vision.
* Suggest ways to track product use and impact on end users.

**Mandatory Skills:-**

* Interpersonal and Leadership Skills.
* The organization works efficiently.
* Time Management.
* Good communication skills.
* Comfortable attending meetings.
* Delegating Tasks.
* Thinking Analytically.
* Negotiator and Influencer.

Job Types: Full-time, Permanent

Pay: ₹650,000.00 - ₹1,000,000.00 per year

Benefits:

* Provident Fund

Work Location: In person"
https://in.indeed.com/viewjob?jk=4bc56b8cfd3dbad8,2026-09-30,,Globocom Infotech,Product Manager,"MH, IN",,DM,Hiring Manager,Product Recruiter,85,Fresh,q_wide_01,Senior / All,False,"Please find attached the **Job Description for the position of Associate Product Manager** at **Globocom Infotech Pvt. Ltd.**, under our **Futuratech – Innovations Team**.

**About Globocom**

Globocom is a multinational digital enterprise with operations across **India, UAE, Singapore and Niger**, with a presence across **110+ telecom companies worldwide** and a turnover of **$15 Million**.

Our key areas of business include:

* Telecom Value-Added Services
* M-Commerce & D2C Platforms
* Digital Media & Performance Marketing
* Gaming, Utility & Video Services
* International Content Acquisition
* Digital Product Development

Globocom is also expanding into **Latin America and Africa**, with a strong focus on innovation and new-age digital products.

**About Futuratech – Innovations Team**

**Futuratech** is Globocom’s dedicated **Innovation & New Product Development division**, focused on building scalable digital solutions across **OTT, EdTech, Entertainment and emerging technology**.

**Website:** Futuratech Technologies

Product Manager – OTT, entertainment, EdTech & New Products

Location: Mumbai  
Employment Type: Full-time  
Department: Product & Innovation  
Reporting To: Head of Innovation

About the Role

We are looking for a Product Manager with 5–8 years of experience to join our Product & Innovation team and work across OTT, EdTech and new digital product initiatives.

This is a hands-on product role for someone who enjoys building products from the ground up, solving customer problems, working closely with technology and business teams, and using data to drive product decisions.

The ideal candidate should be equally comfortable discussing user journeys, product requirements, APIs, analytics, monetization, UX, growth and technology execution.

You will work on products across different stages—from new product discovery and MVP development to scaling existing products and improving engagement, retention and monetization.

---

Key Responsibilities

1. Product Strategy & Roadmap

Define product vision, strategy and roadmap in collaboration with business and technology leadership.  
Identify customer problems, market opportunities and new product opportunities.  
Translate business objectives into clear product goals, priorities and measurable KPIs.  
Own product roadmap and continuously prioritize features based on business impact, user value, effort and data.  
Conduct competitor and market research across OTT, EdTech, consumer apps and emerging digital products.

2. Product Discovery & New Product Development

Take new product ideas from concept → validation → MVP → launch → scale.  
Conduct user research, competitor analysis and market validation.  
Define user personas, use cases and end-to-end customer journeys.  
Create MVP scope and determine what should—and should not—be built.  
Work closely with design and engineering teams to convert concepts into scalable products.  
Participate in experimentation, A/B testing and rapid iteration.

3. OTT Product Management

Work on products such as Navrang OTT and future entertainment products, including:

Content discovery and recommendation journeys  
Home screen and content listing experiences  
Video playback experience  
Subscription and payment journeys  
Free vs paid content strategy  
Trial and subscription flows  
User engagement and retention  
Push notifications and re-engagement  
Content metadata and CMS requirements  
Web, Android and iOS product experiences  
Subscription lifecycle and renewal journeys  
Analytics and monetization funnels

Experience with OTT, streaming, subscription or media products will be highly valuable.

4. Growth & Monetization

The candidate should understand that product success is not just about shipping features.

You will work on:

Acquisition-to-registration funnel  
Registration-to-activation funnel  
Free-to-paid conversion  
Subscription conversion  
Retention and churn  
Engagement and watch/learning time  
ARPU, LTV and CAC  
Referral and viral growth  
Pricing and packaging  
Conversion optimization  
A/B testing and experimentation

You will collaborate closely with Marketing and Performance Marketing teams to ensure acquisition campaigns and product experiences work together.

5. Product Analytics

Define product KPIs and event-tracking requirements.  
Build and monitor product funnels.  
Analyze user behavior and identify drop-offs.  
Use data to validate hypotheses and prioritize improvements.  
Work with analytics/engineering teams on event instrumentation.  
Develop dashboards and product performance reports.  
Track cohort behavior, retention and monetization.

Experience with tools such as GA4, Firebase Analytics, Mixpanel, Amplitude, AppsFlyer, Adjust or similar platforms is preferred.

6. Product Requirements & Execution

Create detailed PRDs, user stories, acceptance criteria and product specifications.  
Define functional and non-functional requirements.  
Create user flows and wireframes where required.  
Work closely with UI/UX designers.  
Collaborate with Android, iOS, Web, Backend and QA teams.  
Participate in sprint planning, grooming, reviews and retrospectives.  
Resolve product-related questions during development.  
Ensure features are delivered according to business objectives and requirements.  
Own UAT and product launch readiness.

7. Cross-functional Collaboration

Work closely with:

Engineering  
UI/UX  
QA  
DevOps  
Content  
Marketing  
Performance Marketing  
Business/Revenue teams  
Customer Support  
Data/Analytics

The PM will act as the bridge between business, technology and users.

---

Required Skills & Experience

Must Have

5–8 years of Product Management experience.  
Experience building and scaling consumer-facing digital products.  
Strong understanding of mobile applications and web products.  
Experience working with Agile/Scrum development teams.  
Strong PRD and product documentation skills.  
Excellent understanding of user journeys and UX.  
Strong analytical and problem-solving ability.  
Understanding of APIs, backend systems, databases and technology architecture.  
Experience with product analytics and event tracking.  
Strong communication and stakeholder-management skills.  
Ability to independently drive products from idea to execution.

Preferred

Experience in one or more of:

OTT / Video Streaming  
EdTech, Entertainment  
Consumer Internet  
Subscription products  
Mobile apps  
Digital media  
E-commerce  
SaaS / B2C platforms  
Performance marketing / growth products

Experience with monetization, subscriptions, payments, attribution and performance marketing will be a strong advantage.

---

What We Are Looking For

We are looking for someone who:

Thinks like a product owner, not a project coordinator.  
Can independently identify problems and propose solutions.  
Is comfortable challenging assumptions.  
Can balance user experience, technology and commercial objectives.  
Uses data rather than opinions to make decisions.  
Can move quickly without compromising product fundamentals.  
Is comfortable working in an entrepreneurial environment with ambiguity.  
Can manage multiple products/projects without losing ownership.  
Understands that launching a feature is not the end—the real job is measuring whether it worked.

---

Key Performance Indicators

Success in this role will be measured through:

Product adoption and engagement  
Activation and conversion rates  
Subscription/revenue growth  
Retention and churn  
Product funnel improvement  
Feature adoption  
Customer satisfaction  
Experimentation velocity  
Product launch timelines  
Quality of product execution  
Business impact of product initiatives

---

Education

Bachelor's degree in Engineering, Computer Science, Management or a related field.

MBA or equivalent product/business education is a plus but not mandatory.

---

Why Join Us?

Opportunity to work across OTT, EdTech and new-age digital products.  
Build products from the ground up rather than only managing incremental features.  
Work directly with senior leadership on product strategy.  
High ownership and decision-making responsibility.  
Exposure to product, technology, growth, monetization and performance marketing.  
Opportunity to experiment with new business models and emerging technologies.  
Fast-paced entrepreneurial environment.

Pay: ₹800,000.00 - ₹1,600,000.00 per year

Benefits:

* Health insurance
* Leave encashment
* Paid sick time
* Provident Fund

Work Location: In person"
https://www.linkedin.com/jobs/view/4474231028,2026-10-04,,IDFC FIRST Bank,Product Manager-Current Account,Mumbai,,link,Hiring Manager,Product Recruiter,85,Fresh,q_wide_01,Senior / All,False,Product Manager-Current Account opening at IDFC FIRST Bank (Mumbai). Direct application link: https://www.linkedin.com/jobs/view/4474231028
https://www.linkedin.com/jobs/view/4454155008,2026-10-03,,SUN PHARMA,Group Product Manager - CNS,Mumbai Metropolitan Region,,link,Hiring Manager,Product Recruiter,85,Fresh,q_wide_01,Senior / All,False,Group Product Manager - CNS opening at SUN PHARMA (Mumbai Metropolitan Region). Direct application link: https://www.linkedin.com/jobs/view/4454155008
https://www.linkedin.com/jobs/view/4474708777,2026-10-02,,JPMorganChase,"Technical Product Manager - ETL, Data Reporting, SQL",Mumbai,,link,Hiring Manager,Product Recruiter,85,Fresh,q_wide_01,Senior / All,False,"Technical Product Manager - ETL, Data Reporting, SQL opening at JPMorganChase (Mumbai). Direct application link: https://www.linkedin.com/jobs/view/4474708777"
https://www.linkedin.com/jobs/view/4471759921,2026-09-29,,Dow,Product Manager - India,Navi Mumbai,,link,Hiring Manager,Product Recruiter,85,Fresh,q_wide_01,Senior / All,False,Product Manager - India opening at Dow (Navi Mumbai). Direct application link: https://www.linkedin.com/jobs/view/4471759921
https://www.glassdoor.co.in/job-listing/j?jl=1010284761796,2026-10-05,,Troop 360,Technical Product Manager,Bengaluru,,link,Hiring Manager,Product Recruiter,85,Fresh,q_wide_01,Senior / All,False,Technical Product Manager opening at Troop 360 (Bengaluru). Direct application link: https://www.glassdoor.co.in/job-listing/j?jl=1010284761796
https://www.glassdoor.co.in/job-listing/j?jl=1010284286012,2026-10-04,,TransUnion,Technical Product Manager,Chennai,,link,Hiring Manager,Product Recruiter,85,Fresh,q_wide_01,Senior / All,False,Technical Product Manager opening at TransUnion (Chennai). Direct application link: https://www.glassdoor.co.in/job-listing/j?jl=1010284286012
https://www.glassdoor.co.in/job-listing/j?jl=1010284411464,2026-10-04,,ConstruWX,Associate Product Manager,India,,link,Hiring Manager,Product Recruiter,85,Fresh,q_wide_01,0-2y,False,Associate Product Manager opening at ConstruWX (India). Direct application link: https://www.glassdoor.co.in/job-listing/j?jl=1010284411464
https://www.glassdoor.co.in/job-listing/j?jl=1010284285971,2026-10-04,,TransUnion,Technical Product Manager,Chennai,,link,Hiring Manager,Product Recruiter,85,Fresh,q_wide_01,Senior / All,False,Technical Product Manager opening at TransUnion (Chennai). Direct application link: https://www.glassdoor.co.in/job-listing/j?jl=1010284285971
https://www.glassdoor.co.in/job-listing/j?jl=1010282056007,2026-10-02,,The U.S. Pharmacopeia (USP),Associate Product Manager/Product Manager (Reference Standards),Hyderābād,,link,Hiring Manager,Product Recruiter,85,Fresh,q_wide_01,0-2y,False,Associate Product Manager/Product Manager (Reference Standards) opening at The U.S. Pharmacopeia (USP) (Hyderābād). Direct application link: https://www.glassdoor.co.in/job-listing/j?jl=1010282056007
https://www.glassdoor.co.in/job-listing/j?jl=1010281484455,2026-10-01,,Hawk Ecommerce,Associate Product Manager,Gurgaon,,link,Hiring Manager,Product Recruiter,85,Fresh,q_wide_01,0-2y,False,Associate Product Manager opening at Hawk Ecommerce (Gurgaon). Direct application link: https://www.glassdoor.co.in/job-listing/j?jl=1010281484455
https://www.glassdoor.co.in/job-listing/j?jl=1010277718418,2026-09-29,,FourKites,Associate Product Manager / Product Manager — Over-the-Road Visibility,Chennai,,link,Hiring Manager,Product Recruiter,85,Fresh,q_wide_01,0-2y,False,Associate Product Manager / Product Manager — Over-the-Road Visibility opening at FourKites (Chennai). Direct application link: https://www.glassdoor.co.in/job-listing/j?jl=1010277718418
https://in.indeed.com/viewjob?jk=56e90d9ba5404344,2026-10-04,,Troop 360,Technical Product Manager,"KA, IN",,DM,Hiring Manager,Product Recruiter,85,Fresh,q_wide_01,Senior / All,False,"**Who Should Apply:** This role is ideal for candidates with 2+ years of software engineering experience and 1+ year of product management experience. If you're earlier in your product management journey and have at least 1 year of software development experience, check out our - Associate Technical Product Manager role, which is designed as the on-ramp into product management for technical talent.

**Job Summary:** As a Technical Product Manager, you’ll act as the bridge between business needs and engineering execution owning not just the “what” but also the “how.” You’ll be responsible for designing workflows, creating screen mockups, and making product decisions that align with scalable architecture and long-term platform principles. This is a 0-1 builder role, ideal for a technically strong PM who enjoys shaping system architecture, crafting product experiences, and collaborating closely with engineers to bring complex warehouse operations to life.

**Responsibilities:** Lead product discovery and development for Multichannel fulfillment platform which comprises these products: Warehouse Management System, Order Management System, Store Management System and Integrations Translate user workflows and enterprise SOPs into well-structured, scalable prototypes and UI mockups using tools like Cursor or vibe-based prototyping. Collaborate deeply with tech leads to make architectural trade-offs that balance configuration, performance, and maintainability. Take a strong stance against short-term feature requests that compromise architectural integrity or platform scalability. Own product documentation, PRDs, APIs, workflows, and screen flows, and ensure end-to-end clarity for engineering teams. Drive sprint planning, backlog grooming, and delivery in close coordination with engineering. Deliver internal and client demos, explaining product workflows to sales, customer success, and enterprise clients with clarity and confidence. Participate in roadmap planning, balancing new feature velocity with tech debt reduction and platform stability goals. Contribute to the design and rollout of AI-powered capabilities simplifying complex user journey.

**Requirements:** Mandatory Engineering Degree Mandatory minimum 2 years of software engineering experience in backend or full-stack development. Mandatory minimum 1 year of product management experience. Proficiency in writing PRDs, defining API contracts, and collaborating with developers on architecture and performance. Track record of owning product decisions independently in a SaaS, enterprise tech, or B2B platform environment. Comfort with creating UI mocks and workflow diagrams without a dedicated design team. Strong understanding of scalability, modular design, and technical debt management. Excellent written and verbal communication, able to present roadmaps, host demos, and align diverse stakeholders.

Pay: From ₹800,000.00 per year

Work Location: In person"
https://in.indeed.com/viewjob?jk=f8ca1a7b250083b5,2026-10-03,,Trikona Construction Consulting,Associate Product Manager,"Remote, IN",,DM,Hiring Manager,Product Recruiter,85,Fresh,q_wide_01,0-2y,False,"**Associate Product Manager — Platform & Operations**  
**ConstruWX | Courses | Careers | Connections**

**Job Details**

* **Experience:** 6–10 years of relevant experience
* **Fixed Salary:** ₹4–7 lakh per annum, based on experience and capability. Not a constraint for deserving candidates.
* **Reporting To:** **Founder — direct reporting**
* **Employment:** Full-time
* **Location:** Remote / Hybrid, depending on company setup
* **Schedule:** Day shift, Monday to Friday
* **Coding:** Not required

**About ConstruWX**

ConstruWX is building a construction talent ecosystem connecting students, professionals, colleges, employers, and industry experts through courses, careers, and professional communities.

Our platform brings together learning, memberships, webinars, recruitment, institutional groups, and user support across an interconnected WordPress Multisite ecosystem.

**Role Overview**

We are looking for a hands-on **Associate Product Manager** to manage platform operations, translate business requirements into actionable tasks, coordinate engineers, and ensure reliable feature delivery.

**You will report directly to the Founder**, who sets the product vision and business priorities. You will turn those priorities into clear requirements, configurations, test scenarios, and delivery schedules.

This role requires strong WordPress Multisite knowledge and the ability to understand complete user journeys across interconnected modules. Custom coding is handled by platform engineers.

**Key Responsibilities**

**1. WordPress Multisite Administration**

* Manage network-level and individual subsite configurations within a subdirectory-based WordPress Multisite setup.
* Understand network-activated versus site-specific plugins, shared users, site-level roles, permissions, and cross-site access.
* Configure pages, menus, plugin settings, shortcodes, and approved platform features.
* Maintain consistent user experiences across the main site and subsites.
* Assess the impact of configuration or plugin changes across the network before release.

**2. Platform Modules & Workflows**

Administer, configure, and test the following modules and their connected workflows:

ModuleOperational Scope**LifterLMS**Course and lesson structures, categories, quizzes, enrollments, learner progress, and access rules**BuddyPress**Member profiles, activity feeds, college/company groups, group membership, and moderation**Events Manager**Webinar and event listings, registrations, bookings, attendee records, and communications**WP Job Manager**Job listings, employer submissions, and connected candidate application workflows**Paid Memberships Pro**Membership levels, subscriptions, checkout, renewals, and membership-based access**myCRED**Points, earning rules, balances, and engagement workflows**Fluent Support**Support tickets, categorization, assignment, escalation, and resolution tracking**Registration & Access**LinkedIn login, first-time user onboarding, profile completion, and custom page/membership gating**Video & Media**Vimeo lesson playback and media delivery through WP Offload Media Lite and Amazon S3**Custom Platform Features**Placement workflows, certificate issuance and verification, profile integration, and issue reporting as these features are introduced

* Understand how actions in one module affect permissions, records, notifications, and user experiences elsewhere.
* Keep participation certificates separate from professional credentials in requirements and workflows.

**3. Product Requirements & Founder Coordination**

* Work directly with the Founder to clarify business requirements and agree priorities.
* Translate ideas into user stories, workflow descriptions, business rules, and measurable acceptance criteria.
* Maintain an organized product backlog with clear scope, ownership, dependencies, and deadlines.
* Identify gaps and usability problems; recommend practical improvements.
* Escalate decisions affecting scope, cost, priorities, or delivery commitments to the Founder.

**4. Engineer Coordination & Delivery Planning**

* Coordinate day-to-day work with a small team of platform engineers.
* Ensure engineers have complete requirements and clearly defined expected outcomes.
* Run brief progress reviews, track blockers, and verify completed work.
* Maintain rolling **1-week, 2-week, and 1-month look-ahead schedules**.
* Provide the Founder with a concise weekly update covering delivery progress, outstanding defects, risks, and decisions required.

**5. Hands-On Quality Assurance**

* Write and execute use cases, test cases, and end-to-end testing scenarios.
* Test journeys for students, professionals, college coordinators, employers, instructors, and administrators.
* Verify registration, login, memberships, payments, course access, event bookings, group access, job applications, and support workflows.
* Test failed transactions, expired access, incorrect permissions, duplicate submissions, and other exception scenarios.
* Conduct regression, mobile, and cross-browser checks on staging before release.
* Record bugs with reproduction steps, screenshots, severity, and expected versus actual results.
* Provide functional acceptance against agreed criteria and perform post-release checks.

**6. Connected Architecture & Reliability**

* Understand the operational relationship between the **Next.js front end and WordPress back end**, including Cloudflare-hosted front-end delivery and API-driven workflows.
* Coordinate checks for caching, content synchronization, authentication, media delivery, and integration failures.
* Monitor available uptime, performance, error, and transaction dashboards.
* Coordinate incident investigation and resolution with engineers.
* Track plugin updates, compatibility issues, security alerts, and maintenance activities.
* Confirm backup and rollback readiness with engineers before significant releases.

Engineers remain responsible for custom code, technical deployment, server administration, and infrastructure remediation.

**7. Documentation, Support & Improvement**

* Maintain configuration records, module inventories, operating procedures, test repositories, and release notes.
* Help internal teams use platform features correctly.
* Review support tickets to identify recurring issues and improvement opportunities.
* Track agreed indicators such as registration completion, enrollment success, booking success, unresolved defects, and support resolution times.

**Required Skills & Experience**

* **4–7 years of relevant experience** across platform operations, WordPress administration, product delivery, QA, or technical project coordination.
* **Strong hands-on WordPress Multisite knowledge is essential**, including network administration, subsites, shared users, roles, and plugin activation scope.
* Practical experience administering an LMS, membership, community, recruitment, or comparable multi-module platform.
* Ability to configure features through administration interfaces without relying on developers for every routine change.
* Strong testing discipline and experience documenting requirements, acceptance criteria, and reproducible bugs.
* Experience coordinating developers and managing work through tools such as Jira, Trello, Asana, or ClickUp.
* Working understanding of APIs, databases, DNS, caching, staging, production, backups, and access control.
* Clear written communication, structured planning, attention to detail, and consistent follow-through.

**Preferred Experience**

* Direct experience with several of the plugins listed above, particularly **LifterLMS, BuddyPress, WooCommerce, and Paid Memberships Pro**.
* WordPress Multisite platforms connected to a separate front end.
* Payment gateways, transactional emails, LinkedIn authentication, Zoom, Vimeo, and Amazon S3.
* Familiarity with hosting dashboards and concepts such as Docker, Portainer, Nginx, MariaDB, and Redis.
* Experience in education, professional learning, recruitment, or community platforms.

**What Success Looks Like**

* The Founder’s priorities become clear, actionable delivery plans.
* Engineers receive complete requirements and timely clarification.
* Platform configurations and user access work consistently across sites.
* Critical user journeys are tested before and after releases.
* Issues are tracked through verified resolution.
* Users can reliably learn, participate, connect, and access career opportunities.

**This is a hands-on product and platform role requiring operational ownership, strong testing discipline, and close collaboration with the Founder.**

Pay: ₹400,000.00 - ₹700,000.00 per year

Benefits:

* Flexible schedule
* Work from home

Application Question(s):

* Please write in no less than 1000 words how your cv is relevant to this position. Automatic reject if not mentioned. Thanks for understanding
* Please describe your experience in working in a startup environment in as much detail as possible

Education:

* Bachelor's (Preferred)

Experience:

* Product management: 5 years (Required)
* Software development: 10 years (Required)
* Product demos: 3 years (Preferred)
* Platform Management: 3 years (Required)
* Startup: 5 years (Preferred)

Work Location: Remote"
https://in.indeed.com/viewjob?jk=2499d0389f1d9c60,2026-10-01,,U.S. Pharmacopeia,Associate Product Manager/Product Manager (Reference Standards),"TS, IN",,DM,Hiring Manager,Product Recruiter,85,Fresh,q_wide_01,0-2y,False,"**Description**

**Who is USP?**

The U.S. Pharmacopeial Convention (USP) is an independent scientific organization that collaborates with the world’s leading health and science experts to develop rigorous quality standards for medicines, dietary supplements, and food ingredients. At USP, we believe that scientific excellence is driven by a commitment to fairness, integrity, and global collaboration. This belief is embedded in our core value of Passion for Quality and is demonstrated through the contributions of more than 1,300 professionals across twenty global locations, working to strengthen the supply of safe, high-quality medicines worldwide.

At USP, we value inclusive scientific collaboration and recognize that attracting diverse expertise strengthens our ability to develop trusted public health standards. We foster an organizational culture that supports equitable access to mentorship, professional development, and leadership opportunities. Our partnerships, standards, and research reflect our belief that ensuring broad participation in scientific leadership results in stronger, more impactful outcomes for global health.

USP is proud to be an equal employment opportunity employer (EEOE) and is committed to ensuring fair, merit-based selection processes that enable the best scientific minds—regardless of background—to contribute to advancing public health solutions worldwide. We provide reasonable accommodations to individuals with disabilities and uphold policies that create an inclusive and collaborative work environment.

**Brief Job Overview**

As part of the USP Programs, Regions, Operations, and Strategy (PROpS) Division, the Reference Standards Product Manager leads the development and management of the Small Molecules, Complex Generics, and General Chapters portfolio of reference standards. The Product Management function is responsible for overseeing the full product lifecycle (development to discontinuation), understanding key industry trends, applying data-driven and analytic decision making and making customer-focused recommendations that drive product portfolio growth. This role is an individual contributor who will be responsible for implementation of projects and processes that enable decisions about new and existing products. Core activities will also include the development of prioritization, forecasting, and financial models that enhance product mix, optimization and overall performance. This is a highly collaborative role that will be expected to work globally across the organization including Science, Operations, Sales, Regions, Pricing, Trade Compliance, and Marketing. As a product manager, this role will drive product strategy, lead cross-functional teams in planning product roadmaps, discount and promotion strategies and ensure the successful launch and growth of innovative, high-quality standards and solutions to drive USP’s mission and vision of improving global health.

**How will YOU create impact here at USP?**

As part of our mission to advance scientific rigor and public health standards, you will play a vital role in increasing global access to high-quality medicines through public standards and related programs. USP prioritizes scientific integrity, regulatory excellence, and evidence-based decision-making to ensure health systems worldwide can rely on strong, tested, and globally relevant quality standards.

Additionally, USP’s People and Culture division, in partnership with the Equity Office, invests in leadership and workforce development to equip all employees with the skills to create high-performing, inclusive teams. This includes training in equitable management practices and tools to promote engaged, collaborative, and results-driven work environments.

The Reference Standards Product Manager has the following responsibilities:

* Item forecasting, pricing, and margin analysis
* Develop and present business case and supporting rationale for new and existing items
* Stays abreast of industry and market trends and key competitive intelligence to drive product strategies.
* Lead pipeline prioritization efforts, aligning pipeline to segment value and organizational strategies/prioritization
* Work with Industry Programs, Science and Operations, and others to facilitate new product launches
* Support Industry Programs, Regional and Sales staff in new product training and related customer solutions
* Support continuous improvement of forecasting and product performance against key success metrics
* Manage product mix and optimization for selection and discontinuation of products that enhance profitability
* Identify new product opportunities based on customer needs, feedback, and strategic insights
* Work collaboratively with Marketing, Sales, and Regions to launch and monitor feedback and uptake of items
* Maintain and update product roadmaps to meet targeted product pipeline and growth goals.

**Who is USP Looking For?**

The successful candidate will have a demonstrated understanding of our mission, commitment to excellence through inclusive and equitable behaviors and practices, ability to quickly build credibility with stakeholders, along with the following competencies and experience:

* Bachelor’s/Master’s degree in business, Marketing or Science fields with a MBA Degree.
* Minimum three (3) to seven (7) years of professional experience in Pharmaceutical industry or related field
* At least one (1) to two (2) years managing large product portfolios across B2B and/or B2C companies and managing high performance cross-functional teams.
* Experience with financial analysis, forecasting, data and analytical tools
* Strong quantitative and critical thinking skills with ability to handle complexity and drive data-driven solutions.
* Ability to develop and present dashboards, templates and business cases supported by strong rationale, customer insights and business growth goals.
* Self-starter and highly self-motivated, assumes personal accountability for results and performance.
* Working knowledge of syndicated data and analysis, such as IQVIA, Cortellis, Dailymed, etc
* Knowledge of Microsoft Word, Excel, PowerPoint
* Strong written and verbal communication and cross-functional collaboration skills

**Supervisory Responsibilities**

None, this is an individual contributor role.

**Benefits**

USP provides the benefits to protect yourself and your family today and tomorrow. From company-paid time off and comprehensive healthcare options to retirement savings, you can have peace of mind that your personal and financial well-being is protected.

Note: USP does not accept unsolicited resumes from 3rd party recruitment agencies and is not responsible for fees from recruiters or other agencies except under specific written agreement with USP.

**Job Category** Technical Programs

**Job Type** Full-Time"
https://www.instahyre.com/job-442264-associate-product-manager-at-hyperface-bangalore/,2026-10-05,,Hyperface,Associate Product Manager,"India, India",,link,Hiring Manager,Product Recruiter,85,Fresh,q_wide_01,0-2y,False,"Associate Product Manager opening at Hyperface (India, India). Direct application link: https://www.instahyre.com/job-442264-associate-product-manager-at-hyperface-bangalore/"
https://www.instahyre.com/job-435987-associate-product-manager-at-neufin-bangalore/,2026-10-05,,Neufin,Associate Product Manager,"India, India",,link,Hiring Manager,Product Recruiter,85,Fresh,q_wide_01,0-2y,False,"Associate Product Manager opening at Neufin (India, India). Direct application link: https://www.instahyre.com/job-435987-associate-product-manager-at-neufin-bangalore/"
https://www.instahyre.com/job-436080-associate-product-manager-at-greyorange-2-gurgaon/,2026-10-05,,GreyOrange,Associate Product Manager,"India, India",,link,Hiring Manager,Product Recruiter,85,Fresh,q_wide_01,0-2y,False,"Associate Product Manager opening at GreyOrange (India, India). Direct application link: https://www.instahyre.com/job-436080-associate-product-manager-at-greyorange-2-gurgaon/"
https://www.instahyre.com/job-443992-associate-product-manager-at-capslock-bangalore/,2026-10-05,,CapsLock,Associate Product Manager,"India, India",,link,Hiring Manager,Product Recruiter,85,Fresh,q_wide_01,0-2y,False,"Associate Product Manager opening at CapsLock (India, India). Direct application link: https://www.instahyre.com/job-443992-associate-product-manager-at-capslock-bangalore/"
https://www.instahyre.com/job-443997-associate-product-manager-at-capslock-bangalore/,2026-10-05,,CapsLock,Associate Product Manager,"India, India",,link,Hiring Manager,Product Recruiter,85,Fresh,q_wide_01,0-2y,False,"Associate Product Manager opening at CapsLock (India, India). Direct application link: https://www.instahyre.com/job-443997-associate-product-manager-at-capslock-bangalore/"
https://www.instahyre.com/job-423855-associate-product-manager-at-birla-pivot-bangalore/,2026-10-05,,Birla Pivot,Associate Product Manager,"India, India",,link,Hiring Manager,Product Recruiter,85,Fresh,q_wide_01,0-2y,False,"Associate Product Manager opening at Birla Pivot (India, India). Direct application link: https://www.instahyre.com/job-423855-associate-product-manager-at-birla-pivot-bangalore/"
https://www.instahyre.com/job-436488-associate-product-manager-at-magtapp-technologies-bangalore/,2026-10-05,,MagTapp Technologies,Associate Product Manager,"India, India",,link,Hiring Manager,Product Recruiter,85,Fresh,q_wide_01,0-2y,False,"Associate Product Manager opening at MagTapp Technologies (India, India). Direct application link: https://www.instahyre.com/job-436488-associate-product-manager-at-magtapp-technologies-bangalore/"
https://www.instahyre.com/job-420276-associate-product-manager-at-risa-labs-bangalore/,2026-10-05,,RISA Labs,Associate Product Manager,"India, India",,link,Hiring Manager,Product Recruiter,85,Fresh,q_wide_01,0-2y,False,"Associate Product Manager opening at RISA Labs (India, India). Direct application link: https://www.instahyre.com/job-420276-associate-product-manager-at-risa-labs-bangalore/"
https://www.instahyre.com/job-415037-associate-product-manager-at-gullak-2-bangalore/,2026-10-05,,Gullak,Associate Product Manager,"India, India",,link,Hiring Manager,Product Recruiter,85,Fresh,q_wide_01,0-2y,False,"Associate Product Manager opening at Gullak (India, India). Direct application link: https://www.instahyre.com/job-415037-associate-product-manager-at-gullak-2-bangalore/"
https://www.instahyre.com/job-419147-associate-product-manager-at-cimet-jaipur/,2026-10-05,,CIMET,Associate Product Manager,"India, India",,link,Hiring Manager,Product Recruiter,85,Fresh,q_wide_01,0-2y,False,"Associate Product Manager opening at CIMET (India, India). Direct application link: https://www.instahyre.com/job-419147-associate-product-manager-at-cimet-jaipur/"
https://www.instahyre.com/job-413012-associate-product-manager-at-cimet-gurgaon-jaipur/,2026-10-05,,CIMET,Associate Product Manager,"India, India",,link,Hiring Manager,Product Recruiter,85,Fresh,q_wide_01,0-2y,False,"Associate Product Manager opening at CIMET (India, India). Direct application link: https://www.instahyre.com/job-413012-associate-product-manager-at-cimet-gurgaon-jaipur/"
https://www.instahyre.com/job-437879-associate-product-manager-at-aditya-birla-group-bangalore/,2026-10-05,,Aditya Birla Group,Associate Product Manager,"India, India",,link,Hiring Manager,Product Recruiter,85,Fresh,q_wide_01,0-2y,False,"Associate Product Manager opening at Aditya Birla Group (India, India). Direct application link: https://www.instahyre.com/job-437879-associate-product-manager-at-aditya-birla-group-bangalore/"
https://www.instahyre.com/job-434926-associate-product-manager-at-coversure-mumbai/,2026-10-05,,CoverSure,Associate Product Manager,"India, India",,link,Hiring Manager,Product Recruiter,85,Fresh,q_wide_01,0-2y,False,"Associate Product Manager opening at CoverSure (India, India). Direct application link: https://www.instahyre.com/job-434926-associate-product-manager-at-coversure-mumbai/"
https://www.instahyre.com/job-415859-associate-product-manager-at-risa-labs-bangalore/,2026-10-05,,RISA Labs,Associate Product Manager,"India, India",,link,Hiring Manager,Product Recruiter,85,Fresh,q_wide_01,0-2y,False,"Associate Product Manager opening at RISA Labs (India, India). Direct application link: https://www.instahyre.com/job-415859-associate-product-manager-at-risa-labs-bangalore/"
https://www.instahyre.com/job-428074-associate-product-manager-at-infinity-learn-hyderabad/,2026-10-05,,Infinity Learn,Associate Product Manager,"India, India",,link,Hiring Manager,Product Recruiter,85,Fresh,q_wide_01,0-2y,False,"Associate Product Manager opening at Infinity Learn (India, India). Direct application link: https://www.instahyre.com/job-428074-associate-product-manager-at-infinity-learn-hyderabad/"
https://www.instahyre.com/job-425365-associate-product-manager-at-risa-labs-bangalore/,2026-10-05,,RISA Labs,Associate Product Manager,"India, India",,link,Hiring Manager,Product Recruiter,85,Fresh,q_wide_01,0-2y,False,"Associate Product Manager opening at RISA Labs (India, India). Direct application link: https://www.instahyre.com/job-425365-associate-product-manager-at-risa-labs-bangalore/"
https://www.instahyre.com/job-414934-associate-product-manager-at-sharechat-bangalore/,2026-10-05,,ShareChat,Associate Product Manager,"India, India",,link,Hiring Manager,Product Recruiter,85,Fresh,q_wide_01,0-2y,False,"Associate Product Manager opening at ShareChat (India, India). Direct application link: https://www.instahyre.com/job-414934-associate-product-manager-at-sharechat-bangalore/"
https://www.instahyre.com/job-442713-associate-product-manager-at-binocs-2-bangalore/,2026-10-05,,Binocs.co,Associate Product Manager,"India, India",,link,Hiring Manager,Product Recruiter,85,Fresh,q_wide_01,0-2y,False,"Associate Product Manager opening at Binocs.co (India, India). Direct application link: https://www.instahyre.com/job-442713-associate-product-manager-at-binocs-2-bangalore/"
https://www.instahyre.com/job-439350-associate-product-manager-at-thumpn-mumbai/,2026-10-05,,thumpN,Associate Product Manager,"India, India",,link,Hiring Manager,Product Recruiter,85,Fresh,q_wide_01,0-2y,False,"Associate Product Manager opening at thumpN (India, India). Direct application link: https://www.instahyre.com/job-439350-associate-product-manager-at-thumpn-mumbai/"
https://www.instahyre.com/job-426498-associate-product-manager-at-infinity-learn-hyderabad/,2026-10-05,,Infinity Learn,Associate Product Manager,"India, India",,link,Hiring Manager,Product Recruiter,85,Fresh,q_wide_01,0-2y,False,"Associate Product Manager opening at Infinity Learn (India, India). Direct application link: https://www.instahyre.com/job-426498-associate-product-manager-at-infinity-learn-hyderabad/"
https://www.instahyre.com/job-443596-associate-product-manager-growth-at-capslock-bangalore/,2026-10-05,,CapsLock,Associate Product Manager - Growth,"India, India",,link,Hiring Manager,Product Recruiter,85,Fresh,q_wide_01,0-2y,False,"Associate Product Manager - Growth opening at CapsLock (India, India). Direct application link: https://www.instahyre.com/job-443596-associate-product-manager-growth-at-capslock-bangalore/"
https://www.instahyre.com/job-437683-associate-product-manager-ai-at-bitscale-delhi-gurgaon-noida/,2026-10-05,,BitScale,Associate Product Manager - AI,"India, India",,link,Hiring Manager,Product Recruiter,85,Fresh,q_wide_01,0-2y,False,"Associate Product Manager - AI opening at BitScale (India, India). Direct application link: https://www.instahyre.com/job-437683-associate-product-manager-ai-at-bitscale-delhi-gurgaon-noida/"
https://www.instahyre.com/job-438673-associate-product-manager-ai-at-bitscale-gurgaon/,2026-10-05,,BitScale,Associate Product Manager - AI,"India, India",,link,Hiring Manager,Product Recruiter,85,Fresh,q_wide_01,0-2y,False,"Associate Product Manager - AI opening at BitScale (India, India). Direct application link: https://www.instahyre.com/job-438673-associate-product-manager-ai-at-bitscale-gurgaon/"
https://www.linkedin.com/jobs/view/4473609711,2026-10-05,,M2P Fintech,Associate Product Manager - Payments,Chennai,,link,Hiring Manager,Product Recruiter,85,Fresh,q_wide_01,0-2y,False,Associate Product Manager - Payments opening at M2P Fintech (Chennai). Direct application link: https://www.linkedin.com/jobs/view/4473609711
https://www.linkedin.com/jobs/view/4474249809,2026-10-05,,Tesco Bengaluru,Associate Product Manager,Bengaluru,,link,Hiring Manager,Product Recruiter,85,Fresh,q_wide_01,0-2y,False,Associate Product Manager opening at Tesco Bengaluru (Bengaluru). Direct application link: https://www.linkedin.com/jobs/view/4474249809
https://www.linkedin.com/jobs/view/4474245956,2026-10-05,,Tesco Technology,Associate Product Manager,Bengaluru,,link,Hiring Manager,Product Recruiter,85,Fresh,q_wide_01,0-2y,False,Associate Product Manager opening at Tesco Technology (Bengaluru). Direct application link: https://www.linkedin.com/jobs/view/4474245956
https://www.linkedin.com/jobs/view/4473622067,2026-10-05,,ZILLOUT,Associate Product Manager (APM),India,,link,Hiring Manager,Product Recruiter,85,Fresh,q_wide_01,0-2y,False,Associate Product Manager (APM) opening at ZILLOUT (India). Direct application link: https://www.linkedin.com/jobs/view/4473622067
https://www.linkedin.com/jobs/view/4475540368,2026-10-05,,Flexiple,Associate Product Manager,India,,link,Hiring Manager,Product Recruiter,85,Fresh,q_wide_01,0-2y,False,Associate Product Manager opening at Flexiple (India). Direct application link: https://www.linkedin.com/jobs/view/4475540368
https://www.linkedin.com/jobs/view/4473844876,2026-10-03,,AIMLEAP,Associate Product Manager,Bengaluru,,link,Hiring Manager,Product Recruiter,85,Fresh,q_wide_01,0-2y,False,Associate Product Manager opening at AIMLEAP (Bengaluru). Direct application link: https://www.linkedin.com/jobs/view/4473844876
https://www.linkedin.com/jobs/view/4472876077,2026-10-02,,Jobgether,Associate Product Manager / Product Manager — Over-the-Road Visibility,India,,link,Hiring Manager,Product Recruiter,85,Fresh,q_wide_01,0-2y,False,Associate Product Manager / Product Manager — Over-the-Road Visibility opening at Jobgether (India). Direct application link: https://www.linkedin.com/jobs/view/4472876077
https://www.linkedin.com/jobs/view/4472516899,2026-10-01,,Navi,Associate Product Manager,Bengaluru,,link,Hiring Manager,Product Recruiter,85,Fresh,q_wide_01,0-2y,False,Associate Product Manager opening at Navi (Bengaluru). Direct application link: https://www.linkedin.com/jobs/view/4472516899
https://www.linkedin.com/jobs/view/4472524759,2026-10-01,,SBNRI,Associate Product Manager,Gurugram,,link,Hiring Manager,Product Recruiter,85,Fresh,q_wide_01,0-2y,False,Associate Product Manager opening at SBNRI (Gurugram). Direct application link: https://www.linkedin.com/jobs/view/4472524759
https://www.linkedin.com/jobs/view/4474125624,2026-10-01,,greytHR,Associate Product Manager,Bengaluru,,link,Hiring Manager,Product Recruiter,85,Fresh,q_wide_01,0-2y,False,Associate Product Manager opening at greytHR (Bengaluru). Direct application link: https://www.linkedin.com/jobs/view/4474125624
https://www.linkedin.com/jobs/view/4455776575,2026-10-01,,MakeMyTrip,Associate Product Manager (Flights),Gurgaon,,link,Hiring Manager,Product Recruiter,85,Fresh,q_wide_01,0-2y,False,Associate Product Manager (Flights) opening at MakeMyTrip (Gurgaon). Direct application link: https://www.linkedin.com/jobs/view/4455776575
https://www.linkedin.com/jobs/view/4446338591,2026-10-01,,MakeMyTrip,Associate Product Manager (MyBiz),Gurgaon,,link,Hiring Manager,Product Recruiter,85,Fresh,q_wide_01,0-2y,False,Associate Product Manager (MyBiz) opening at MakeMyTrip (Gurgaon). Direct application link: https://www.linkedin.com/jobs/view/4446338591
https://www.linkedin.com/jobs/view/4474321581,2026-10-01,,USP,Associate Product Manager/Product Manager (Reference Standards),Hyderabad,,link,Hiring Manager,Product Recruiter,85,Fresh,q_wide_01,0-2y,False,Associate Product Manager/Product Manager (Reference Standards) opening at USP (Hyderabad). Direct application link: https://www.linkedin.com/jobs/view/4474321581
https://www.linkedin.com/jobs/view/4472924181,2026-10-01,,peopleHum,Associate Product Manager,Bengaluru,,link,Hiring Manager,Product Recruiter,85,Fresh,q_wide_01,0-2y,False,Associate Product Manager opening at peopleHum (Bengaluru). Direct application link: https://www.linkedin.com/jobs/view/4472924181
https://www.linkedin.com/jobs/view/4472171579,2026-09-30,,Flick TV,Associate Product Manager,Bengaluru,,link,Hiring Manager,Product Recruiter,85,Fresh,q_wide_01,0-2y,False,Associate Product Manager opening at Flick TV (Bengaluru). Direct application link: https://www.linkedin.com/jobs/view/4472171579
https://www.linkedin.com/jobs/view/4472307965,2026-09-30,,Swish,Associate Product Manager,Bengaluru,,link,Hiring Manager,Product Recruiter,85,Fresh,q_wide_01,0-2y,False,Associate Product Manager opening at Swish (Bengaluru). Direct application link: https://www.linkedin.com/jobs/view/4472307965
https://www.linkedin.com/jobs/view/4472503647,2026-09-30,,Improzo,Associate Product Manager (APM),Pune Division,,link,Hiring Manager,Product Recruiter,85,Fresh,q_wide_01,0-2y,False,Associate Product Manager (APM) opening at Improzo (Pune Division). Direct application link: https://www.linkedin.com/jobs/view/4472503647
https://www.linkedin.com/jobs/view/4472304801,2026-09-30,,LoansJagat,Associate Product Manager (AI),"Noida, Uttar Pradesh, India",,link,Hiring Manager,Product Recruiter,85,Fresh,q_wide_01,0-2y,False,"Associate Product Manager (AI) opening at LoansJagat (Noida, Uttar Pradesh, India). Direct application link: https://www.linkedin.com/jobs/view/4472304801"
https://www.linkedin.com/jobs/view/4473250084,2026-09-29,,"FourKites, Inc.",Associate Product Manager / Product Manager — Over-the-Road Visibility,Greater Chennai Area,,link,Hiring Manager,Product Recruiter,85,Fresh,q_wide_01,0-2y,False,"Associate Product Manager / Product Manager — Over-the-Road Visibility opening at FourKites, Inc. (Greater Chennai Area). Direct application link: https://www.linkedin.com/jobs/view/4473250084"
https://www.linkedin.com/jobs/view/4473083909,2026-09-29,,Leadrat Real Estate CRM - Dubai | India,Associate Product Owner,Greater Hyderabad Area,,link,Hiring Manager,Product Recruiter,85,Fresh,q_wide_01,0-2y,False,Associate Product Owner opening at Leadrat Real Estate CRM - Dubai | India (Greater Hyderabad Area). Direct application link: https://www.linkedin.com/jobs/view/4473083909
https://www.linkedin.com/jobs/view/4472740400,2026-09-29,,IDfy,Associate Product Manager 2,Mumbai Metropolitan Region,,link,Hiring Manager,Product Recruiter,85,Fresh,q_wide_01,0-2y,False,Associate Product Manager 2 opening at IDfy (Mumbai Metropolitan Region). Direct application link: https://www.linkedin.com/jobs/view/4472740400
https://www.linkedin.com/jobs/view/4473268547,2026-09-29,,Glomo,Associate Product Manager / Product Manager,Bengaluru,,link,Hiring Manager,Product Recruiter,85,Fresh,q_wide_01,0-2y,False,Associate Product Manager / Product Manager opening at Glomo (Bengaluru). Direct application link: https://www.linkedin.com/jobs/view/4473268547
https://www.linkedin.com/jobs/view/4471524739,2026-09-28,,Cite AI,Associate Product Manager,Bengaluru,,link,Hiring Manager,Product Recruiter,85,Archived,q_wide_01,0-2y,False,Associate Product Manager opening at Cite AI (Bengaluru). Direct application link: https://www.linkedin.com/jobs/view/4471524739
https://www.naukri.com/job-listings-product-manager-narayana-hrudayalaya-private-limited-bengaluru-2-to-5-years-051026017023,2026-10-05,,Narayana Health (NH),Product Manager,"Bengaluru, India",,link,Hiring Manager,Product Recruiter,85,Fresh,q_wide_01,Senior / All,False,"Product Manager opening at Narayana Health (NH) (Bengaluru, India). Direct application link: https://www.naukri.com/job-listings-product-manager-narayana-hrudayalaya-private-limited-bengaluru-2-to-5-years-051026017023"
https://www.naukri.com/job-listings-associate-product-manager-qrata-bengaluru-0-to-3-years-011026019604,2026-10-01,,Qrata,Associate Product Manager,"Bengaluru, India",,link,Hiring Manager,Product Recruiter,85,Fresh,q_wide_01,0-2y,False,"Associate Product Manager opening at Qrata (Bengaluru, India). Direct application link: https://www.naukri.com/job-listings-associate-product-manager-qrata-bengaluru-0-to-3-years-011026019604"
https://www.naukri.com/job-listings-product-manager-business-banking-smb-client-frontline-experiences-jp-morgan-and-chase-hyderabad-5-to-10-years-011026501917,2026-10-01,,JPMorgan Chase Bank,Product Manager - Business Banking -SMB Client & Frontline Experiences,"Hyderabad, India",,link,Hiring Manager,Product Recruiter,85,Fresh,q_wide_01,Senior / All,False,"Product Manager - Business Banking -SMB Client & Frontline Experiences opening at JPMorgan Chase Bank (Hyderabad, India). Direct application link: https://www.naukri.com/job-listings-product-manager-business-banking-smb-client-frontline-experiences-jp-morgan-and-chase-hyderabad-5-to-10-years-011026501917"
https://www.naukri.com/job-listings-associate-product-manager-pvkl-tech-services-pvt-ltd-pune-2-to-7-years-300926025998,2026-09-30,,PVKL Tech Services Pvt Ltd,Associate Product Manager,"Pune, India",,link,Hiring Manager,Product Recruiter,85,Fresh,q_wide_01,0-2y,False,"Associate Product Manager opening at PVKL Tech Services Pvt Ltd (Pune, India). Direct application link: https://www.naukri.com/job-listings-associate-product-manager-pvkl-tech-services-pvt-ltd-pune-2-to-7-years-300926025998"
https://www.naukri.com/job-listings-associate-product-manager-incresco-bengaluru-12-to-17-years-300926504635,2026-09-30,,Incresco Technology Solutions,Associate Product Manager,"Bengaluru, India",,link,Hiring Manager,Product Recruiter,85,Fresh,q_wide_01,0-2y,False,"Associate Product Manager opening at Incresco Technology Solutions (Bengaluru, India). Direct application link: https://www.naukri.com/job-listings-associate-product-manager-incresco-bengaluru-12-to-17-years-300926504635"
https://www.naukri.com/job-listings-associate-product-manager-product-manager-fourkites-chennai-5-to-10-years-300926504204,2026-09-30,,Fourkites,Associate Product Manager / Product Manager,"Chennai, India",,link,Hiring Manager,Product Recruiter,85,Fresh,q_wide_01,0-2y,False,"Associate Product Manager / Product Manager opening at Fourkites (Chennai, India). Direct application link: https://www.naukri.com/job-listings-associate-product-manager-product-manager-fourkites-chennai-5-to-10-years-300926504204"
https://www.naukri.com/job-listings-associate-product-manager-pvkl-tech-services-pvt-ltd-pune-2-to-7-years-290926030276,2026-09-29,,PVKL Tech Services Pvt Ltd,Associate Product Manager,"Pune(Balewadi), India",,link,Hiring Manager,Product Recruiter,85,Fresh,q_wide_01,0-2y,False,"Associate Product Manager opening at PVKL Tech Services Pvt Ltd (Pune(Balewadi), India). Direct application link: https://www.naukri.com/job-listings-associate-product-manager-pvkl-tech-services-pvt-ltd-pune-2-to-7-years-290926030276"
https://www.naukri.com/job-listings-associate-product-manager-rubiscape-pune-3-to-6-years-290926504216,2026-09-29,,Rubiscape,Associate Product Manager,"Pune, India",,link,Hiring Manager,Product Recruiter,85,Fresh,q_wide_01,0-2y,False,"Associate Product Manager opening at Rubiscape (Pune, India). Direct application link: https://www.naukri.com/job-listings-associate-product-manager-rubiscape-pune-3-to-6-years-290926504216"
https://www.naukri.com/job-listings-associate-product-manager-data-compliance-mudrex-bengaluru-2-to-3-years-280926501716,2026-09-28,,Mudrex,Associate Product Manager (Data & Compliance),"Bengaluru, India",,link,Hiring Manager,Product Recruiter,85,Archived,q_wide_01,0-2y,False,"Associate Product Manager (Data & Compliance) opening at Mudrex (Bengaluru, India). Direct application link: https://www.naukri.com/job-listings-associate-product-manager-data-compliance-mudrex-bengaluru-2-to-3-years-280926501716"
https://www.naukri.com/job-listings-associate-product-manager-intern-yms-kaleris-chennai-0-to-1-years-290926502250,nan,,Kaleris,Associate Product Manager Intern - YMS,"Chennai, India",,link,Hiring Manager,Product Recruiter,85,Fresh,q_wide_01,0-2y,False,"Associate Product Manager Intern - YMS opening at Kaleris (Chennai, India). Direct application link: https://www.naukri.com/job-listings-associate-product-manager-intern-yms-kaleris-chennai-0-to-1-years-290926502250"
https://www.glassdoor.co.in/job-listing/j?jl=1010277251307,2026-09-29,,Bosch Group,RBIN Product Manager - Filters & Portfolio Goods - Assistant Manager,Bengaluru,,link,Hiring Manager,Product Recruiter,85,Fresh,q_wide_01,Senior / All,False,RBIN Product Manager - Filters & Portfolio Goods - Assistant Manager opening at Bosch Group (Bengaluru). Direct application link: https://www.glassdoor.co.in/job-listing/j?jl=1010277251307
https://in.indeed.com/viewjob?jk=27389a3bdb6cac0d,2026-09-29,,Glomopay,Associate Product Manager / Product Manager,"KA, IN",,DM,Hiring Manager,Product Recruiter,85,Fresh,q_wide_01,0-2y,False,"**About Glomo**
---------------

Glomo is the regulated infrastructure layer that financial platforms build on for cross-border money movement out of India. We hold the licences, the bank integrations, the compliance engine and the settlement rails, and run them behind our clients' own brands.

Brokers, wealth platforms, AMCs, exporters and other businesses use Glomo to onboard their customers, run KYC and compliance checks, move and settle funds across borders, and reconcile it all back into their own systems. Our products span LRS remittances, global investing, card issuance and treasury.

Glomo is regulated by IFSCA through its GIFT City entity. Compliance is part of the product, and every PM here treats it that way.

**The role**
------------

We are hiring an Associate Product Manager / Product Manager, reporting directly to the founders. Level depends on experience.

This is a business product role. At Glomo, PMs sell: you will be in the room with merchants from the first conversation, and you will be accountable for the deal as much as the spec. You are not a feature desk for the sales team. You understand the customer well enough to decide what we should build for them, and what we should not.

You will join sales calls and demos, bring what you learn back to the product team, help shape the roadmap with them, write specs for the features you own, ship them with engineering, and take merchants live.

**What you'll do**
------------------

* **Sell.** Run discovery and demos, map a merchant's needs onto Glomo's products, and work with sales to close.
* **Shape the roadmap.** Bring merchant feedback and market insight to the product team, and work with them to prioritise what we build.
* **Write and ship.** Turn merchant needs into clear PRDs and user flows for the features you own. Work with engineering and design through launch.
* **Take merchants live.** Drive integration and onboarding, and unblock issues across ops, compliance and the merchant's own team.
* **Track adoption.** Watch usage and conversion, find where users drop off, and fix it.
* **Work inside the rules.** Partner with compliance, legal and risk so products meet IFSCA and FEMA/LRS requirements from day one.

**What we're looking for**
--------------------------

* 2+ years of work experience, including a client-facing sales role: account executive, inside sales, pre-sales or enterprise BD, preferably selling software or tech.
* MBA from a premier Indian business school.
* You can run a discovery call and a demo, handle objections, and manage a client relationship.
* Structured thinking and clear writing. You can turn a messy customer problem into a simple spec.
* Comfortable with data: Excel, and ideally basic SQL, to read a funnel and size an opportunity.
* You use AI tools effectively in your day-to-day work, for research, analysis, writing specs and prototyping, and you know where they fall short.
* Curious about how technical products work, and able to hold a conversation with engineers about APIs and integrations.
* You move fast, take ownership, and follow through without being chased.

**Good to have**
----------------

* Experience in financial services: banking, payments, fintech, broking, wealth management or mutual funds.
* Exposure to cross-border payments, or working knowledge of LRS, FEMA or KYC/AML.
* A product internship or prior product stint.
* Early-stage startup experience.
* An engineering undergraduate degree.

**Why Glomo**
-------------

* Work directly with the founders on a small team.
* Own real merchant relationships and real product outcomes from your first month.
* Build regulated cross-border infrastructure that brokers, AMCs and payment platforms run on."
https://in.indeed.com/viewjob?jk=6aad7f689a4411ca,2026-09-29,,Bosch,RBIN Product Manager - Filters & Portfolio Goods - Assistant Manager,"KA, IN",,link,Hiring Manager,Product Recruiter,85,Fresh,q_wide_01,Senior / All,False,"**Company Description**

In India, Bosch is a leading supplier of technology and services in the areas of Mobility Solutions, Industrial Technology, Consumer Goods, and Energy and Building Technology. Additionally, Bosch has in India the largest development center outside Germany, for end-to-end engineering and technology solutions. The Bosch Group operates in India through twelve companies: Bosch Limited – the flagship company of the Bosch Group in India – Bosch Chassis Systems India Private Limited, Bosch Rexroth (India) Private Limited, Bosch Global Software Technologies, Bosch Automotive Electronics India Private Limited, Bosch Electrical Drives India Private Limited, BSH Home Appliances Private Limited, ETAS Automotive India Private Limited, Robert Bosch Automotive Steering Private Limited, Automobility Services and Solutions Private Limited, Newtech Filter India Private Limited and Mivin Engg. Technologies Private Limited. In India, Bosch set-up its manufacturing operation in 1951, which has grown over the years to include 16 manufacturing sites, and seven development and application centers. The Bosch Group in India employs over 30,500 associates and generated consolidated sales of about Rs. 26,827 crores (3.1 billion euros) in fiscal year 2021-22 of which Rs. 24,406 crores (2.8 billion euros) are from consolidated sales to third parties. Bosch Limited is the flagship company of the Bosch Group. It earned revenue of over Rs. 11,782 crores (1.39 billion euros) in fiscal year 2021-22.  
Additional information can be accessed at www.bosch.in Mobility Aftermarket

Bosch offers a wide range of spare parts to the aftermarket and repair shops – from new and exchange parts to repair solutions – as well as repair shop equipment such as diagnostic software and hardware. With service training courses and partner programs for repair shops, Bosch offers automobile competence and knowledge to service technicians all over the world. Thus, repair shops can test and repair more efficiently, more safely, and more quickly.

 **Job Description**

The purpose of this role is to manage and develop product portfolio, and strategy for present and future business growth

Portfolio Management: Formulate product portfolio and execute product life cycle management at business unit to provide /offer a comprehensive range to the market.

Product Road Map: Develop new products and services for domestic and export market to grow market share & improve customer experience.

Profit & Loss: Monitor profitability through cost and price measures for business sustenance.

Sourcing Activities: Liaison with go to source cross functional team for source assessments, cost management and material procurement management to meet market requirements.

Project Management: Drive growth projects at Automotive Aftermarket division for growth opportunities.

Data and Content Management: Create and manage product data for the product portfolio to facilitate the development of catalogs, packaging, promotional and training content.

 **Qualifications**

Functional Skills:

* Proficient in data analysis, User Research Method Development and Market research.
* Proficient in Idea Development and product sense.
* Competent collaboration, communication and presentation skills.

Education:

* B.E/B.Tech (Preferably in Mechanical Engineering).

Experience

* 3- 5years of experience preferably in product marketing in automotive aftermarket parts.
* 2-3 years of experience in KAM & OEM Sales."
https://www.linkedin.com/jobs/view/4473629271,2026-10-05,,Infoblox,Product Manager,Bengaluru,,link,Hiring Manager,Product Recruiter,85,Fresh,q_wide_01,Senior / All,False,Product Manager opening at Infoblox (Bengaluru). Direct application link: https://www.linkedin.com/jobs/view/4473629271
https://www.linkedin.com/jobs/view/4475540908,2026-10-05,,Pice®,Product Manager,Bengaluru,,link,Hiring Manager,Product Recruiter,85,Fresh,q_wide_01,Senior / All,False,Product Manager opening at Pice® (Bengaluru). Direct application link: https://www.linkedin.com/jobs/view/4475540908
https://www.linkedin.com/jobs/view/4475547709,2026-10-05,,Snapmint,Product Manager - Seller Experience,Bengaluru,,link,Hiring Manager,Product Recruiter,85,Fresh,q_wide_01,Senior / All,False,Product Manager - Seller Experience opening at Snapmint (Bengaluru). Direct application link: https://www.linkedin.com/jobs/view/4475547709
https://www.linkedin.com/jobs/view/4475561061,2026-10-05,,Bright Money,Product Manager - Credit Card,Bengaluru,,link,Hiring Manager,Product Recruiter,85,Fresh,q_wide_01,Senior / All,False,Product Manager - Credit Card opening at Bright Money (Bengaluru). Direct application link: https://www.linkedin.com/jobs/view/4475561061
https://www.linkedin.com/jobs/view/4475559180,2026-10-05,,Bright Money,Product Manager - AI and Agentic,Bengaluru,,link,Hiring Manager,Product Recruiter,85,Fresh,q_wide_01,Senior / All,False,Product Manager - AI and Agentic opening at Bright Money (Bengaluru). Direct application link: https://www.linkedin.com/jobs/view/4475559180
https://www.linkedin.com/jobs/view/4475315365,2026-10-03,,BabyBillion,Product Manager,Bengaluru,,link,Hiring Manager,Product Recruiter,85,Fresh,q_wide_01,Senior / All,False,Product Manager opening at BabyBillion (Bengaluru). Direct application link: https://www.linkedin.com/jobs/view/4475315365
https://www.linkedin.com/jobs/view/4437863821,2026-10-02,,TELUS Digital,Product Manager - Robotics,Bengaluru,,link,Hiring Manager,Product Recruiter,85,Fresh,q_wide_01,Senior / All,False,Product Manager - Robotics opening at TELUS Digital (Bengaluru). Direct application link: https://www.linkedin.com/jobs/view/4437863821
https://www.linkedin.com/jobs/view/4474374409,2026-10-01,,Eightfold AI,AI Product Manager I / II - Talent Forge,Bengaluru,,link,Hiring Manager,Product Recruiter,85,Fresh,q_wide_01,Senior / All,False,AI Product Manager I / II - Talent Forge opening at Eightfold AI (Bengaluru). Direct application link: https://www.linkedin.com/jobs/view/4474374409
https://www.linkedin.com/jobs/view/4472155111,2026-09-30,,Reva.AI,Associate Product Manager,Bengaluru,,link,Hiring Manager,Product Recruiter,85,Fresh,q_wide_01,0-2y,False,Associate Product Manager opening at Reva.AI (Bengaluru). Direct application link: https://www.linkedin.com/jobs/view/4472155111
https://www.linkedin.com/jobs/view/4465047214,2026-09-30,,Amazon,"Product Manager, Amazon Business India",Bengaluru,,link,Hiring Manager,Product Recruiter,85,Fresh,q_wide_01,Senior / All,False,"Product Manager, Amazon Business India opening at Amazon (Bengaluru). Direct application link: https://www.linkedin.com/jobs/view/4465047214"
https://www.linkedin.com/jobs/view/4472785172,2026-09-28,,Amazon,"Product Manager-II, Amazon SEND",Bengaluru,,link,Hiring Manager,Product Recruiter,85,Archived,q_wide_01,Senior / All,False,"Product Manager-II, Amazon SEND opening at Amazon (Bengaluru). Direct application link: https://www.linkedin.com/jobs/view/4472785172"
https://www.naukri.com/job-listings-product-manager-international-business-healthium-medtech-bengaluru-4-to-9-years-280926025221,2026-09-28,,Healthium Medtech,Product Manager - International Business,"Bengaluru, India",,link,Hiring Manager,Product Recruiter,85,Archived,q_wide_01,0-2y,False,"Product Manager - International Business opening at Healthium Medtech (Bengaluru, India). Direct application link: https://www.naukri.com/job-listings-product-manager-international-business-healthium-medtech-bengaluru-4-to-9-years-280926025221"
https://in.indeed.com/viewjob?jk=fda6717842555199,2026-10-01,,Hawkmartech,Associate Product Manager,"HR, IN",,DM,Hiring Manager,Product Recruiter,85,Fresh,q_wide_01,0-2y,False,"**Product Manager – CPaaS**

**Company:** Hawk Martech  
**Location:** Gurugram – DLF Corporate Greens  
**Work Mode:** Full-Time | On-Site  
**Experience:** 3–6 Years  
**Department:** Product & Technology

**About the Role**

Hawk Martech is looking for an experienced **Product Manager – CPaaS** to drive the development and growth of communication and customer-engagement products.

The ideal candidate should have **hands-on product management experience in CPaaS (Communications Platform as a Service)** and a strong understanding of communication channels such as **SMS, WhatsApp, RCS, Voice, Email, and communication APIs**.

We are specifically looking for someone who has worked with **CPaaS, communication platforms, messaging platforms, cloud telephony, conversational communication, or API-based communication products** and understands the technical and commercial aspects of these products.

Key ResponsibilitiesProduct Strategy & Roadmap

* Own the **product vision, strategy, roadmap, and execution** for CPaaS and communication products.
* Identify market opportunities and customer problems across messaging, voice, and communication channels.
* Define product priorities based on customer requirements, market trends, business objectives, and technical feasibility.
* Work closely with leadership to define product growth and expansion strategies.
* Manage the complete product lifecycle from **discovery to development, launch, and optimization**.

CPaaS Product Management

* Drive products and features across **SMS, WhatsApp, RCS, Voice, Email, and other communication channels**.
* Understand communication APIs, messaging workflows, delivery mechanisms, templates, routing, authentication, and third-party integrations.
* Work on **omnichannel communication and customer engagement** use cases.
* Understand and manage integrations with telecom operators, messaging providers, communication platforms, and other third-party APIs.
* Identify opportunities to improve message delivery, reliability, scalability, customer experience, and platform adoption.
* Work with technical teams on APIs, webhooks, SDKs, integrations, dashboards, reporting, and automation workflows.

Product Discovery & Market Research

* Conduct customer interviews and gather requirements from enterprise customers, sales teams, and internal stakeholders.
* Research competitors and market developments across the **CPaaS, messaging, cloud communication, and customer engagement** ecosystem.
* Analyze platforms and solutions offered by companies such as **Tanla Platforms, Route Mobile, Gupshup, Exotel, Tata Communications, Airtel IQ, Netcore, Twilio, Plivo, Sinch, Infobip, Bird, Vonage, and similar communication platforms**.
* Identify gaps in existing solutions and convert them into actionable product opportunities.
* Stay updated with developments in **WhatsApp Business, RCS, SMS, Voice APIs, cloud telephony, conversational AI, and communication technology**.

Product Development

* Create detailed **PRDs, user stories, product specifications, workflows, and acceptance criteria**.
* Work closely with engineering, UI/UX, QA, DevOps, and business teams.
* Translate customer and business requirements into clear technical and functional requirements.
* Prioritize features and manage scope, dependencies, timelines, and releases.
* Participate in product testing, UAT, release planning, and post-launch reviews.
* Ensure products are scalable, reliable, secure, and easy to use.

API & Technical Product Management

* Work closely with engineering teams on **REST APIs, webhooks, SDKs, third-party integrations, and event-driven workflows**.
* Understand API documentation, authentication, request/response structures, error handling, and integration dependencies.
* Work with technical teams to define API requirements and integration experiences.
* Ensure seamless integration between CPaaS products and customer systems such as **CRM, marketing automation, e-commerce, and customer-support platforms**.
* A strong understanding of technical architecture and API-based products is required.

Compliance & Telecom Ecosystem

* Stay updated with relevant communication and messaging regulations, policies, and industry requirements.
* Understand areas such as **DLT, TRAI regulations, sender IDs, templates, consent, messaging policies, and delivery compliance**.
* Track changes in WhatsApp Business policies, RCS ecosystem developments, telecom requirements, and other platform policies.
* Work with technical and business teams to ensure product changes are aligned with applicable requirements.

Analytics & Product Performance

* Define and monitor key product and business metrics.
* Track metrics such as:
* Message Delivery Rate
* Delivery Success Rate
* API Usage
* Message Volume
* Customer Activation
* Customer Retention
* Conversion Rate
* Revenue
* Usage & Adoption
* Cost per Message / Communication
* Use product analytics and customer data to identify opportunities for improvement.
* Work with engineering teams to ensure appropriate product tracking and analytics are implemented.

Pricing & Commercial Strategy

* Work with leadership on **pricing, plans, usage-based pricing, channel pricing, and packaging**.
* Understand the commercial model of CPaaS products, including communication costs, vendor costs, margins, and usage-based billing.
* Identify opportunities for upselling, cross-selling, and increasing product adoption.

Required Skills & Qualifications

* **3–6 years of Product Management experience.**
* **Mandatory: Prior experience working on a CPaaS / Communication Platform / Messaging Platform / Cloud Communication product.**
* Strong understanding of **SMS, WhatsApp, RCS, Voice, Email, and communication APIs**.
* Experience with **B2B SaaS or API-driven products**.
* Strong understanding of **REST APIs, webhooks, third-party integrations, and SDKs**.
* Experience working with engineering and technical teams on API-based products.
* Understanding of **telecom, messaging, cloud telephony, or communication technology**.
* Strong product documentation skills, including **PRDs, user stories, workflows, and acceptance criteria**.
* Good understanding of product analytics and data-driven decision-making.
* Strong customer discovery and requirement-gathering skills.
* Excellent written and verbal communication.
* Strong stakeholder management and cross-functional collaboration skills.

Preferred Experience

Candidates with experience in any of the following areas will be highly relevant:

* CPaaS
* SMS & Messaging Platforms
* WhatsApp Business API
* RCS
* Voice APIs
* Cloud Telephony
* Contact Center / CCaaS
* IVR
* SIP
* Omnichannel Communication
* Communication APIs
* Customer Engagement Platforms
* Conversational AI
* Marketing Automation
* CRM Integrations
* B2B SaaS

Experience with **Voice AI, LLMs, conversational AI, or AI-powered communication products** will be an added advantage.

Ideal Candidate Profile

The ideal candidate is someone who has **already worked on a CPaaS or communication technology product**, rather than someone coming purely from a generic SaaS or consumer-app background.

They should understand both sides of the role:

**Business:** customer requirements, pricing, usage, revenue, adoption, and market opportunities.

**Technology:** APIs, integrations, messaging infrastructure, communication channels, workflows, scalability, and technical dependencies.

The candidate should be capable of taking a communication-product requirement from **customer discovery → product strategy → PRD → engineering execution → launch → analytics → continuous improvement**.

Why Join Hawk Martech?

* Opportunity to work on products at the intersection of **Communication, Technology, Digital Marketing, and AI**.
* High ownership across product strategy and execution.
* Opportunity to work closely with engineering, marketing, business, and leadership teams.
* Exposure to enterprise communication and customer-engagement use cases.
* Fast-paced environment with significant opportunities for learning and growth.

**Work Location:** DLF Corporate Greens, Gurugram  
**Work Mode:** On-Site  
**Employment Type:** Full-Time

Pay: ₹60,000.00 - ₹90,000.00 per year

Benefits:

* Food provided

Work Location: In person"
https://www.linkedin.com/jobs/view/4474252847,2026-10-05,,Scoutit,Associate Product Manager,"Noida, Uttar Pradesh, India",,link,Hiring Manager,Product Recruiter,85,Fresh,q_wide_01,0-2y,False,"Associate Product Manager opening at Scoutit (Noida, Uttar Pradesh, India). Direct application link: https://www.linkedin.com/jobs/view/4474252847"
https://www.linkedin.com/jobs/view/4474244611,2026-10-05,,Women Inspiring Network,Product Manager,New Delhi,,link,Hiring Manager,Product Recruiter,85,Fresh,q_wide_01,Senior / All,False,Product Manager opening at Women Inspiring Network (New Delhi). Direct application link: https://www.linkedin.com/jobs/view/4474244611
https://www.linkedin.com/jobs/view/4473869065,2026-10-03,,AGRIM,Business Analyst-APM,Gurugram,,link,Hiring Manager,Product Recruiter,85,Fresh,q_wide_01,0-2y,False,Business Analyst-APM opening at AGRIM (Gurugram). Direct application link: https://www.linkedin.com/jobs/view/4473869065
https://www.linkedin.com/jobs/view/4427051612,2026-10-02,,D. E. Shaw India Private Limited,Product Manager - Product Management (Analytics & Visualization),Gurugram,,link,Hiring Manager,Product Recruiter,85,Fresh,q_wide_01,Senior / All,False,Product Manager - Product Management (Analytics & Visualization) opening at D. E. Shaw India Private Limited (Gurugram). Direct application link: https://www.linkedin.com/jobs/view/4427051612
https://www.linkedin.com/jobs/view/4462539102,2026-09-30,,Mobility Global,Product Owner,Gurugram,,link,Hiring Manager,Product Recruiter,85,Fresh,q_wide_01,Senior / All,False,Product Owner opening at Mobility Global (Gurugram). Direct application link: https://www.linkedin.com/jobs/view/4462539102
https://www.linkedin.com/jobs/view/4472321514,2026-09-30,,Atlys,Product Manager - Growth,New Delhi,,link,Hiring Manager,Product Recruiter,85,Fresh,q_wide_01,Senior / All,False,Product Manager - Growth opening at Atlys (New Delhi). Direct application link: https://www.linkedin.com/jobs/view/4472321514
https://www.linkedin.com/jobs/view/4473203332,2026-09-29,,Verona Matchmaking,Product Manager,Gurugram,,link,Hiring Manager,Product Recruiter,85,Fresh,q_wide_01,Senior / All,False,Product Manager opening at Verona Matchmaking (Gurugram). Direct application link: https://www.linkedin.com/jobs/view/4473203332
https://www.linkedin.com/jobs/view/4471279108,2026-09-29,,Nutrabay,Product Manager – Supply Chain & Operations,Gurugram,,link,Hiring Manager,Product Recruiter,85,Fresh,q_wide_01,Senior / All,False,Product Manager – Supply Chain & Operations opening at Nutrabay (Gurugram). Direct application link: https://www.linkedin.com/jobs/view/4471279108
https://www.linkedin.com/jobs/view/4471953053,2026-09-29,,Josh Talks,Product Manager,Gurugram,,link,Hiring Manager,Product Recruiter,85,Fresh,q_wide_01,Senior / All,False,Product Manager opening at Josh Talks (Gurugram). Direct application link: https://www.linkedin.com/jobs/view/4471953053
https://www.linkedin.com/jobs/view/4473266225,2026-09-29,,noon,Product Manager 2,Gurugram,,link,Hiring Manager,Product Recruiter,85,Fresh,q_wide_01,Senior / All,False,Product Manager 2 opening at noon (Gurugram). Direct application link: https://www.linkedin.com/jobs/view/4473266225
https://www.linkedin.com/jobs/view/4469336617,2026-09-29,,Atlys,Product Manager - Growth,Delhi,,link,Hiring Manager,Product Recruiter,85,Fresh,q_wide_01,Senior / All,False,Product Manager - Growth opening at Atlys (Delhi). Direct application link: https://www.linkedin.com/jobs/view/4469336617
https://www.linkedin.com/jobs/view/4473211690,2026-09-29,,Bachatt,Product Manager - Saathi(AI App),Gurugram,,link,Hiring Manager,Product Recruiter,85,Fresh,q_wide_01,Senior / All,False,Product Manager - Saathi(AI App) opening at Bachatt (Gurugram). Direct application link: https://www.linkedin.com/jobs/view/4473211690
https://www.linkedin.com/jobs/view/4472725136,2026-09-28,,SMC Group,Product Manager,"Delhi, India",,link,Hiring Manager,Product Recruiter,85,Archived,q_wide_01,Senior / All,False,"Product Manager opening at SMC Group (Delhi, India). Direct application link: https://www.linkedin.com/jobs/view/4472725136"
https://in.indeed.com/viewjob?jk=2aab6f22418a1dfb,2026-09-28,,Procter & Gamble,Product Manager,"MH, IN",,DM,Hiring Manager,Product Recruiter,85,Archived,q_wide_01,Senior / All,False,"Location MUMBAI, India Category Information Technology Job Id R000159669 Job Type Full time Experienced Professionals

  

**Job Location**

MUMBAI GENERAL OFFICE

**Job Description**

P&G was founded over 180 years ago as a simple soap and candle company. Today, we're the world’s largest consumer goods company and home to iconic, trusted brands that make life a little bit easier in small but meaningful ways. We've spanned three centuries thanks to three simple ideas: leadership, innovation and citizenship. The insight, innovation and passion of hardworking teams have helped us grow into a global company that is governed responsibly and ethically, that is open and visible, and that supports good causes and protects the environment. This is a place where you can be proud to work and do something that matters.

**Dedication from Us:** You'll be at the core of breakthrough innovations, be given exciting assignments, lead initiatives, and take ownership and responsibility, in creative workspaces where new insights thrive. All the while, you'll receive outstanding training to help you become a leader in your field. It is not just about what you'll do, but how you'll feel: encouraged, valued, purposeful, challenged, heard, and inspired.

**What we Offer:** Continuous mentorship – you will collaborate with peers and receive both formal training as well as day-to-day mentoring from your manager dynamic and encouraging work environment– employees are at the centre, we value every individual and support initiative, promoting agility and work/life balance.

**Job Description**:

The Digital Product Manager/Owner will set priorities for an internal digital product in data domain to all within an organization. They will translate customer needs into valuable, feasible, and usable user stories, personas, user journeys, and user flows. They will deliver a hands-on MVP for new products/features to confirm value. They will be responsible to understand data/API integrations needed to deliver the product. They will drive the digital product strategy, define the roadmap, and guide the digital product team on ""what"" should be built.

**Key Responsibilities:**

* Translate customer needs into valuable, feasible, and usable user stories.
* Drive the digital product strategy and define the roadmap working with multi-functional team.
* Collaborate with regional/global stakeholders and developers to prioritize the product backlog.
* Create MVP (minimum viable product) to confirm product value.
* Design data pipelines leveraging Azure, Databricks and PBI.
* Make data-driven decisions based on complex, multivariable environments.
* Implement best practices for product operations and data management for the product including data governance, security, and compliance.
* Stay up to date with emerging trends and technologies in product management, data engineering and visualization and AI.
* Test/Experiment with AI agents to drive higher value of the product.  
    
  **About us**  
    
  We produce globally recognized brands, and we grow the best business leaders in the industry. With a portfolio of trusted brands as diverse as ours, it is paramount our leaders are able to lead with courage the vast array of brands, categories and functions. We serve consumers around the world with one of the strongest portfolios of trusted, quality, leadership brands, including Always®, Ariel®, Gillette®, Head & Shoulders®, Herbal Essences®, Oral-B®, Pampers®, Pantene®, Tampax® and more. Our community includes operations in approximately 70 countries
    
  worldwide.  
    
  Visit http://www.pg.com to know more.  
    
  We are an equal opportunity employer and value diversity at our company. We do not discriminate against individuals on the basis of race, color, gender, age, national origin, religion, sexual orientation, gender identity or expression, marital status, citizenship, disability, HIV/AIDS status, or any other legally protected factor.  
    
  ***At P&G, the hiring journey is personalized every step of the way, thereby ensuring equal opportunities for all, with a strong foundation of Ethics & Corporate Responsibility guiding everything we do.***  
    
  ***All the available job opportunities are posted either on our website - pgcareers.com, or on our official social media pages, for the convenience of prospective candidates, and do not require them to pay any kind of fees towards their application.”***

**Job Qualifications**

* Bachelor’s degree in computer science, Software Engineering, Data Science, Statistics, or a related field.
* 1-2 years experience as product manager/product owner.
* 1-2 years of experience in data engineering/software engineering with a proven track.
* Proficiency in SQL, and Python programming skills.
* Proficiency in Data bricks/Microsoft Fabric.
* Excellent analytical and problem-solving skills with a keen attention to detail.
* Strong communication and interpersonal skills. Actively participates in teamwork while demonstrating cultural awareness and a willingness to share insights.
* Defines and leads the work necessary to shape team dynamics, organizational culture, or IT practices.
* Certifications preferred: Microsoft Azure Fundamentals, Python Programming Certification, Microsoft Fabric Data Engineer Associate [DP-700] or Databricks Certified Data Engineer Associate / Professional
* Preferred Experience: Experience building AI products and agents on industry platforms like N8N, Lang Graph /Lang chain etc.

**Job Schedule**

Full time

**Job Number**

R000159669

**Job Segmentation**

Experienced Professionals"
https://www.linkedin.com/jobs/view/4464885029,2026-10-03,,IDFC FIRST Bank,Product Manager-Credit Cards,Mumbai,,link,Hiring Manager,Product Recruiter,85,Fresh,q_wide_01,Senior / All,False,Product Manager-Credit Cards opening at IDFC FIRST Bank (Mumbai). Direct application link: https://www.linkedin.com/jobs/view/4464885029
https://www.linkedin.com/jobs/view/4417633163,2026-10-03,,Kroll,Product Owner,Mumbai Metropolitan Region,,link,Hiring Manager,Product Recruiter,85,Fresh,q_wide_01,Senior / All,False,Product Owner opening at Kroll (Mumbai Metropolitan Region). Direct application link: https://www.linkedin.com/jobs/view/4417633163
https://www.linkedin.com/jobs/view/4454129246,2026-10-02,,SUN PHARMA,Asst Product Manager,Mumbai Metropolitan Region,,link,Hiring Manager,Product Recruiter,85,Fresh,q_wide_01,Senior / All,False,Asst Product Manager opening at SUN PHARMA (Mumbai Metropolitan Region). Direct application link: https://www.linkedin.com/jobs/view/4454129246
https://www.linkedin.com/jobs/view/4456244148,2026-10-02,,TIAA,Associate Product Owner,Mumbai Metropolitan Region,,link,Hiring Manager,Product Recruiter,85,Fresh,q_wide_01,0-2y,False,Associate Product Owner opening at TIAA (Mumbai Metropolitan Region). Direct application link: https://www.linkedin.com/jobs/view/4456244148
https://www.linkedin.com/jobs/view/4463230867,2026-09-29,,IDFC FIRST Bank,Product Manager-Digital Transformation Delivery-Customer Experience,Navi Mumbai,,link,Hiring Manager,Product Recruiter,85,Fresh,q_wide_01,Senior / All,False,Product Manager-Digital Transformation Delivery-Customer Experience opening at IDFC FIRST Bank (Navi Mumbai). Direct application link: https://www.linkedin.com/jobs/view/4463230867
https://www.naukri.com/job-listings-product-manager-agri-msme-lending-axis-bank-mumbai-all-areas-7-to-10-years-150926019409,2026-10-05,,Axis Bank,Product Manager (Agri & MSME Lending),"Mumbai (All Areas)(Prabhadevi), India",,link,Hiring Manager,Product Recruiter,85,Fresh,q_wide_01,Senior / All,False,"Product Manager (Agri & MSME Lending) opening at Axis Bank (Mumbai (All Areas)(Prabhadevi), India). Direct application link: https://www.naukri.com/job-listings-product-manager-agri-msme-lending-axis-bank-mumbai-all-areas-7-to-10-years-150926019409"
https://www.naukri.com/job-listings-product-manager-polymer-additives-chemical-distribution-co-mumbai-purechase-india-ahmedabad-chennai-mumbai-all-areas-10-to-15-years-280726033378,2026-10-01,,Purechase India,Product Manager - Polymer Additives -Chemical Distribution Co.- Mumbai,"Mumbai (All Areas), Ahmedabad, Chennai, India",,link,Hiring Manager,Product Recruiter,85,Fresh,q_wide_01,Senior / All,False,"Product Manager - Polymer Additives -Chemical Distribution Co.- Mumbai opening at Purechase India (Mumbai (All Areas), Ahmedabad, Chennai, India). Direct application link: https://www.naukri.com/job-listings-product-manager-polymer-additives-chemical-distribution-co-mumbai-purechase-india-ahmedabad-chennai-mumbai-all-areas-10-to-15-years-280726033378"
https://www.linkedin.com/posts/aman-kumar-b576613bb_hiring-productmanager-seniorproductmanager-share-7512056942983340032-hBbS/?highlightedUpdateUrn=urn%3Ali%3Aactivity%3A7512056943608266752&highlightedUpdateType=SOCIAL_SHARE&origin=SOCIAL_SHARE&utm_source=share&utm_medium=member_desktop&rcm=ACoAACayOtoBj381OAj0_SfP7e7x6lNjuUhA9m0,52 hours ago,2026-10-03 07:52 UTC,Hiring Team,Product Manager,India / Remote,,DM,LinkedIn Author,Hiring Lead / Recruiter @ Hiring Team,80,Fresh,q_wide_01,senior,False,Verified hiring post by LinkedIn Author (Hiring Team) for Product Manager. Unique URN: urn:li:activity:7512056942983340032. Direct link: https://www.linkedin.com/posts/aman-kumar-b576613bb_hiring-productmanager-seniorproductmanager-share-7512056942983340032-hBbS/?highlightedUpdateUrn=urn%3Ali%3Aactivity%3A7512056943608266752&highlightedUpdateType=SOCIAL_SHARE&origin=SOCIAL_SHARE&utm_source=share&utm_medium=member_desktop&rcm=ACoAACayOtoBj381OAj0_SfP7e7x6lNjuUhA9m0
https://www.linkedin.com/posts/sonam-k-24768a394_hiring-for-senior-product-manager-ai-share-7512043367200092160--Qis/?highlightedUpdateUrn=urn%3Ali%3Aactivity%3A7512043368126853120&highlightedUpdateType=SOCIAL_SHARE&origin=SOCIAL_SHARE&utm_source=share&utm_medium=member_desktop&rcm=ACoAACayOtoBj381OAj0_SfP7e7x6lNjuUhA9m0,52 hours ago,2026-10-03 06:58 UTC,Hiring Team,Product Manager,India / Remote,,DM,LinkedIn Author,Hiring Lead / Recruiter @ Hiring Team,80,Fresh,q_wide_01,senior,False,Verified hiring post by LinkedIn Author (Hiring Team) for Product Manager. Unique URN: urn:li:activity:7512043367200092160. Direct link: https://www.linkedin.com/posts/sonam-k-24768a394_hiring-for-senior-product-manager-ai-share-7512043367200092160--Qis/?highlightedUpdateUrn=urn%3Ali%3Aactivity%3A7512043368126853120&highlightedUpdateType=SOCIAL_SHARE&origin=SOCIAL_SHARE&utm_source=share&utm_medium=member_desktop&rcm=ACoAACayOtoBj381OAj0_SfP7e7x6lNjuUhA9m0
https://www.linkedin.com/posts/bhanu-priya-singh-11042a190_hiring-productmanager-seniorproductmanager-share-7511787910484987907-YY57/?highlightedUpdateUrn=urn%3Ali%3Aactivity%3A7511787913223761920&highlightedUpdateType=SOCIAL_SHARE&origin=SOCIAL_SHARE&utm_source=share&utm_medium=member_desktop&rcm=ACoAACayOtoBj381OAj0_SfP7e7x6lNjuUhA9m0,69 hours ago,2026-10-02 14:03 UTC,Hiring Team,Product Manager,India / Remote,,DM,LinkedIn Author,Hiring Lead / Recruiter @ Hiring Team,80,Fresh,q_wide_01,senior,False,Verified hiring post by LinkedIn Author (Hiring Team) for Product Manager. Unique URN: urn:li:activity:7511787910484987907. Direct link: https://www.linkedin.com/posts/bhanu-priya-singh-11042a190_hiring-productmanager-seniorproductmanager-share-7511787910484987907-YY57/?highlightedUpdateUrn=urn%3Ali%3Aactivity%3A7511787913223761920&highlightedUpdateType=SOCIAL_SHARE&origin=SOCIAL_SHARE&utm_source=share&utm_medium=member_desktop&rcm=ACoAACayOtoBj381OAj0_SfP7e7x6lNjuUhA9m0
https://www.linkedin.com/posts/salamutullah-130135246_hiring-seniorproductmanager-productmanager-share-7512032350839545858-QDKm/?highlightedUpdateUrn=urn%3Ali%3Aactivity%3A7512032351514853376&highlightedUpdateType=SOCIAL_SHARE&origin=SOCIAL_SHARE&utm_source=share&utm_medium=member_desktop&rcm=ACoAACayOtoBj381OAj0_SfP7e7x6lNjuUhA9m0,52 hours ago,2026-10-03 06:14 UTC,Hiring Team,Product Manager,India / Remote,,DM,LinkedIn Author,Hiring Lead / Recruiter @ Hiring Team,80,Fresh,q_wide_01,senior,False,Verified hiring post by LinkedIn Author (Hiring Team) for Product Manager. Unique URN: urn:li:activity:7512032350839545858. Direct link: https://www.linkedin.com/posts/salamutullah-130135246_hiring-seniorproductmanager-productmanager-share-7512032350839545858-QDKm/?highlightedUpdateUrn=urn%3Ali%3Aactivity%3A7512032351514853376&highlightedUpdateType=SOCIAL_SHARE&origin=SOCIAL_SHARE&utm_source=share&utm_medium=member_desktop&rcm=ACoAACayOtoBj381OAj0_SfP7e7x6lNjuUhA9m0
https://www.linkedin.com/posts/salamutullah-s-b1bb1135a_hiring-seniorproductmanager-productmanager-share-7512032066234896384-qPBB/?highlightedUpdateUrn=urn%3Ali%3Aactivity%3A7512032067149271040&highlightedUpdateType=SOCIAL_SHARE&origin=SOCIAL_SHARE&utm_source=share&utm_medium=member_desktop&rcm=ACoAACayOtoBj381OAj0_SfP7e7x6lNjuUhA9m0,52 hours ago,2026-10-03 06:13 UTC,Hiring Team,Product Manager,India / Remote,,DM,LinkedIn Author,Hiring Lead / Recruiter @ Hiring Team,80,Fresh,q_wide_01,senior,False,Verified hiring post by LinkedIn Author (Hiring Team) for Product Manager. Unique URN: urn:li:activity:7512032066234896384. Direct link: https://www.linkedin.com/posts/salamutullah-s-b1bb1135a_hiring-seniorproductmanager-productmanager-share-7512032066234896384-qPBB/?highlightedUpdateUrn=urn%3Ali%3Aactivity%3A7512032067149271040&highlightedUpdateType=SOCIAL_SHARE&origin=SOCIAL_SHARE&utm_source=share&utm_medium=member_desktop&rcm=ACoAACayOtoBj381OAj0_SfP7e7x6lNjuUhA9m0
https://www.linkedin.com/posts/monika-singh-12a240331_were-hiring-senior-product-manager-share-7512027257335488512-JPiq/?highlightedUpdateUrn=urn%3Ali%3Aactivity%3A7512027258006503425&highlightedUpdateType=SOCIAL_SHARE&origin=SOCIAL_SHARE&utm_source=share&utm_medium=member_desktop&rcm=ACoAACayOtoBj381OAj0_SfP7e7x6lNjuUhA9m0,55 hours ago,2026-10-03 05:54 UTC,Hiring Team,Product Manager,India / Remote,,DM,LinkedIn Author,Hiring Lead / Recruiter @ Hiring Team,80,Fresh,q_wide_01,senior,False,Verified hiring post by LinkedIn Author (Hiring Team) for Product Manager. Unique URN: urn:li:activity:7512027257335488512. Direct link: https://www.linkedin.com/posts/monika-singh-12a240331_were-hiring-senior-product-manager-share-7512027257335488512-JPiq/?highlightedUpdateUrn=urn%3Ali%3Aactivity%3A7512027258006503425&highlightedUpdateType=SOCIAL_SHARE&origin=SOCIAL_SHARE&utm_source=share&utm_medium=member_desktop&rcm=ACoAACayOtoBj381OAj0_SfP7e7x6lNjuUhA9m0
